Vehicle_ID,Frame_ID,Total_Frames,Global_Time,Local_X,Local_Y,Global_X,Global_Y,v_length,v_Width,v_Class,v_Vel,v_Acc,Lane_ID,O_Zone,D_Zone,Int_ID,Section_ID,Direction,Movement,Preceding,Following,Space_Headway,Time_Headway,Location
85,928,955,1118935772700,18.002,440.26,6452109.012,1873187.454,16.2,6.5,2,38.67,-3.4,2,102,208,2,0,2,1,76,92,44.6,1.15,lankershim
85,929,955,1118935772800,17.6,444.103,6452110.722,1873190.966,16.2,6.5,2,38.31,-5.34,2,102,208,2,0,2,1,76,92,45.07,1.18,lankershim
85,930,955,1118935772900,17.185,447.86,6452112.383,1873194.308,16.2,6.5,2,38.08,4.63,2,102,208,2,0,2,1,76,92,45.76,1.2,lankershim
85,931,955,1118935773000,16.717,451.594,6452113.982,1873197.654,16.2,6.5,2,38.24,8.18,2,102,208,2,0,2,1,76,92,46.64,1.22,lankershim
85,932,955,1118935773100,16.127,455.459,6452115.497,1873201.213,16.2,6.5,2,38.09,-4.32,2,102,208,2,0,2,1,76,92,47.51,1.25,lankershim
85,933,955,1118935773200,15.521,459.226,6452117.104,1873204.862,16.2,6.5,2,37.1,-15.84,2,102,208,2,0,2,1,76,92,48.49,1.31,lankershim
85,934,955,1118935773300,15.164,462.841,6452118.827,1873208.747,16.2,6.5,2,36.21,-13.34,2,102,208,2,0,2,1,76,92,49.59,1.37,lankershim
85,935,955,1118935773400,14.949,466.328,6452120.61,1873212.495,16.2,6.5,2,36.07,-8.33,2,102,208,2,0,2,1,76,92,50.8,1.41,lankershim
85,936,955,1118935773500,14.93,469.951,6452122.449,1873216.054,16.2,6.5,2,36.98,12.7,2,102,208,2,0,2,1,76,92,51.88,1.4,lankershim
85,937,955,1118935773600,15.05,473.712,6452124.186,1873219.399,16.2,6.5,2,38.57,10.66,2,102,208,2,0,2,1,76,92,52.89,1.37,lankershim
85,938,955,1118935773700,15.084,477.645,6452125.872,1873222.875,16.2,6.5,2,39.97,10.26,2,102,208,2,0,2,1,76,92,53.89,1.35,lankershim
85,939,955,1118935773800,15.049,481.724,6452127.594,1873226.538,16.2,6.5,2,41.4,11.32,2,102,208,2,0,2,1,76,92,54.86,1.33,lankershim
85,940,955,1118935773900,14.987,485.92,6452129.37,1873230.324,16.2,6.5,2,42.76,10.77,2,102,208,0,3,2,1,76,92,55.87,1.31,lankershim
85,941,955,1118935774000,14.963,490.294,6452131.281,1873234.447,16.2,6.5,2,43.58,8.14,2,102,208,0,3,2,1,76,92,56.78,1.3,lankershim
85,942,955,1118935774100,15.025,494.707,6452133.237,1873238.33,16.2,6.5,2,43.94,7.25,2,102,208,0,3,2,1,76,92,57.65,1.31,lankershim
85,943,955,1118935774200,15.187,499.095,6452135.278,1873242.172,16.2,6.5,2,44.09,3.59,2,102,208,0,3,2,1,76,92,58.53,1.33,lankershim
85,944,955,1118935774300,15.388,503.497,6452137.394,1873246.064,16.2,6.5,2,44.34,2.36,2,102,208,0,3,2,1,76,92,59.42,1.34,lankershim
85,945,955,1118935774400,15.538,507.952,6452139.481,1873250,16.2,6.5,2,44.69,-5.06,2,102,208,0,3,2,1,76,92,60.24,1.35,lankershim
85,946,955,1118935774500,15.607,512.429,6452141.485,1873254.051,16.2,6.5,2,45.09,-1.61,2,102,208,0,3,2,1,76,92,60.95,1.35,lankershim
85,947,955,1118935774600,15.619,516.953,6452143.408,1873258.066,16.2,6.5,2,45.59,5.53,2,102,208,0,3,2,1,76,92,61.45,1.35,lankershim
85,948,955,1118935774700,15.621,521.542,6452145.425,1873262.206,16.2,6.5,2,46.07,5.03,2,102,208,0,3,2,1,76,92,61.76,1.34,lankershim
85,949,955,1118935774800,15.638,526.187,6452147.482,1873266.43,16.2,6.5,2,46.48,2.91,2,102,208,0,3,2,1,76,92,61.85,1.33,lankershim
85,950,955,1118935774900,15.656,530.85,6452149.514,1873270.601,16.2,6.5,2,46.85,3.25,2,102,208,0,3,2,1,76,92,61.82,1.32,lankershim
85,951,955,1118935775000,15.671,535.522,6452151.556,1873274.792,16.2,6.5,2,47.42,7.83,2,102,208,0,3,2,1,76,92,61.79,1.3,lankershim
85,952,955,1118935775100,15.69,540.28,6452153.612,1873279.054,16.2,6.5,2,48.34,11.2,2,102,208,0,3,2,1,76,92,61.69,1.28,lankershim
85,953,955,1118935775200,15.713,545.171,6452155.774,1873283.447,16.2,6.5,2,49.39,10.67,2,102,208,0,3,2,1,76,92,61.43,1.24,lankershim
85,954,955,1118935775300,15.736,550.181,6452157.989,1873287.994,16.2,6.5,2,50.32,7.83,2,102,208,0,3,2,1,76,92,61.06,1.21,lankershim
85,955,955,1118935775400,15.746,555.271,6452160.194,1873292.547,16.2,6.5,2,51.02,5.33,2,102,208,0,3,2,1,76,92,60.88,1.19,lankershim
85,956,955,1118935775500,15.74,560.411,6452162.418,1873297.174,16.2,6.5,2,51.3,4.09,2,102,208,0,3,2,1,76,92,60.94,1.19,lankershim
85,957,955,1118935775600,15.725,565.589,6452164.658,1873301.859,16.2,6.5,2,51.3,2.24,2,102,208,0,3,2,1,76,92,61.34,1.2,lankershim
85,958,955,1118935775700,15.705,570.791,6452166.9,1873306.555,16.2,6.5,2,51.3,0.42,2,102,208,0,3,2,1,76,92,62.13,1.21,lankershim
85,959,955,1118935775800,15.686,575.99,6452169.139,1873311.24,16.2,6.5,2,51.3,-0.19,2,102,208,0,3,2,1,76,92,63.22,1.23,lankershim
85,960,955,1118935775900,15.668,581.183,6452171.378,1873315.925,16.2,6.5,2,51.3,-0.1,2,102,208,0,3,2,1,76,92,64.5,1.26,lankershim
85,961,955,1118935776000,15.651,586.375,6452173.618,1873320.61,16.2,6.5,2,51.3,0,2,102,208,0,3,2,1,76,92,65.48,1.28,lankershim
85,962,955,1118935776100,15.633,591.568,6452175.857,1873325.295,16.2,6.5,2,51.3,0,2,102,208,0,3,2,1,76,92,66.31,1.29,lankershim
85,963,955,1118935776200,15.618,596.764,6452178.096,1873329.979,16.2,6.5,2,51.3,-0.6,2,102,208,0,3,2,1,76,92,66.79,1.3,lankershim
85,964,955,1118935776300,15.594,601.945,6452180.335,1873334.664,16.2,6.5,2,51.3,-0.1,2,102,208,0,3,2,1,76,92,67.65,1.32,lankershim
85,965,955,1118935776400,15.565,607.104,6452182.575,1873339.349,16.2,6.5,2,51.3,3.73,2,102,208,0,3,2,1,76,92,68.75,1.34,lankershim
85,966,955,1118935776500,15.546,612.309,6452184.752,1873343.979,16.2,6.5,2,51.3,9.65,2,102,208,0,3,2,1,76,92,70.07,1.37,lankershim
85,967,955,1118935776600,15.574,617.602,6452187.109,1873348.754,16.2,6.5,2,51.31,13.3,2,102,208,0,3,2,1,76,92,71.38,1.39,lankershim
85,968,955,1118935776700,15.691,623.04,6452189.562,1873353.659,16.2,6.5,2,51.32,13.13,2,102,208,0,3,2,1,76,92,72.33,1.41,lankershim
85,969,955,1118935776800,15.886,628.631,6452192.138,1873358.456,16.2,6.5,2,51.34,12.04,2,102,208,0,3,2,1,76,92,72.97,1.42,lankershim
85,970,955,1118935776900,16.137,634.393,6452194.863,1873363.545,16.2,6.5,2,51.35,11.21,2,102,208,0,3,2,1,76,92,73.27,1.43,lankershim
85,971,955,1118935777000,16.393,640.335,6452197.664,1873368.819,16.2,6.5,2,51.34,10.69,2,102,208,0,3,2,1,76,92,73.43,1.43,lankershim
85,972,955,1118935777100,16.603,646.446,6452200.56,1873374.212,16.2,6.5,2,51.33,7.5,2,102,208,0,3,2,1,76,92,73.43,1.43,lankershim
85,973,955,1118935777200,16.756,652.716,6452203.465,1873380.01,16.2,6.5,2,51.31,-6.02,2,102,208,0,3,2,1,76,92,73.27,1.43,lankershim
85,974,955,1118935777300,16.838,658.975,6452206.214,1873385.498,16.2,6.5,2,51.3,-5.93,2,102,208,0,3,2,1,76,92,73.12,1.43,lankershim
85,975,955,1118935777400,16.853,665.222,6452208.933,1873391.047,16.2,6.5,2,51.3,-2.16,2,102,208,0,3,2,1,76,92,72.99,1.42,lankershim
85,976,955,1118935777500,16.82,671.539,6452211.641,1873396.788,16.2,6.5,2,51.3,3.9,2,102,208,0,3,2,1,76,92,72.86,1.42,lankershim
85,977,955,1118935777600,16.759,677.915,6452214.357,1873402.626,16.2,6.5,2,51.31,-7.56,2,102,208,0,3,2,1,76,92,72.83,1.42,lankershim
85,978,955,1118935777700,16.676,684.163,6452217.045,1873408.301,16.2,6.5,2,51.31,-10.15,2,102,208,0,3,2,1,76,92,72.58,1.41,lankershim
85,979,955,1118935777800,16.541,690.255,6452219.576,1873413.826,16.2,6.5,2,51.33,-2.35,2,102,208,0,3,2,1,76,92,72.39,1.41,lankershim
85,980,955,1118935777900,16.326,696.243,6452221.932,1873419.233,16.2,6.5,2,51.34,6.16,2,102,208,0,3,2,1,76,92,72.02,1.4,lankershim
85,981,955,1118935778000,16.078,702.329,6452224.325,1873424.826,16.2,6.5,2,51.33,9.88,2,102,208,0,3,2,1,76,92,71.82,1.4,lankershim
85,982,955,1118935778100,15.903,708.583,6452226.882,1873430.578,16.2,6.5,2,51.31,-6.25,2,102,208,0,3,2,1,76,92,71.55,1.39,lankershim
85,983,955,1118935778200,15.852,714.94,6452229.614,1873436.359,16.2,6.5,2,51.3,-7.79,2,102,208,0,3,2,1,76,92,71.48,1.39,lankershim
85,984,955,1118935778300,15.867,721.203,6452232.428,1873441.994,16.2,6.5,2,51.3,-11.2,2,102,208,0,3,2,1,76,92,71.45,1.39,lankershim
85,985,955,1118935778400,15.862,727.293,6452235.05,1873447.494,16.2,6.5,2,51.3,-5.03,2,102,208,0,3,2,1,76,92,71.64,1.4,lankershim
85,986,955,1118935778500,15.816,733.344,6452237.526,1873452.837,16.2,6.5,2,51.3,0.27,2,102,208,0,3,2,1,76,92,72.02,1.4,lankershim
85,987,955,1118935778600,15.763,739.433,6452240.132,1873458.363,16.2,6.5,2,51.3,-8.21,2,102,208,0,3,2,1,76,92,72.47,1.41,lankershim
85,988,955,1118935778700,15.702,745.388,6452242.844,1873464.029,16.2,6.5,2,51.31,-10.24,2,102,208,0,3,2,1,76,92,73.21,1.43,lankershim
85,989,955,1118935778800,15.583,751.23,6452245.179,1873469.124,16.2,6.5,2,51.32,-10.15,2,102,208,0,3,2,1,76,92,74.11,1.44,lankershim
85,990,955,1118935778900,15.336,756.92,6452247.365,1873474.183,16.2,6.5,2,51.31,-13.74,2,102,208,0,3,2,1,76,92,75.1,1.46,lankershim
85,991,955,1118935779000,15.332,762.345,6452249.83,1873479.762,16.2,6.5,2,51.31,13.34,2,102,208,0,3,2,1,76,92,76.49,1.49,lankershim
85,992,955,1118935779100,15.565,768.074,6452252.333,1873485.409,16.2,6.5,2,51.42,15.84,2,102,208,0,3,2,1,76,92,77.72,1.51,lankershim
85,993,955,1118935779200,16.005,774.009,6452255.238,1873491.601,16.2,6.5,2,51.66,15.84,2,102,208,0,3,2,1,76,92,78.87,1.53,lankershim
85,994,955,1118935779300,16.714,780.107,6452258.03,1873497.827,16.2,6.5,2,51.86,12.32,2,102,208,0,3,2,1,76,92,79.77,1.54,lankershim
85,995,955,1118935779400,17.556,786.594,6452260.549,1873503.587,16.2,6.5,2,51.9,-7.28,2,102,208,0,3,2,1,76,92,80.12,1.54,lankershim
85,996,955,1118935779500,18.339,792.916,6452263.178,1873509.403,16.2,6.5,2,51.85,-11.58,2,102,208,0,3,2,1,76,92,80.52,1.55,lankershim
85,997,955,1118935779600,19.094,799.065,6452265.87,1873515.262,16.2,6.5,2,51.8,-12.51,2,102,208,0,3,2,1,76,92,81.17,1.57,lankershim
85,998,955,1118935779700,19.77,805.056,6452268.228,1873520.609,16.2,6.5,2,51.75,-3.95,2,102,208,0,3,2,1,0,92,0,0,lankershim
85,999,955,1118935779800,20.388,811.004,6452270.396,1873525.904,16.2,6.5,2,51.77,12.39,2,102,208,0,3,2,1,0,92,0,0,lankershim
85,1000,955,1118935779900,21.067,817.231,6452272.966,1873531.678,16.2,6.5,2,51.88,15.81,2,102,208,0,3,2,1,0,92,0,0,lankershim
85,1001,955,1118935780000,21.911,823.64,6452275.586,1873537.499,16.2,6.5,2,52.02,13.86,2,102,208,0,3,2,1,0,92,0,0,lankershim
85,1002,955,1118935780100,22.853,830.307,6452278.616,1873543.822,16.2,6.5,2,52.1,1.82,2,102,208,0,3,2,1,0,92,0,0,lankershim
85,1003,955,1118935780200,23.804,836.977,6452281.56,1873550.108,16.2,6.5,2,52.1,-4.61,2,102,208,0,3,2,1,0,92,0,0,lankershim
85,1004,955,1118935780300,24.719,843.575,6452284.231,1873555.888,16.2,6.5,2,52.05,2.59,2,102,208,0,3,2,1,0,92,0,0,lankershim
85,1005,955,1118935780400,25.575,850.247,6452286.989,1873561.738,16.2,6.5,2,51.97,4.86,2,102,208,0,3,2,1,0,92,0,0,lankershim
85,1006,955,1118935780500,26.387,857.028,6452289.846,1873567.611,16.2,6.5,2,51.91,-6.67,2,102,208,0,3,2,1,0,92,0,0,lankershim
85,1007,955,1118935780600,27.152,863.735,6452292.669,1873573.466,16.2,6.5,2,51.86,-11.53,2,102,208,0,3,2,1,0,92,0,0,lankershim
85,1008,955,1118935780700,27.883,870.291,6452295.492,1873579.322,16.2,6.5,2,51.84,-8.19,2,102,208,0,3,2,1,0,92,0,0,lankershim
85,1009,955,1118935780800,28.619,876.695,6452298.315,1873585.177,16.2,6.5,2,51.83,-0.26,2,102,208,0,3,2,1,0,92,0,0,lankershim
85,1010,955,1118935780900,29.372,883.148,6452301.137,1873591.032,16.2,6.5,2,51.82,-1.65,2,102,208,0,3,2,1,0,92,0,0,lankershim
85,1011,955,1118935781000,30.105,889.59,6452303.983,1873596.877,16.2,6.5,2,51.78,-2.87,2,102,208,0,3,2,1,0,92,0,0,lankershim
85,1012,955,1118935781100,30.784,896.047,6452306.768,1873602.716,16.2,6.5,2,51.76,4.42,2,102,208,0,3,2,1,0,92,0,0,lankershim
85,1013,955,1118935781200,31.428,902.552,6452309.457,1873608.66,16.2,6.5,2,51.78,8.11,2,102,208,0,3,2,1,0,92,0,0,lankershim
85,1014,955,1118935781300,32.117,909.135,6452312.282,1873614.68,16.2,6.5,2,51.86,11.79,2,102,208,0,3,2,1,0,92,0,0,lankershim
85,1015,955,1118935781400,32.926,915.801,6452315.227,1873620.69,16.2,6.5,2,51.96,11.19,3,102,208,0,3,2,1,76,84,92.86,1.79,lankershim
85,1016,955,1118935781500,33.845,922.703,6452318.351,1873626.765,16.2,6.5,2,51.99,10.94,3,102,208,0,3,2,1,76,84,94.25,1.81,lankershim
85,1017,955,1118935781600,34.725,930.101,6452321.449,1873632.931,16.2,6.5,2,51.87,0,3,102,208,0,3,2,1,76,84,95.83,1.85,lankershim
85,1018,955,1118935781700,35.417,937.789,6452324.533,1873639.267,16.2,6.5,2,51.69,0,3,102,208,0,3,2,1,76,84,97.1,1.88,lankershim
85,1019,955,1118935781800,35.977,945.845,6452327.553,1873645.494,16.2,6.5,2,51.58,-13.28,3,102,208,0,3,2,1,76,84,97.72,1.89,lankershim
85,1020,955,1118935781900,36.383,953.71,6452330.806,1873651.479,16.2,6.5,2,51.57,-9.09,3,102,208,0,3,2,1,76,84,97.77,1.9,lankershim
85,1021,955,1118935782000,36.917,961.438,6452334.364,1873657.706,16.2,6.5,2,51.67,0,3,102,208,0,3,2,1,76,84,97.68,1.89,lankershim
85,1022,955,1118935782100,37.611,968.726,6452338.174,1873664.114,16.2,6.5,2,51.79,4.62,3,102,208,0,3,2,1,76,84,97.93,1.89,lankershim
85,1023,955,1118935782200,38.475,975.965,6452342.328,1873670.666,16.2,6.5,2,51.74,-15.84,3,102,208,0,3,2,1,76,84,98.14,1.9,lankershim
85,1024,955,1118935782300,38.958,983.005,6452345.954,1873676.45,16.2,6.5,2,51.47,-9.92,3,102,208,0,3,2,1,76,84,98.5,1.91,lankershim
85,1025,955,1118935782400,39.119,990.312,6452349.253,1873682.168,16.2,6.5,2,51.3,15.84,3,102,208,0,3,2,1,76,84,98.03,1.91,lankershim
85,1026,955,1118935782500,38.848,998.226,6452352.172,1873689.303,16.2,6.5,2,51.58,15.84,3,102,208,0,3,2,1,76,84,96.5,1.87,lankershim
85,1027,955,1118935782600,38.068,"1,007.17",6452354.858,1873697.119,16.2,6.5,2,52.38,15.84,3,102,208,0,3,2,1,76,84,93.53,1.79,lankershim
85,1028,955,1118935782700,36.846,"1,016.72",6452357.638,1873705.516,16.2,6.5,2,53.28,15.84,3,102,208,0,3,2,1,76,84,90.18,1.69,lankershim
85,1029,955,1118935782800,35.293,"1,026.49",6452360.893,1873713.958,16.2,6.5,2,53.64,-11.2,3,102,208,0,3,2,1,76,84,86.85,1.62,lankershim
85,1030,955,1118935782900,33.738,"1,035.55",6452363.819,1873721.658,16.2,6.5,2,53.3,-15.84,3,102,208,3,0,2,1,76,84,84.68,1.59,lankershim
85,1031,955,1118935783000,32.437,"1,043.73",6452366.816,1873727.84,16.2,6.5,2,52.61,-15.84,3,102,208,3,0,2,1,76,84,83.89,1.59,lankershim
85,1032,955,1118935783100,31.351,"1,050.80",6452369.919,1873733.466,16.2,6.5,2,52.1,-15.84,3,102,208,3,0,2,1,76,84,83.95,1.61,lankershim
85,1033,955,1118935783200,30.57,"1,057.21",6452372.989,1873739.119,16.2,6.5,2,51.91,-4.12,3,102,208,3,0,2,1,76,84,84.51,1.63,lankershim
85,1034,955,1118935783300,29.811,"1,063.58",6452376.06,1873744.773,16.2,6.5,2,51.89,0.12,3,102,208,3,0,2,1,76,84,85.01,1.64,lankershim
85,1035,955,1118935783400,29.027,"1,069.96",6452379.131,1873750.427,16.2,6.5,2,51.89,-0.32,3,102,208,3,0,2,1,76,84,85.49,1.65,lankershim
85,1036,955,1118935783500,28.254,"1,076.33",6452382.201,1873756.08,16.2,6.5,2,51.9,1.99,3,102,208,3,0,2,1,76,84,85.99,1.66,lankershim
85,1037,955,1118935783600,27.488,"1,082.82",6452385.267,1873761.702,16.2,6.5,2,51.95,-9.39,3,102,208,3,0,2,1,76,84,86.39,1.66,lankershim
85,1038,955,1118935783700,26.571,"1,088.87",6452388.337,1873767.381,16.2,6.5,2,51.92,-12.3,3,102,208,3,0,2,1,76,84,87.23,1.68,lankershim
85,1039,955,1118935783800,25.874,"1,094.51",6452391.433,1873773.246,16.2,6.5,2,51.64,-15.84,3,102,208,3,0,2,1,76,84,88.53,1.71,lankershim
85,1040,955,1118935783900,25.525,"1,099.90",6452394.564,1873779.228,16.2,6.5,2,51.35,-11.46,3,102,208,3,0,2,1,76,84,90.04,1.75,lankershim
85,1041,955,1118935784000,25.481,"1,105.33",6452397.721,1873785.397,16.2,6.5,2,51.34,15.84,3,102,208,3,0,2,1,76,84,91.14,1.78,lankershim
85,1042,955,1118935784100,25.751,"1,111.14",6452400.882,1873791.623,16.2,6.5,2,51.53,15.84,3,102,208,3,0,2,1,76,186,91.66,1.78,lankershim
85,1043,955,1118935784200,26.389,"1,117.42",6452404.039,1873797.817,16.2,6.5,2,51.63,11.2,3,102,208,3,0,2,1,76,186,91.37,1.77,lankershim
85,1044,955,1118935784300,26.967,"1,124.33",6452407.195,1873804.011,16.2,6.5,2,51.63,0.39,3,102,208,0,4,2,1,76,186,90.7,1.76,lankershim
85,1045,955,1118935784400,27.555,"1,131.26",6452410.352,1873810.204,16.2,6.5,2,51.63,0.1,3,102,208,0,4,2,1,76,186,90.13,1.75,lankershim
85,1046,955,1118935784500,28.157,"1,138.20",6452413.508,1873816.398,16.2,6.5,2,51.61,-3.84,3,102,208,0,4,2,1,76,186,89.87,1.74,lankershim
85,1047,955,1118935784600,28.734,"1,145.14",6452416.711,1873822.604,16.2,6.5,2,51.54,-10.43,3,102,208,0,4,2,1,76,186,89.61,1.74,lankershim
85,1048,955,1118935784700,29.201,"1,152.02",6452419.773,1873828.798,16.2,6.5,2,51.45,-15.25,3,102,208,0,4,2,1,76,186,89.48,1.74,lankershim
85,1049,955,1118935784800,29.524,"1,158.77",6452422.624,1873834.933,16.2,6.5,2,51.36,-15.84,3,102,208,0,4,2,1,76,186,89.57,1.74,lankershim
85,1050,955,1118935784900,29.715,"1,165.39",6452425.306,1873840.989,16.2,6.5,2,51.31,-15.26,3,102,208,0,4,2,1,76,186,89.85,1.75,lankershim
85,1051,955,1118935785000,29.761,"1,171.89",6452427.777,1873846.986,16.2,6.5,2,51.3,-10.42,3,102,208,0,4,2,1,76,186,90.29,1.76,lankershim
85,1052,955,1118935785100,29.698,"1,178.33",6452430.107,1873852.971,16.2,6.5,2,51.3,2.85,3,102,208,0,4,2,1,76,186,90.78,1.77,lankershim
85,1053,955,1118935785200,29.612,"1,184.80",6452432.484,1873858.967,16.2,6.5,2,51.31,-4.24,3,102,208,0,4,2,1,76,186,91.24,1.78,lankershim
85,1054,955,1118935785300,29.505,"1,191.18",6452434.861,1873864.964,16.2,6.5,2,51.3,-11.86,3,102,208,0,4,2,1,76,186,91.66,1.79,lankershim
85,1055,955,1118935785400,29.435,"1,197.26",6452437.237,1873870.961,16.2,6.5,2,51.3,0,3,102,208,0,4,2,1,76,186,91.64,1.79,lankershim
85,1056,955,1118935785500,29.555,"1,203.22",6452439.613,1873876.957,16.2,6.5,2,51.33,4.08,3,102,208,0,4,2,1,76,186,91.43,1.78,lankershim
85,1057,955,1118935785600,29.786,"1,208.91",6452441.99,1873882.953,16.2,6.5,2,51.4,15.84,3,102,208,0,4,2,1,76,186,91.21,1.77,lankershim
85,1058,955,1118935785700,30.199,"1,214.91",6452444.366,1873888.95,16.2,6.5,2,51.46,12.2,3,102,208,0,4,2,1,76,186,91.12,1.77,lankershim
85,1059,955,1118935785800,30.7,"1,221.07",6452446.742,1873894.946,16.2,6.5,2,51.47,10.38,3,102,208,0,4,2,1,76,186,91.32,1.77,lankershim
85,1060,955,1118935785900,31.136,"1,227.54",6452449.162,1873900.902,16.2,6.5,2,51.41,-9.8,3,102,208,0,4,2,1,76,186,91.98,1.79,lankershim
85,1061,955,1118935786000,31.378,"1,234.02",6452451.459,1873906.963,16.2,6.5,2,51.33,-6.68,3,102,208,0,4,2,1,76,186,92.94,1.81,lankershim
85,1062,955,1118935786100,31.458,"1,240.61",6452453.549,1873913.225,16.2,6.5,2,51.3,15.38,3,102,208,0,4,2,1,76,186,93.82,1.83,lankershim
85,1063,955,1118935786200,31.351,"1,247.32",6452455.483,1873919.634,16.2,6.5,2,51.34,14.32,3,102,208,0,4,2,1,76,186,94.54,1.84,lankershim
85,1064,955,1118935786300,31.082,"1,254.13",6452457.21,1873926.245,16.2,6.5,2,51.43,12.4,3,102,208,0,4,2,1,76,186,95.17,1.85,lankershim
85,1065,955,1118935786400,30.619,"1,260.99",6452458.814,1873932.959,16.2,6.5,2,51.49,4.55,3,102,208,0,4,2,1,76,186,95.13,1.85,lankershim
85,1066,955,1118935786500,30.123,"1,267.86",6452460.461,1873939.631,16.2,6.5,2,51.51,-0.23,3,102,208,0,4,2,1,76,186,94.43,1.83,lankershim
85,1067,955,1118935786600,29.646,"1,274.72",6452462.107,1873946.303,16.2,6.5,2,51.51,-1.03,3,102,208,0,4,2,1,76,186,93.38,1.81,lankershim
76,928,"1,016",1118935772700,14.759,484.862,6452128.701,1873229.495,13.9,6.8,2,42.22,11.22,2,102,208,0,3,2,1,0,85,0,0,lankershim
76,929,"1,016",1118935772800,14.77,489.169,6452130.561,1873233.366,13.9,6.8,2,43.8,11.26,2,102,208,0,3,2,1,0,85,0,0,lankershim
76,930,"1,016",1118935772900,14.798,493.622,6452132.54,1873237.369,13.9,6.8,2,45.38,11.22,2,102,208,0,3,2,1,0,85,0,0,lankershim
76,931,"1,016",1118935773000,14.834,498.232,6452134.61,1873241.566,13.9,6.8,2,46.51,8.44,2,102,208,0,3,2,1,0,85,0,0,lankershim
76,932,"1,016",1118935773100,14.865,502.967,6452136.697,1873245.844,13.9,6.8,2,47.09,2.46,2,102,208,0,3,2,1,0,85,0,0,lankershim
76,933,"1,016",1118935773200,14.887,507.713,6452138.766,1873250.085,13.9,6.8,2,47.22,-0.64,2,102,208,0,3,2,1,0,85,0,0,lankershim
76,934,"1,016",1118935773300,14.908,512.434,6452140.835,1873254.327,13.9,6.8,2,47.16,-0.81,2,102,208,0,3,2,1,0,85,0,0,lankershim
76,935,"1,016",1118935773400,14.93,517.129,6452142.904,1873258.568,13.9,6.8,2,47.23,1.63,2,102,208,0,3,2,1,0,85,0,0,lankershim
76,936,"1,016",1118935773500,14.947,521.829,6452144.958,1873262.781,13.9,6.8,2,47.67,6.59,2,102,208,0,3,2,1,0,85,0,0,lankershim
76,937,"1,016",1118935773600,14.962,526.604,6452147.026,1873267.032,13.9,6.8,2,48.6,11.21,2,102,208,0,3,2,1,0,85,0,0,lankershim
76,938,"1,016",1118935773700,14.983,531.535,6452149.168,1873271.464,13.9,6.8,2,49.91,11.22,2,102,208,0,3,2,1,0,85,0,0,lankershim
76,939,"1,016",1118935773800,15.013,536.586,6452151.407,1873276.002,13.9,6.8,2,51.22,11.21,2,102,208,0,3,2,1,0,85,0,0,lankershim
76,940,"1,016",1118935773900,15.048,541.794,6452153.72,1873280.72,13.9,6.8,2,51.3,6.59,2,102,208,0,3,2,1,0,85,0,0,lankershim
76,941,"1,016",1118935774000,15.082,547.076,6452156.046,1873285.477,13.9,6.8,2,51.3,1.65,2,102,208,0,3,2,1,0,85,0,0,lankershim
76,942,"1,016",1118935774100,15.11,552.358,6452158.358,1873290.206,13.9,6.8,2,51.3,-0.14,2,102,208,0,3,2,1,0,85,0,0,lankershim
76,943,"1,016",1118935774200,15.138,557.627,6452160.67,1873294.934,13.9,6.8,2,51.3,0.21,2,102,208,0,3,2,1,0,85,0,0,lankershim
76,944,"1,016",1118935774300,15.168,562.912,6452162.981,1873299.663,13.9,6.8,2,51.3,-1.92,2,102,208,0,3,2,1,0,85,0,0,lankershim
76,945,"1,016",1118935774400,15.205,568.194,6452165.312,1873304.422,13.9,6.8,2,51.3,-7.4,2,102,208,0,3,2,1,0,85,0,0,lankershim
76,946,"1,016",1118935774500,15.24,573.379,6452167.625,1873309.132,13.9,6.8,2,51.05,-11.34,2,102,208,0,3,2,1,0,85,0,0,lankershim
76,947,"1,016",1118935774600,15.253,578.406,6452169.84,1873313.657,13.9,6.8,2,49.6,-11.46,2,102,208,0,3,2,1,0,85,0,0,lankershim
76,948,"1,016",1118935774700,15.235,583.3,6452171.929,1873318.07,13.9,6.8,2,48.15,-11.06,2,102,208,0,3,2,1,0,85,0,0,lankershim
76,949,"1,016",1118935774800,15.196,588.035,6452173.921,1873322.299,13.9,6.8,2,47.13,-7.35,2,102,208,0,3,2,1,0,85,0,0,lankershim
76,950,"1,016",1118935774900,15.155,592.674,6452175.895,1873326.478,13.9,6.8,2,46.63,-1.96,2,102,208,0,3,2,1,0,85,0,0,lankershim
76,951,"1,016",1118935775000,15.12,597.308,6452177.887,1873330.688,13.9,6.8,2,46.52,0.41,2,102,208,0,3,2,1,0,85,0,0,lankershim
76,952,"1,016",1118935775100,15.089,601.966,6452179.88,1873334.897,13.9,6.8,2,46.51,0,2,102,208,0,3,2,1,0,85,0,0,lankershim
76,953,"1,016",1118935775200,15.053,606.597,6452181.872,1873339.107,13.9,6.8,2,46.67,2.56,2,102,208,0,3,2,1,0,85,0,0,lankershim
76,954,"1,016",1118935775300,15.006,611.237,6452183.864,1873343.316,13.9,6.8,2,47.62,11.2,2,102,208,0,3,2,1,0,85,0,0,lankershim
76,955,"1,016",1118935775400,14.956,616.152,6452185.792,1873347.48,13.9,6.8,2,49.85,11.08,2,102,208,0,3,2,1,0,85,0,0,lankershim
76,956,"1,016",1118935775500,14.924,621.35,6452187.969,1873352.064,13.9,6.8,2,51.3,10.79,2,102,208,0,3,2,1,0,85,0,0,lankershim
76,957,"1,016",1118935775600,14.918,626.933,6452190.391,1873357.062,13.9,6.8,2,51.3,12.09,2,102,208,0,3,2,1,0,85,0,0,lankershim
76,958,"1,016",1118935775700,14.966,632.919,6452193.05,1873362.495,13.9,6.8,2,51.31,12.38,2,102,208,0,3,2,1,0,85,0,0,lankershim
76,959,"1,016",1118935775800,15.082,639.211,6452195.957,1873368.359,13.9,6.8,2,51.31,6.82,2,102,208,0,3,2,1,0,85,0,0,lankershim
76,960,"1,016",1118935775900,15.246,645.686,6452199.208,1873374.556,13.9,6.8,2,51.31,-11.32,2,102,208,0,3,2,1,0,85,0,0,lankershim
76,961,"1,016",1118935776000,15.393,651.858,6452201.963,1873379.988,13.9,6.8,2,51.31,-12.85,2,102,208,0,3,2,1,0,85,0,0,lankershim
76,962,"1,016",1118935776100,15.454,657.873,6452204.543,1873385.135,13.9,6.8,2,51.3,-13.02,2,102,208,0,3,2,1,0,85,0,0,lankershim
76,963,"1,016",1118935776200,15.432,663.55,6452206.84,1873390.085,13.9,6.8,2,51.3,11.95,2,102,208,0,3,2,1,0,85,0,0,lankershim
76,964,"1,016",1118935776300,15.373,669.599,6452209.38,1873395.416,13.9,6.8,2,51.3,11.51,2,102,208,0,3,2,1,0,85,0,0,lankershim
76,965,"1,016",1118935776400,15.303,675.851,6452211.982,1873401.035,13.9,6.8,2,51.31,11.9,2,102,208,0,3,2,1,0,85,0,0,lankershim
76,966,"1,016",1118935776500,15.193,682.379,6452214.97,1873407.373,13.9,6.8,2,51.32,5.66,2,102,208,0,3,2,1,0,85,0,0,lankershim
76,967,"1,016",1118935776600,15.014,688.978,6452217.694,1873413.467,13.9,6.8,2,51.34,-10.23,2,102,208,0,3,2,1,0,85,0,0,lankershim
76,968,"1,016",1118935776700,14.782,695.373,6452220.215,1873419.301,13.9,6.8,2,51.35,-11.04,2,102,208,0,3,2,1,0,85,0,0,lankershim
76,969,"1,016",1118935776800,14.532,701.599,6452222.621,1873424.835,13.9,6.8,2,51.35,-8.04,2,102,208,0,3,2,1,0,85,0,0,lankershim
76,970,"1,016",1118935776900,14.296,707.668,6452225.069,1873430.442,13.9,6.8,2,51.35,-0.8,2,102,208,0,3,2,1,0,85,0,0,lankershim
76,971,"1,016",1118935777000,14.068,713.763,6452227.517,1873436.049,13.9,6.8,2,51.35,0.62,2,102,208,0,3,2,1,0,85,0,0,lankershim
76,972,"1,016",1118935777100,13.838,719.881,6452229.965,1873441.656,13.9,6.8,2,51.35,-0.13,2,102,208,0,3,2,1,0,85,0,0,lankershim
76,973,"1,016",1118935777200,13.602,725.988,6452232.413,1873447.263,13.9,6.8,2,51.35,0.22,2,102,208,0,3,2,1,0,85,0,0,lankershim
76,974,"1,016",1118935777300,13.365,732.092,6452234.847,1873452.863,13.9,6.8,2,51.35,1.33,2,102,208,0,3,2,1,0,85,0,0,lankershim
76,975,"1,016",1118935777400,13.143,738.216,6452237.295,1873458.47,13.9,6.8,2,51.34,2.81,2,102,208,0,3,2,1,0,85,0,0,lankershim
76,976,"1,016",1118935777500,12.965,744.394,6452239.812,1873464.109,13.9,6.8,2,51.32,3.51,2,102,208,0,3,2,1,0,85,0,0,lankershim
76,977,"1,016",1118935777600,12.834,750.747,6452242.421,1873469.793,13.9,6.8,2,51.31,-12.33,2,102,208,0,3,2,1,0,85,0,0,lankershim
76,978,"1,016",1118935777700,12.725,756.744,6452245.1,1873475.511,13.9,6.8,2,51.3,0,2,102,208,0,3,2,1,0,85,0,0,lankershim
76,979,"1,016",1118935777800,12.854,762.642,6452247.792,1873481.234,13.9,6.8,2,51.34,0,2,102,208,0,3,2,1,0,85,0,0,lankershim
76,980,"1,016",1118935777900,13.188,768.26,6452250.47,1873486.95,13.9,6.8,2,51.49,15.84,2,102,208,0,3,2,1,0,85,0,0,lankershim
76,981,"1,016",1118935778000,13.723,774.145,6452253.148,1873492.666,13.9,6.8,2,51.75,15.84,2,102,208,0,3,2,1,0,85,0,0,lankershim
76,982,"1,016",1118935778100,14.494,780.129,6452255.826,1873498.382,13.9,6.8,2,51.96,12.95,2,102,208,0,3,2,1,0,85,0,0,lankershim
76,983,"1,016",1118935778200,15.4,786.422,6452258.504,1873504.097,13.9,6.8,2,52.03,1.24,2,102,208,0,3,2,1,0,85,0,0,lankershim
76,984,"1,016",1118935778300,16.258,792.652,6452261.16,1873509.79,13.9,6.8,2,52.06,6.13,2,102,208,0,3,2,1,0,85,0,0,lankershim
76,985,"1,016",1118935778400,17.141,798.932,6452263.836,1873515.504,13.9,6.8,2,52.13,12.19,2,102,208,0,3,2,1,0,85,0,0,lankershim
76,986,"1,016",1118935778500,18.089,805.362,6452266.635,1873521.346,13.9,6.8,2,52.25,13.18,2,102,208,0,3,2,1,0,85,0,0,lankershim
76,987,"1,016",1118935778600,19.121,811.903,6452269.56,1873527.311,13.9,6.8,2,52.36,12.22,2,102,208,0,3,2,1,0,85,0,0,lankershim
76,988,"1,016",1118935778700,20.217,818.595,6452272.608,1873533.404,13.9,6.8,2,52.45,6.15,2,102,208,0,3,2,1,0,85,0,0,lankershim
76,989,"1,016",1118935778800,21.338,825.336,6452275.676,1873539.519,13.9,6.8,2,52.49,1.27,2,102,208,0,3,2,1,0,85,0,0,lankershim
76,990,"1,016",1118935778900,22.459,832.02,6452278.723,1873545.611,13.9,6.8,2,52.49,7.47,2,102,208,0,3,2,1,0,85,0,0,lankershim
76,991,"1,016",1118935779000,23.583,838.836,6452281.769,1873551.704,13.9,6.8,2,52.45,10.85,2,102,208,0,3,2,1,0,85,0,0,lankershim
76,992,"1,016",1118935779100,24.683,845.79,6452284.816,1873557.796,13.9,6.8,2,52.35,4.77,2,102,208,0,3,2,1,0,85,0,0,lankershim
76,993,"1,016",1118935779200,25.703,852.881,6452287.862,1873563.889,13.9,6.8,2,52.23,-9.37,2,102,208,0,3,2,1,0,85,0,0,lankershim
76,994,"1,016",1118935779300,26.63,859.877,6452290.9,1873569.98,13.9,6.8,2,52.14,-11.87,2,102,208,0,3,2,1,0,85,0,0,lankershim
76,995,"1,016",1118935779400,27.506,866.713,6452293.947,1873576.073,13.9,6.8,2,52.11,-6.1,2,102,208,0,3,2,1,0,85,0,0,lankershim
76,996,"1,016",1118935779500,28.408,873.436,6452297.037,1873582.169,13.9,6.8,2,52.15,4.26,2,102,208,0,3,2,1,0,85,0,0,lankershim
76,997,"1,016",1118935779600,29.369,880.232,6452300.185,1873588.27,13.9,6.8,2,52.21,3.42,2,102,208,0,3,2,1,0,85,0,0,lankershim
76,998,"1,016",1118935779700,30.367,887.044,6452303.378,1873594.375,13.9,6.8,2,52.26,1.69,3,102,208,0,3,2,1,0,84,0,0,lankershim
76,999,"1,016",1118935779800,31.378,893.862,6452306.579,1873600.48,13.9,6.8,2,52.28,0.32,3,102,208,0,3,2,1,0,84,0,0,lankershim
76,1000,"1,016",1118935779900,32.388,900.68,6452309.771,1873606.585,13.9,6.8,2,52.28,-0.15,3,102,208,0,3,2,1,0,84,0,0,lankershim
76,1001,"1,016",1118935780000,33.392,907.497,6452312.964,1873612.69,13.9,6.8,2,52.28,-0.23,3,102,208,0,3,2,1,0,84,0,0,lankershim
76,1002,"1,016",1118935780100,34.397,914.311,6452316.156,1873618.795,13.9,6.8,2,52.28,-0.36,3,102,208,0,3,2,1,0,84,0,0,lankershim
76,1003,"1,016",1118935780200,35.407,921.112,6452319.348,1873624.9,13.9,6.8,2,52.27,0.94,3,102,208,0,3,2,1,0,84,0,0,lankershim
76,1004,"1,016",1118935780300,36.477,928.012,6452322.542,1873630.98,13.9,6.8,2,52.15,3.82,3,102,208,0,3,2,1,0,84,0,0,lankershim
76,1005,"1,016",1118935780400,37.281,935.52,6452325.734,1873637.084,13.9,6.8,2,51.84,0,3,102,208,0,3,2,1,0,84,0,0,lankershim
76,1006,"1,016",1118935780500,37.869,943.37,6452328.921,1873643.339,13.9,6.8,2,51.52,0,3,102,208,0,3,2,1,0,84,0,0,lankershim
76,1007,"1,016",1118935780600,38.251,951.615,6452332.101,1873649.705,13.9,6.8,2,51.35,-15.84,3,102,208,0,3,2,1,0,84,0,0,lankershim
76,1008,"1,016",1118935780700,38.339,959.654,6452335.275,1873656.222,13.9,6.8,2,51.31,-11.2,3,102,208,0,3,2,1,0,84,0,0,lankershim
76,1009,"1,016",1118935780800,38.377,967.479,6452338.386,1873662.754,13.9,6.8,2,51.33,0,3,102,208,0,3,2,1,0,84,0,0,lankershim
76,1010,"1,016",1118935780900,38.609,974.783,6452341.737,1873669.27,13.9,6.8,2,51.38,0,3,102,208,0,3,2,1,0,84,0,0,lankershim
76,1011,"1,016",1118935781000,38.987,981.7,6452345.305,1873675.732,13.9,6.8,2,51.44,-9.62,3,102,208,0,3,2,1,0,84,0,0,lankershim
76,1012,"1,016",1118935781100,39.474,988.349,6452348.584,1873681.392,13.9,6.8,2,51.44,-12.74,3,102,208,0,3,2,1,0,84,0,0,lankershim
76,1013,"1,016",1118935781200,39.842,994.764,6452351.569,1873686.751,13.9,6.8,2,51.38,-15.84,3,102,208,0,3,2,1,0,84,0,0,lankershim
76,1014,"1,016",1118935781300,40.008,"1,001.14",6452354.327,1873691.916,13.9,6.8,2,51.31,0,3,102,208,0,3,2,1,0,84,0,0,lankershim
76,1015,"1,016",1118935781400,39.901,"1,008.67",6452356.966,1873697.528,13.9,6.8,2,51.35,15.84,3,102,208,0,3,2,1,0,85,0,0,lankershim
76,1016,"1,016",1118935781500,39.429,"1,016.95",6452359.785,1873703.659,13.9,6.8,2,51.71,15.84,3,102,208,0,3,2,1,0,85,0,0,lankershim
76,1017,"1,016",1118935781600,38.59,"1,025.94",6452363.027,1873710.682,13.9,6.8,2,52.39,0,3,102,208,0,3,2,1,0,85,0,0,lankershim
76,1018,"1,016",1118935781700,37.432,"1,034.89",6452366.273,1873717.876,13.9,6.8,2,53.08,0,3,102,208,3,0,2,1,0,85,0,0,lankershim
76,1019,"1,016",1118935781800,35.931,"1,043.56",6452369.516,1873725.095,13.9,6.8,2,53.4,-11.17,3,102,208,3,0,2,1,0,85,0,0,lankershim
76,1020,"1,016",1118935781900,34.388,"1,051.48",6452372.763,1873732.289,13.9,6.8,2,53.33,-9.91,3,102,208,3,0,2,1,0,85,0,0,lankershim
76,1021,"1,016",1118935782000,32.955,"1,059.12",6452376.029,1873739.32,13.9,6.8,2,53.13,-12.16,3,102,208,3,0,2,1,0,85,0,0,lankershim
76,1022,"1,016",1118935782100,31.625,"1,066.65",6452379.323,1873746.246,13.9,6.8,2,52.94,-9.89,3,102,208,3,0,2,1,0,85,0,0,lankershim
76,1023,"1,016",1118935782200,30.374,"1,074.11",6452382.636,1873753.009,13.9,6.8,2,52.81,-5.2,3,102,208,3,0,2,1,0,85,0,0,lankershim
76,1024,"1,016",1118935782300,29.152,"1,081.50",6452385.953,1873759.747,13.9,6.8,2,52.74,-11.31,3,102,208,3,0,2,1,0,85,0,0,lankershim
76,1025,"1,016",1118935782400,27.895,"1,088.35",6452389.267,1873766.511,13.9,6.8,2,52.5,-15.84,3,102,208,3,0,2,1,0,85,0,0,lankershim
76,1026,"1,016",1118935782500,27.01,"1,094.73",6452392.58,1873773.275,13.9,6.8,2,51.92,-15.84,3,102,208,3,0,2,1,0,85,0,0,lankershim
76,1027,"1,016",1118935782600,26.484,"1,100.70",6452395.894,1873780.039,13.9,6.8,2,51.41,-6.57,3,102,208,3,0,2,1,0,85,0,0,lankershim
76,1028,"1,016",1118935782700,26.333,"1,106.90",6452399.207,1873786.803,13.9,6.8,2,51.32,15.84,3,102,208,3,0,2,1,0,85,0,0,lankershim
76,1029,"1,016",1118935782800,26.535,"1,113.33",6452402.536,1873793.6,13.9,6.8,2,51.48,15.84,3,102,208,3,0,2,1,0,85,0,0,lankershim
76,1030,"1,016",1118935782900,27.117,"1,120.23",6452405.85,1873800.329,13.9,6.8,2,51.55,8.56,3,102,208,3,0,2,1,0,85,0,0,lankershim
76,1031,"1,016",1118935783000,27.623,"1,127.62",6452409.083,1873806.868,13.9,6.8,2,51.54,-11.33,3,102,208,0,4,2,1,0,85,0,0,lankershim
76,1032,"1,016",1118935783100,28.106,"1,134.75",6452412.208,1873813.283,13.9,6.8,2,51.53,-11.26,3,102,208,0,4,2,1,0,85,0,0,lankershim
76,1033,"1,016",1118935783200,28.573,"1,141.72",6452415.253,1873819.508,13.9,6.8,2,51.52,-7.88,3,102,208,0,4,2,1,0,85,0,0,lankershim
76,1034,"1,016",1118935783300,29.045,"1,148.59",6452418.281,1873825.665,13.9,6.8,2,51.52,-2.21,3,102,208,0,4,2,1,0,85,0,0,lankershim
76,1035,"1,016",1118935783400,29.542,"1,155.45",6452421.326,1873831.855,13.9,6.8,2,51.52,-1.11,3,102,208,0,4,2,1,0,85,0,0,lankershim
76,1036,"1,016",1118935783500,30.041,"1,162.32",6452424.396,1873838.031,13.9,6.8,2,51.49,-5.76,3,102,208,0,4,2,1,0,85,0,0,lankershim
76,1037,"1,016",1118935783600,30.485,"1,169.20",6452427.442,1873844.221,13.9,6.8,2,51.42,-10.9,3,102,208,0,4,2,1,0,85,0,0,lankershim
76,1038,"1,016",1118935783700,30.778,"1,176.10",6452430.32,1873850.48,13.9,6.8,2,51.35,-11.04,3,102,208,0,4,2,1,0,85,0,0,lankershim
76,1039,"1,016",1118935783800,30.951,"1,183.03",6452433.096,1873856.831,13.9,6.8,2,51.31,-11.21,3,102,208,0,4,2,1,0,85,0,0,lankershim
76,1040,"1,016",1118935783900,30.974,"1,189.95",6452435.731,1873863.257,13.9,6.8,2,51.3,-13.46,3,102,208,0,4,2,1,0,85,0,0,lankershim
76,1041,"1,016",1118935784000,30.883,"1,196.47",6452438.311,1873869.691,13.9,6.8,2,51.3,-11.44,3,102,208,0,4,2,1,0,85,0,0,lankershim
76,1042,"1,016",1118935784100,30.846,"1,202.80",6452440.738,1873876.083,13.9,6.8,2,51.3,-8.32,3,102,208,0,4,2,1,0,85,0,0,lankershim
76,1043,"1,016",1118935784200,30.908,"1,208.80",6452443.064,1873882.437,13.9,6.8,2,51.31,12.77,3,102,208,0,4,2,1,0,85,0,0,lankershim
76,1044,"1,016",1118935784300,31.062,"1,215.03",6452445.211,1873888.761,13.9,6.8,2,51.31,11.21,3,102,208,0,4,2,1,0,85,0,0,lankershim
76,1045,"1,016",1118935784400,31.228,"1,221.38",6452447.326,1873895.076,13.9,6.8,2,51.31,10.22,3,102,208,0,4,2,1,0,85,0,0,lankershim
76,1046,"1,016",1118935784500,31.337,"1,228.07",6452449.506,1873901.364,13.9,6.8,2,51.3,-9.09,3,102,208,0,4,2,1,0,85,0,0,lankershim
76,1047,"1,016",1118935784600,31.302,"1,234.75",6452451.584,1873907.685,13.9,6.8,2,51.31,12.71,3,102,208,0,4,2,1,0,85,0,0,lankershim
76,1048,"1,016",1118935784700,31.107,"1,241.50",6452453.463,1873914.188,13.9,6.8,2,51.37,13.46,3,102,208,0,4,2,1,0,85,0,0,lankershim
76,1049,"1,016",1118935784800,30.75,"1,248.34",6452455.199,1873920.796,13.9,6.8,2,51.5,12.71,3,102,208,0,4,2,1,0,85,0,0,lankershim
76,1050,"1,016",1118935784900,30.234,"1,255.25",6452456.734,1873927.583,13.9,6.8,2,51.63,10.39,3,102,208,0,4,2,1,0,85,0,0,lankershim
76,1051,"1,016",1118935785000,29.558,"1,262.18",6452458.17,1873934.409,13.9,6.8,2,51.71,3.33,3,102,208,0,4,2,1,0,85,0,0,lankershim
76,1052,"1,016",1118935785100,28.863,"1,269.11",6452459.644,1873941.205,13.9,6.8,2,51.74,-0.47,3,102,208,0,4,2,1,0,85,0,0,lankershim
76,1053,"1,016",1118935785200,28.189,"1,276.04",6452461.118,1873948,13.9,6.8,2,51.73,-0.9,3,102,208,0,4,2,1,0,85,0,0,lankershim
76,1054,"1,016",1118935785300,27.478,"1,282.83",6452462.592,1873954.794,13.9,6.8,2,51.66,-13.83,3,102,208,0,4,2,1,0,85,0,0,lankershim
76,1055,"1,016",1118935785400,26.964,"1,288.90",6452464.066,1873961.587,13.9,6.8,2,51.48,-15.84,3,102,208,0,4,2,1,0,85,0,0,lankershim
76,1056,"1,016",1118935785500,26.727,"1,294.64",6452465.572,1873968.344,13.9,6.8,2,51.31,-15.84,3,102,208,0,4,2,1,0,85,0,0,lankershim
76,1057,"1,016",1118935785600,26.746,"1,300.13",6452467.016,1873975.176,13.9,6.8,2,51.34,15.84,3,102,208,0,4,2,1,0,85,0,0,lankershim
76,1058,"1,016",1118935785700,27.007,"1,306.02",6452468.271,1873982.201,13.9,6.8,2,51.46,14.52,3,102,208,0,4,2,1,0,85,0,0,lankershim
76,1059,"1,016",1118935785800,27.575,"1,312.39",6452469.407,1873989.354,13.9,6.8,2,51.48,8.68,3,102,208,0,4,2,1,0,85,0,0,lankershim
76,1060,"1,016",1118935785900,27.983,"1,319.52",6452470.355,1873996.7,13.9,6.8,2,51.43,-3.02,3,102,208,0,4,2,1,0,85,0,0,lankershim
76,1061,"1,016",1118935786000,28.278,"1,326.96",6452471.24,1874004.122,13.9,6.8,2,51.4,-0.6,3,102,208,0,4,2,1,0,85,0,0,lankershim
76,1062,"1,016",1118935786100,28.561,"1,334.42",6452472.158,1874011.509,13.9,6.8,2,51.39,0.22,3,102,208,0,4,2,1,0,85,0,0,lankershim
76,1063,"1,016",1118935786200,28.861,"1,341.86",6452473.076,1874018.895,13.9,6.8,2,51.39,0.68,3,102,208,0,4,2,1,0,85,0,0,lankershim
76,1064,"1,016",1118935786300,29.182,"1,349.30",6452473.994,1874026.282,13.9,6.8,2,51.39,-11.22,3,102,208,0,4,2,1,0,85,0,0,lankershim
76,1065,"1,016",1118935786400,29.411,"1,356.11",6452474.912,1874033.669,13.9,6.8,2,51.43,-5.63,3,102,208,0,4,2,1,0,85,0,0,lankershim
76,1066,"1,016",1118935786500,29.925,"1,362.29",6452475.874,1874041.08,13.9,6.8,2,51.63,0,3,102,208,0,4,2,1,0,85,0,0,lankershim
76,1067,"1,016",1118935786600,30.704,"1,368.10",6452476.706,1874048.468,13.9,6.8,2,52.09,0,3,102,208,0,4,2,1,0,85,0,0,lankershim
84,928,"1,026",1118935772700,31.881,414.982,6452107.247,1873158.667,14.4,6.5,2,27.77,4.31,3,102,208,2,0,2,1,0,95,0,0,lankershim
84,929,"1,026",1118935772800,31.437,417.768,6452108.36,1873161.265,14.4,6.5,2,28.04,0.87,3,102,208,2,0,2,1,0,95,0,0,lankershim
84,930,"1,026",1118935772900,30.995,420.552,6452109.47,1873163.842,14.4,6.5,2,28.1,-0.36,3,102,208,2,0,2,1,0,95,0,0,lankershim
84,931,"1,026",1118935773000,30.558,423.326,6452110.58,1873166.418,14.4,6.5,2,28.05,-0.41,3,102,208,2,0,2,1,0,95,0,0,lankershim
84,932,"1,026",1118935773100,30.121,426.094,6452111.69,1873168.994,14.4,6.5,2,28,-0.43,3,102,208,2,0,2,1,0,95,0,0,lankershim
84,933,"1,026",1118935773200,29.68,428.849,6452112.8,1873171.57,14.4,6.5,2,28.05,0.91,3,102,208,2,0,2,1,0,95,0,0,lankershim
84,934,"1,026",1118935773300,29.237,431.599,6452113.89,1873174.128,14.4,6.5,2,28.36,4.85,3,102,208,2,0,2,1,0,95,0,0,lankershim
84,935,"1,026",1118935773400,28.806,434.393,6452114.999,1873176.704,14.4,6.5,2,29.09,9.91,3,102,208,2,0,2,1,0,95,0,0,lankershim
84,936,"1,026",1118935773500,28.406,437.324,6452116.209,1873179.374,14.4,6.5,2,30.14,10.68,3,102,208,2,0,2,1,0,95,0,0,lankershim
84,937,"1,026",1118935773600,28.048,440.374,6452117.551,1873182.166,14.4,6.5,2,31.21,9.89,3,102,208,2,0,2,1,0,95,0,0,lankershim
84,938,"1,026",1118935773700,27.72,443.56,6452118.993,1873185.052,14.4,6.5,2,31.94,4.85,3,102,208,2,0,2,1,0,95,0,0,lankershim
84,939,"1,026",1118935773800,27.405,446.791,6452120.455,1873187.956,14.4,6.5,2,32.26,0.9,3,102,208,2,0,2,1,0,95,0,0,lankershim
84,940,"1,026",1118935773900,27.087,450.017,6452121.897,1873190.842,14.4,6.5,2,32.3,-0.43,3,102,208,2,0,2,1,0,95,0,0,lankershim
84,941,"1,026",1118935774000,26.765,453.23,6452123.339,1873193.728,14.4,6.5,2,32.26,-0.46,3,102,208,2,0,2,1,0,95,0,0,lankershim
84,942,"1,026",1118935774100,26.434,456.44,6452124.781,1873196.613,14.4,6.5,2,30.65,-11.31,3,102,208,2,0,2,1,0,95,0,0,lankershim
84,943,"1,026",1118935774200,26.108,459.233,6452126.223,1873199.499,14.4,6.5,2,27.09,-12.4,3,102,208,2,0,2,1,0,95,0,0,lankershim
84,944,"1,026",1118935774300,25.841,461.879,6452127.661,1873202.356,14.4,6.5,2,24.85,-14,3,102,208,2,0,2,1,0,95,0,0,lankershim
84,945,"1,026",1118935774400,25.682,464.298,6452129.103,1873205.25,14.4,6.5,2,25.61,8.62,3,102,208,2,0,2,1,0,95,0,0,lankershim
84,946,"1,026",1118935774500,25.612,467.096,6452130.561,1873208.325,14.4,6.5,2,29.29,10.98,3,102,208,2,0,2,1,0,95,0,0,lankershim
84,947,"1,026",1118935774600,25.561,470.174,6452132.04,1873211.503,14.4,6.5,2,34.05,11.34,3,102,208,2,0,2,1,0,95,0,0,lankershim
84,948,"1,026",1118935774700,25.473,473.706,6452133.535,1873214.862,14.4,6.5,2,36.41,6.02,3,102,208,2,0,2,1,0,95,0,0,lankershim
84,949,"1,026",1118935774800,25.353,477.404,6452135.034,1873218.257,14.4,6.5,2,36.81,1.57,3,102,208,2,0,2,1,0,95,0,0,lankershim
84,950,"1,026",1118935774900,25.231,481.104,6452136.529,1873221.625,14.4,6.5,2,36.89,-0.39,3,102,208,2,0,2,1,0,95,0,0,lankershim
84,951,"1,026",1118935775000,25.115,484.79,6452138.024,1873224.992,14.4,6.5,2,36.84,-0.45,3,102,208,0,3,2,1,0,95,0,0,lankershim
84,952,"1,026",1118935775100,24.999,488.469,6452139.519,1873228.359,14.4,6.5,2,36.8,-0.39,3,102,208,0,3,2,1,0,95,0,0,lankershim
84,953,"1,026",1118935775200,24.878,492.136,6452141.014,1873231.726,14.4,6.5,2,36.84,0.85,3,102,208,0,3,2,1,0,95,0,0,lankershim
84,954,"1,026",1118935775300,24.754,495.798,6452142.489,1873235.075,14.4,6.5,2,37.16,4.51,3,102,208,0,3,2,1,0,95,0,0,lankershim
84,955,"1,026",1118935775400,24.647,499.504,6452143.983,1873238.441,14.4,6.5,2,37.9,9.23,3,102,208,0,3,2,1,0,95,0,0,lankershim
84,956,"1,026",1118935775500,24.586,503.341,6452145.581,1873241.904,14.4,6.5,2,38.98,10.01,3,102,208,0,3,2,1,0,95,0,0,lankershim
84,957,"1,026",1118935775600,24.587,507.299,6452147.315,1873245.49,14.4,6.5,2,40.06,10.88,3,102,208,0,3,2,1,0,95,0,0,lankershim
84,958,"1,026",1118935775700,24.635,511.39,6452149.153,1873249.171,14.4,6.5,2,40.81,5.33,3,102,208,0,3,2,1,0,95,0,0,lankershim
84,959,"1,026",1118935775800,24.7,515.524,6452151.011,1873252.871,14.4,6.5,2,41.14,1,3,102,208,0,3,2,1,0,95,0,0,lankershim
84,960,"1,026",1118935775900,24.762,519.654,6452152.848,1873256.552,14.4,6.5,2,41.18,-0.48,3,102,208,0,3,2,1,0,95,0,0,lankershim
84,961,"1,026",1118935776000,24.819,523.77,6452154.686,1873260.233,14.4,6.5,2,41.14,-0.37,3,102,208,0,3,2,1,0,95,0,0,lankershim
84,962,"1,026",1118935776100,24.875,527.881,6452156.523,1873263.914,14.4,6.5,2,41.11,-0.25,3,102,208,0,3,2,1,0,95,0,0,lankershim
84,963,"1,026",1118935776200,24.933,531.986,6452158.36,1873267.595,14.4,6.5,2,41.14,0.53,3,102,208,0,3,2,1,0,95,0,0,lankershim
84,964,"1,026",1118935776300,24.991,536.087,6452160.193,1873271.262,14.4,6.5,2,41.33,2.85,3,102,208,0,3,2,1,0,95,0,0,lankershim
84,965,"1,026",1118935776400,25.045,540.214,6452162.03,1873274.942,14.4,6.5,2,41.76,5.83,3,102,208,0,3,2,1,0,95,0,0,lankershim
84,966,"1,026",1118935776500,25.089,544.41,6452163.89,1873278.697,14.4,6.5,2,42.39,7.11,3,102,208,0,3,2,1,0,95,0,0,lankershim
84,967,"1,026",1118935776600,25.119,548.694,6452165.779,1873282.548,14.4,6.5,2,43,5.52,3,102,208,0,3,2,1,0,95,0,0,lankershim
84,968,"1,026",1118935776700,25.141,553.035,6452167.692,1873286.474,14.4,6.5,2,43.47,3.51,3,102,208,0,3,2,1,0,95,0,0,lankershim
84,969,"1,026",1118935776800,25.159,557.399,6452169.603,1873290.395,14.4,6.5,2,43.9,4.07,3,102,208,0,3,2,1,0,95,0,0,lankershim
84,970,"1,026",1118935776900,25.173,561.791,6452171.515,1873294.32,14.4,6.5,2,44.47,6.99,3,102,208,0,3,2,1,0,95,0,0,lankershim
84,971,"1,026",1118935777000,25.173,566.259,6452173.453,1873298.338,14.4,6.5,2,45.24,9.16,3,102,208,0,3,2,1,0,95,0,0,lankershim
84,972,"1,026",1118935777100,25.154,570.837,6452175.427,1873302.477,14.4,6.5,2,46.02,7.46,3,102,208,0,3,2,1,0,95,0,0,lankershim
84,973,"1,026",1118935777200,25.12,575.501,6452177.427,1873306.71,14.4,6.5,2,46.57,3.64,3,102,208,0,3,2,1,0,95,0,0,lankershim
84,974,"1,026",1118935777300,25.081,580.197,6452179.431,1873310.96,14.4,6.5,2,46.8,0.66,3,102,208,0,3,2,1,0,95,0,0,lankershim
84,975,"1,026",1118935777400,25.042,584.888,6452181.431,1873315.192,14.4,6.5,2,46.84,-0.32,3,102,208,0,3,2,1,0,95,0,0,lankershim
84,976,"1,026",1118935777500,25.006,589.569,6452183.431,1873319.423,14.4,6.5,2,46.81,-0.16,3,102,208,0,3,2,1,0,95,0,0,lankershim
84,977,"1,026",1118935777600,24.97,594.249,6452185.431,1873323.655,14.4,6.5,2,46.8,0,3,102,208,0,3,2,1,0,95,0,0,lankershim
84,978,"1,026",1118935777700,24.933,598.929,6452187.431,1873327.887,14.4,6.5,2,46.8,0,3,102,208,0,3,2,1,0,95,0,0,lankershim
84,979,"1,026",1118935777800,24.896,603.609,6452189.43,1873332.119,14.4,6.5,2,46.8,0,3,102,208,0,3,2,1,0,95,0,0,lankershim
84,980,"1,026",1118935777900,24.86,608.289,6452191.43,1873336.35,14.4,6.5,2,46.8,0,3,102,208,0,3,2,1,0,95,0,0,lankershim
84,981,"1,026",1118935778000,24.824,612.97,6452193.43,1873340.582,14.4,6.5,2,46.8,0,3,102,208,0,3,2,1,0,95,0,0,lankershim
84,982,"1,026",1118935778100,24.787,617.65,6452195.43,1873344.813,14.4,6.5,2,46.8,0,3,102,208,0,3,2,1,0,95,0,0,lankershim
84,983,"1,026",1118935778200,24.751,622.33,6452197.429,1873349.045,14.4,6.5,2,46.8,0,3,102,208,0,3,2,1,0,95,0,0,lankershim
84,984,"1,026",1118935778300,24.717,627.007,6452199.429,1873353.276,14.4,6.5,2,46.82,0.54,3,102,208,0,3,2,1,0,95,0,0,lankershim
84,985,"1,026",1118935778400,24.671,631.701,6452201.429,1873357.508,14.4,6.5,2,46.78,-0.92,3,102,208,0,3,2,1,0,95,0,0,lankershim
84,986,"1,026",1118935778500,24.618,636.373,6452203.428,1873361.739,14.4,6.5,2,46.69,-3.18,3,102,208,0,3,2,1,0,95,0,0,lankershim
84,987,"1,026",1118935778600,24.585,641.016,6452205.41,1873366.03,14.4,6.5,2,46.86,8.11,3,102,208,0,3,2,1,0,95,0,0,lankershim
84,988,"1,026",1118935778700,24.64,645.709,6452207.429,1873370.045,14.4,6.5,2,47.16,11.02,3,102,208,0,3,2,1,0,95,0,0,lankershim
84,989,"1,026",1118935778800,24.843,650.415,6452209.671,1873374.374,14.4,6.5,2,47.69,8.65,3,102,208,0,3,2,1,0,95,0,0,lankershim
84,990,"1,026",1118935778900,25.115,655.226,6452212.112,1873378.576,14.4,6.5,2,49.16,10.55,3,102,208,0,3,2,1,0,95,0,0,lankershim
84,991,"1,026",1118935779000,25.336,660.326,6452214.317,1873382.599,14.4,6.5,2,51.32,5.55,3,102,208,0,3,2,1,0,95,0,0,lankershim
84,992,"1,026",1118935779100,25.426,665.757,6452216.661,1873387.437,14.4,6.5,2,51.3,6.46,3,102,208,0,3,2,1,0,95,0,0,lankershim
84,993,"1,026",1118935779200,25.403,671.61,6452219.227,1873392.744,14.4,6.5,2,51.3,12.48,3,102,208,0,3,2,1,0,95,0,0,lankershim
84,994,"1,026",1118935779300,25.337,677.845,6452221.892,1873398.472,14.4,6.5,2,51.31,11.94,3,102,208,0,3,2,1,0,95,0,0,lankershim
84,995,"1,026",1118935779400,25.232,684.477,6452224.932,1873404.929,14.4,6.5,2,51.31,-6.08,3,102,208,0,3,2,1,0,95,0,0,lankershim
84,996,"1,026",1118935779500,25.094,690.929,6452227.674,1873411.006,14.4,6.5,2,51.32,-11.07,3,102,208,0,3,2,1,0,95,0,0,lankershim
84,997,"1,026",1118935779600,24.936,697.122,6452230.214,1873416.638,14.4,6.5,2,51.32,-11.2,3,102,208,0,3,2,1,0,95,0,0,lankershim
84,998,"1,026",1118935779700,24.779,702.979,6452232.613,1873421.913,14.4,6.5,2,51.32,-11.36,3,102,208,0,3,2,1,76,95,184.06,3.59,lankershim
84,999,"1,026",1118935779800,24.652,708.535,6452234.824,1873426.889,14.4,6.5,2,51.31,-11.45,3,102,208,0,3,2,1,76,95,185.33,3.61,lankershim
84,1000,"1,026",1118935779900,24.551,713.86,6452236.977,1873431.524,14.4,6.5,2,51.31,-9.06,3,102,208,0,3,2,1,76,95,186.82,3.64,lankershim
84,1001,"1,026",1118935780000,24.475,719.002,6452239.163,1873436.228,14.4,6.5,2,51.31,-1.29,3,102,208,0,3,2,1,76,95,188.5,3.67,lankershim
84,1002,"1,026",1118935780100,24.406,724.17,6452241.348,1873440.933,14.4,6.5,2,51.31,0.52,3,102,208,0,3,2,1,76,95,190.14,3.71,lankershim
84,1003,"1,026",1118935780200,24.332,729.36,6452243.534,1873445.637,14.4,6.5,2,51.31,-0.25,3,102,208,0,3,2,1,76,95,191.75,3.74,lankershim
84,1004,"1,026",1118935780300,24.26,734.538,6452245.719,1873450.341,14.4,6.5,2,51.31,0.56,3,102,208,0,3,2,1,76,95,193.47,3.77,lankershim
84,1005,"1,026",1118935780400,24.188,739.712,6452247.902,1873455.031,14.4,6.5,2,51.31,2.93,3,102,208,0,3,2,1,76,95,195.81,3.82,lankershim
84,1006,"1,026",1118935780500,24.11,744.912,6452250.087,1873459.735,14.4,6.5,2,51.31,5.98,3,102,208,0,3,2,1,76,95,198.46,3.87,lankershim
84,1007,"1,026",1118935780600,24.016,750.179,6452252.288,1873464.514,14.4,6.5,2,51.31,7.46,3,102,208,0,3,2,1,76,95,201.44,3.93,lankershim
84,1008,"1,026",1118935780700,23.878,755.584,6452254.511,1873469.394,14.4,6.5,2,51.31,-11.36,3,102,208,0,3,2,1,76,95,204.07,3.98,lankershim
84,1009,"1,026",1118935780800,23.735,760.458,6452256.75,1873474.349,14.4,6.5,2,47.82,-15.84,3,102,208,0,3,2,1,76,95,207.02,4.33,lankershim
84,1010,"1,026",1118935780900,23.832,765.143,6452258.992,1873479.319,14.4,6.5,2,44.82,0,3,102,208,0,3,2,1,76,95,209.64,4.68,lankershim
84,1011,"1,026",1118935781000,24.096,769.538,6452261.23,1873484.274,14.4,6.5,2,44.86,15.84,3,102,208,0,3,2,1,76,95,212.16,4.73,lankershim
84,1012,"1,026",1118935781100,24.53,774.222,6452263.469,1873489.229,14.4,6.5,2,48.04,15.84,3,102,208,0,3,2,1,76,95,214.13,4.46,lankershim
84,1013,"1,026",1118935781200,25.195,779.112,6452265.707,1873494.184,14.4,6.5,2,51.71,11.78,3,102,208,0,3,2,1,76,95,215.65,4.17,lankershim
84,1014,"1,026",1118935781300,25.891,784.487,6452267.946,1873499.139,14.4,6.5,2,51.74,0.39,3,102,208,0,3,2,1,76,95,216.65,4.19,lankershim
84,1015,"1,026",1118935781400,26.561,789.874,6452270.176,1873504.086,14.4,6.5,2,51.75,2.14,3,102,208,0,3,2,1,85,95,125.93,2.43,lankershim
84,1016,"1,026",1118935781500,27.24,795.277,6452272.414,1873509.04,14.4,6.5,2,51.77,4.41,3,102,208,0,3,2,1,85,95,127.43,2.46,lankershim
84,1017,"1,026",1118935781600,27.944,800.725,6452274.694,1873514.034,14.4,6.5,2,51.8,5.5,3,102,208,0,3,2,1,85,95,129.38,2.5,lankershim
84,1018,"1,026",1118935781700,28.68,806.231,6452277.027,1873519.079,14.4,6.5,2,51.84,4.42,3,102,208,0,3,2,1,85,95,131.56,2.54,lankershim
84,1019,"1,026",1118935781800,29.441,811.782,6452279.402,1873524.164,14.4,6.5,2,51.86,2.16,3,102,208,0,3,2,1,85,95,134.06,2.59,lankershim
84,1020,"1,026",1118935781900,30.212,817.349,6452281.785,1873529.257,14.4,6.5,2,51.87,0.4,3,102,208,0,3,2,1,85,95,136.36,2.63,lankershim
84,1021,"1,026",1118935782000,30.981,822.915,6452284.16,1873534.342,14.4,6.5,2,51.87,-0.19,3,102,208,0,3,2,1,85,95,138.52,2.67,lankershim
84,1022,"1,026",1118935782100,31.748,828.475,6452286.534,1873539.426,14.4,6.5,2,51.87,-0.16,3,102,208,0,3,2,1,85,95,140.25,2.7,lankershim
84,1023,"1,026",1118935782200,32.514,834.034,6452288.909,1873544.511,14.4,6.5,2,51.87,-0.28,3,102,208,0,3,2,1,85,95,141.93,2.74,lankershim
84,1024,"1,026",1118935782300,33.291,839.513,6452291.284,1873549.596,14.4,6.5,2,51.86,10.92,3,102,208,0,3,2,1,85,95,143.49,2.77,lankershim
84,1025,"1,026",1118935782400,34.06,845.263,6452293.656,1873554.672,14.4,6.5,2,51.81,10.08,3,102,208,0,3,2,1,85,95,145.05,2.8,lankershim
84,1026,"1,026",1118935782500,34.772,851.132,6452296.028,1873559.741,14.4,6.5,2,51.73,8.71,3,102,208,0,3,2,1,85,95,147.09,2.84,lankershim
84,1027,"1,026",1118935782600,35.401,857.197,6452298.415,1873564.871,14.4,6.5,2,51.65,-6.14,3,102,208,0,3,2,1,85,95,149.97,2.9,lankershim
84,1028,"1,026",1118935782700,35.954,863.344,6452300.833,1873570.147,14.4,6.5,2,51.6,-9.54,3,102,208,0,3,2,1,85,95,153.38,2.97,lankershim
84,1029,"1,026",1118935782800,36.475,869.318,6452303.281,1873575.55,14.4,6.5,2,51.57,-3.24,3,102,208,0,3,2,1,85,95,157.17,3.05,lankershim
84,1030,"1,026",1118935782900,36.993,875.232,6452305.744,1873581.051,14.4,6.5,2,51.56,3.32,3,102,208,0,3,2,1,85,95,160.32,3.11,lankershim
84,1031,"1,026",1118935783000,37.507,881.245,6452308.208,1873586.558,14.4,6.5,2,51.56,0.46,3,102,208,0,3,2,1,85,95,162.49,3.15,lankershim
84,1032,"1,026",1118935783100,38.021,887.251,6452310.669,1873592.049,14.4,6.5,2,51.56,-0.35,3,102,208,0,3,2,1,85,95,163.55,3.17,lankershim
84,1033,"1,026",1118935783200,38.536,893.247,6452313.13,1873597.541,14.4,6.5,2,51.56,-0.14,3,102,208,0,3,2,1,85,95,163.97,3.18,lankershim
84,1034,"1,026",1118935783300,39.052,899.241,6452315.591,1873603.032,14.4,6.5,2,51.56,0,3,102,208,0,3,2,1,85,95,164.34,3.19,lankershim
84,1035,"1,026",1118935783400,39.568,905.237,6452318.051,1873608.524,14.4,6.5,2,51.56,0,3,102,208,0,3,2,1,85,95,164.72,3.19,lankershim
84,1036,"1,026",1118935783500,40.083,911.232,6452320.512,1873614.015,14.4,6.5,2,51.56,0,3,102,208,0,3,2,1,85,95,165.1,3.2,lankershim
84,1037,"1,026",1118935783600,40.599,917.228,6452322.973,1873619.507,14.4,6.5,2,51.56,0,3,102,208,0,3,2,1,85,95,165.59,3.21,lankershim
84,1038,"1,026",1118935783700,41.115,923.223,6452325.434,1873624.998,14.4,6.5,2,51.56,0,3,102,208,0,3,2,1,85,95,165.65,3.21,lankershim
84,1039,"1,026",1118935783800,41.682,929.285,6452327.895,1873630.49,14.4,6.5,2,51.51,8.35,3,102,208,0,3,2,1,85,95,165.22,3.21,lankershim
84,1040,"1,026",1118935783900,42.089,935.96,6452330.356,1873635.981,14.4,6.5,2,51.4,0,3,102,208,0,3,2,1,85,95,163.94,3.19,lankershim
84,1041,"1,026",1118935784000,42.305,942.927,6452332.817,1873641.473,14.4,6.5,2,51.32,0,3,102,208,0,3,2,1,85,95,162.4,3.16,lankershim
84,1042,"1,026",1118935784100,42.376,950.204,6452335.278,1873646.964,14.4,6.5,2,51.3,0,3,102,208,0,3,2,1,186,95,42.94,0.84,lankershim
84,1043,"1,026",1118935784200,42.213,957.175,6452337.739,1873652.456,14.4,6.5,2,51.32,-10.92,3,102,208,0,3,2,1,186,95,42.68,0.83,lankershim
84,1044,"1,026",1118935784300,42.011,963.867,6452340.2,1873657.947,14.4,6.5,2,51.32,-11.54,3,102,208,0,3,2,1,186,95,43.87,0.85,lankershim
84,1045,"1,026",1118935784400,41.849,969.944,6452342.661,1873663.439,14.4,6.5,2,51.31,-7.12,3,102,208,0,3,2,1,186,95,46.69,0.91,lankershim
84,1046,"1,026",1118935784500,41.786,976.02,6452345.086,1873668.866,14.4,6.5,2,51.3,9.43,3,102,208,0,3,2,1,186,95,50.37,0.98,lankershim
84,1047,"1,026",1118935784600,41.866,981.994,6452347.77,1873674.527,14.4,6.5,2,51.32,0,3,102,208,0,3,2,1,186,95,54.24,1.06,lankershim
84,1048,"1,026",1118935784700,42.08,987.821,6452350.651,1873679.521,14.4,6.5,2,51.36,-2.91,3,102,208,0,3,2,1,186,95,58.05,1.13,lankershim
84,1049,"1,026",1118935784800,42.418,993.485,6452353.259,1873684.409,14.4,6.5,2,51.39,11.26,3,102,208,0,3,2,1,186,95,61.35,1.19,lankershim
84,1050,"1,026",1118935784900,42.788,999.86,6452355.957,1873689.375,14.4,6.5,2,51.37,8.47,3,102,208,0,3,2,1,186,95,63.54,1.24,lankershim
84,1051,"1,026",1118935785000,42.961,"1,007.34",6452359.004,1873694.93,14.4,6.5,2,51.31,0,3,102,208,0,3,2,1,186,95,64.44,1.26,lankershim
84,1052,"1,026",1118935785100,42.826,"1,015.61",6452362.173,1873700.986,14.4,6.5,2,51.36,15.84,3,102,208,0,3,2,1,186,95,64.19,1.25,lankershim
84,1053,"1,026",1118935785200,42.37,"1,024.42",6452365.744,1873707.818,14.4,6.5,2,51.72,0,3,102,208,0,3,2,1,186,95,62.79,1.21,lankershim
84,1054,"1,026",1118935785300,41.588,"1,032.87",6452368.928,1873714.333,14.4,6.5,2,52.27,0,3,102,208,3,0,2,1,186,100,61.07,1.17,lankershim
84,1055,"1,026",1118935785400,40.502,"1,040.62",6452371.815,1873720.475,14.4,6.5,2,52.67,-7.02,3,102,208,3,0,2,1,186,100,59.65,1.13,lankershim
84,1056,"1,026",1118935785500,39.212,"1,047.27",6452374.419,1873726.261,14.4,6.5,2,52.8,-11.07,3,102,208,3,0,2,1,186,100,59.22,1.12,lankershim
84,1057,"1,026",1118935785600,37.946,"1,053.33",6452376.694,1873731.666,14.4,6.5,2,52.83,-11.19,3,102,208,3,0,2,1,186,100,59.77,1.13,lankershim
84,1058,"1,026",1118935785700,36.676,"1,059.11",6452379.042,1873737.129,14.4,6.5,2,52.83,-2.15,3,102,208,3,0,2,1,186,100,61.11,1.16,lankershim
84,1059,"1,026",1118935785800,35.413,"1,064.89",6452381.389,1873742.592,14.4,6.5,2,52.83,0.72,3,102,208,3,0,2,1,186,100,63.08,1.19,lankershim
84,1060,"1,026",1118935785900,34.153,"1,070.71",6452383.737,1873748.055,14.4,6.5,2,52.83,0.04,3,102,208,3,0,2,1,186,100,64.97,1.23,lankershim
84,1061,"1,026",1118935786000,32.89,"1,076.51",6452386.084,1873753.518,14.4,6.5,2,52.83,0,3,102,208,3,0,2,1,186,100,66.86,1.27,lankershim
84,1062,"1,026",1118935786100,31.625,"1,082.32",6452388.426,1873758.98,14.4,6.5,2,52.81,-0.44,3,102,208,3,0,2,1,186,100,68.7,1.3,lankershim
84,1063,"1,026",1118935786200,30.339,"1,088.07",6452390.773,1873764.444,14.4,6.5,2,52.72,-12.76,3,102,208,3,0,2,1,186,100,70.36,1.33,lankershim
84,1064,"1,026",1118935786300,29.179,"1,093.10",6452393.151,1873769.909,14.4,6.5,2,49.7,-15.84,3,102,208,3,0,2,1,186,100,72.48,1.46,lankershim
84,1065,"1,026",1118935786400,28.325,"1,097.75",6452395.571,1873775.378,14.4,6.5,2,43.63,-15.84,3,102,208,3,0,2,1,186,100,74.66,1.71,lankershim
84,1066,"1,026",1118935786500,27.775,"1,102.05",6452398.021,1873780.85,14.4,6.5,2,42.65,0,3,102,208,3,0,2,1,186,100,76.81,1.8,lankershim
84,1067,"1,026",1118935786600,27.53,"1,106.69",6452400.478,1873786.321,14.4,6.5,2,47.5,0,3,102,208,3,0,2,1,186,100,78.31,1.65,lankershim
92,928,895,1118935772700,24.741,385.013,6452085.184,1873137.143,14.3,6.7,2,31.67,7.36,2,102,208,2,0,2,1,85,186,55.25,1.74,lankershim
92,929,895,1118935772800,24.34,388.192,6452086.559,1873140.03,14.3,6.7,2,32.5,8.5,2,102,208,2,0,2,1,85,186,55.91,1.72,lankershim
92,930,895,1118935772900,23.985,391.47,6452088.032,1873142.986,14.3,6.7,2,33.35,8.4,2,102,208,2,0,2,1,85,186,56.39,1.69,lankershim
92,931,895,1118935773000,23.628,394.837,6452089.511,1873146.022,14.3,6.7,2,34.09,6.82,2,102,208,2,0,2,1,85,186,56.76,1.66,lankershim
92,932,895,1118935773100,23.256,398.269,6452091.031,1873149.143,14.3,6.7,2,34.71,5.46,2,102,208,2,0,2,1,85,186,57.19,1.65,lankershim
92,933,895,1118935773200,22.886,401.75,6452092.564,1873152.29,14.3,6.7,2,35.29,5.67,2,102,208,2,0,2,1,85,186,57.48,1.63,lankershim
92,934,895,1118935773300,22.503,405.276,6452094.136,1873155.449,14.3,6.7,2,35.91,8.25,2,102,208,2,0,2,1,85,186,57.56,1.6,lankershim
92,935,895,1118935773400,22.057,408.863,6452095.696,1873158.718,14.3,6.7,2,36.66,10.25,2,102,208,2,0,2,1,85,186,57.46,1.57,lankershim
92,936,895,1118935773500,21.517,412.528,6452097.179,1873162.108,14.3,6.7,2,37.51,9.28,2,102,208,2,0,2,1,85,186,57.42,1.53,lankershim
92,937,895,1118935773600,20.924,416.283,6452098.666,1873165.614,14.3,6.7,2,38.37,8.38,2,102,208,2,0,2,1,85,186,57.43,1.5,lankershim
92,938,895,1118935773700,20.362,420.13,6452100.227,1873169.166,14.3,6.7,2,39.11,5.11,2,102,208,2,0,2,1,85,186,57.51,1.47,lankershim
92,939,895,1118935773800,19.881,424.054,6452101.941,1873172.749,14.3,6.7,2,39.72,4.18,2,102,208,2,0,2,1,85,186,57.67,1.45,lankershim
92,940,895,1118935773900,19.465,428.031,6452103.719,1873176.332,14.3,6.7,2,40.31,5.69,2,102,208,2,0,2,1,85,186,57.89,1.44,lankershim
92,941,895,1118935774000,19.043,432.06,6452105.51,1873179.941,14.3,6.7,2,40.95,8.56,2,102,208,2,0,2,1,85,186,58.23,1.42,lankershim
92,942,895,1118935774100,18.542,436.16,6452107.29,1873183.66,14.3,6.7,2,41.6,9.21,2,102,208,2,0,2,1,85,186,58.55,1.41,lankershim
92,943,895,1118935774200,17.946,440.328,6452109.004,1873187.526,14.3,6.7,2,42.14,5.07,2,102,208,2,0,2,1,85,186,58.77,1.39,lankershim
92,944,895,1118935774300,17.303,444.53,6452110.698,1873191.456,14.3,6.7,2,42.5,0.46,2,102,208,2,0,2,1,85,186,58.97,1.39,lankershim
92,945,895,1118935774400,16.704,448.741,6452112.412,1873195.321,14.3,6.7,2,42.84,-3.08,2,102,208,2,0,2,1,85,186,59.21,1.38,lankershim
92,946,895,1118935774500,16.166,453.084,6452114.258,1873199.175,14.3,6.7,2,42.53,-8.7,2,102,208,2,0,2,1,85,186,59.34,1.4,lankershim
92,947,895,1118935774600,15.681,457.273,6452116.188,1873203.071,14.3,6.7,2,41.33,-14.78,2,102,208,2,0,2,1,85,186,59.68,1.44,lankershim
92,948,895,1118935774700,15.317,461.28,6452118.159,1873207.117,14.3,6.7,2,40.92,-11.23,2,102,208,2,0,2,1,85,186,60.26,1.47,lankershim
92,949,895,1118935774800,15.074,465.363,6452120.223,1873211.286,14.3,6.7,2,42.02,5.53,2,102,208,2,0,2,1,85,186,60.82,1.45,lankershim
92,950,895,1118935774900,14.964,469.702,6452122.254,1873215.522,14.3,6.7,2,44.4,10.89,2,102,208,2,0,2,1,85,186,61.15,1.38,lankershim
92,951,895,1118935775000,14.863,474.216,6452124.234,1873219.933,14.3,6.7,2,47.06,11.21,2,102,208,2,0,2,1,85,186,61.31,1.3,lankershim
92,952,895,1118935775100,14.724,479.053,6452126.179,1873224.379,14.3,6.7,2,48.35,-0.8,2,102,208,2,0,2,1,85,186,61.23,1.27,lankershim
92,953,895,1118935775200,14.624,483.884,6452128.14,1873228.752,14.3,6.7,2,48.85,4.38,2,102,208,0,3,2,1,85,186,61.29,1.25,lankershim
92,954,895,1118935775300,14.595,488.775,6452130.269,1873233.12,14.3,6.7,2,49.58,9.61,2,102,208,0,3,2,1,85,186,61.41,1.24,lankershim
92,955,895,1118935775400,14.569,493.789,6452132.46,1873237.651,14.3,6.7,2,50.4,8.92,2,102,208,0,3,2,1,85,186,61.48,1.22,lankershim
92,956,895,1118935775500,14.473,498.902,6452134.587,1873242.329,14.3,6.7,2,50.92,3.91,2,102,208,0,3,2,1,85,186,61.51,1.21,lankershim
92,957,895,1118935775600,14.324,504.025,6452136.665,1873247.047,14.3,6.7,2,51.11,-2.48,2,102,208,0,3,2,1,85,186,61.56,1.2,lankershim
92,958,895,1118935775700,14.21,509.12,6452138.743,1873251.66,14.3,6.7,2,51.28,-5.19,2,102,208,0,3,2,1,85,186,61.67,1.2,lankershim
92,959,895,1118935775800,14.178,514.233,6452140.948,1873256.251,14.3,6.7,2,51.3,5.18,2,102,208,0,3,2,1,85,186,61.76,1.2,lankershim
92,960,895,1118935775900,14.205,519.434,6452143.25,1873260.911,14.3,6.7,2,51.3,7.92,2,102,208,0,3,2,1,85,186,61.75,1.2,lankershim
92,961,895,1118935776000,14.243,524.734,6452145.585,1873265.704,14.3,6.7,2,51.3,4.68,2,102,208,0,3,2,1,85,186,61.64,1.2,lankershim
92,962,895,1118935776100,14.269,530.096,6452147.928,1873270.513,14.3,6.7,2,51.3,-0.61,2,102,208,0,3,2,1,85,186,61.47,1.2,lankershim
92,963,895,1118935776200,14.29,535.447,6452150.271,1873275.322,14.3,6.7,2,51.3,-5.05,2,102,208,0,3,2,1,85,186,61.32,1.2,lankershim
92,964,895,1118935776300,14.31,540.708,6452152.606,1873280.116,14.3,6.7,2,51.3,-3.44,2,102,208,0,3,2,1,85,186,61.24,1.19,lankershim
92,965,895,1118935776400,14.321,545.9,6452154.853,1873284.733,14.3,6.7,2,51.3,5.28,2,102,208,0,3,2,1,85,186,61.2,1.19,lankershim
92,966,895,1118935776500,14.324,551.19,6452157.095,1873289.391,14.3,6.7,2,51.3,11.26,2,102,208,0,3,2,1,85,186,61.12,1.19,lankershim
92,967,895,1118935776600,14.342,556.677,6452159.479,1873294.317,14.3,6.7,2,51.3,11.45,2,102,208,0,3,2,1,85,186,60.92,1.19,lankershim
92,968,895,1118935776700,14.392,562.343,6452161.976,1873299.399,14.3,6.7,2,51.3,11.35,2,102,208,0,3,2,1,85,186,60.7,1.18,lankershim
92,969,895,1118935776800,14.465,568.18,6452164.644,1873304.689,14.3,6.7,2,51.3,11.2,2,102,208,0,3,2,1,85,186,60.45,1.18,lankershim
92,970,895,1118935776900,14.539,574.211,6452167.353,1873310.173,14.3,6.7,2,51.3,4.97,2,102,208,0,3,2,1,85,186,60.18,1.17,lankershim
92,971,895,1118935777000,14.6,580.299,6452170.033,1873315.601,14.3,6.7,2,51.3,-0.46,2,102,208,0,3,2,1,85,186,60.04,1.17,lankershim
92,972,895,1118935777100,14.653,586.364,6452172.713,1873321.029,14.3,6.7,2,51.3,-0.56,2,102,208,0,3,2,1,85,186,60.08,1.17,lankershim
92,973,895,1118935777200,14.71,592.414,6452175.392,1873326.458,14.3,6.7,2,51.3,0,2,102,208,0,3,2,1,85,186,60.3,1.18,lankershim
92,974,895,1118935777300,14.766,598.467,6452178.072,1873331.886,14.3,6.7,2,51.3,0,2,102,208,0,3,2,1,85,186,60.51,1.18,lankershim
92,975,895,1118935777400,14.823,604.52,6452180.752,1873337.314,14.3,6.7,2,51.3,0,2,102,208,0,3,2,1,85,186,60.7,1.18,lankershim
92,976,895,1118935777500,14.879,610.574,6452183.432,1873342.743,14.3,6.7,2,51.3,0,2,102,208,0,3,2,1,85,186,60.97,1.19,lankershim
92,977,895,1118935777600,14.935,616.627,6452186.111,1873348.171,14.3,6.7,2,51.3,0,2,102,208,0,3,2,1,85,186,61.29,1.19,lankershim
92,978,895,1118935777700,14.992,622.681,6452188.791,1873353.599,14.3,6.7,2,51.3,0,2,102,208,0,3,2,1,85,186,61.48,1.2,lankershim
92,979,895,1118935777800,15.048,628.735,6452191.471,1873359.028,14.3,6.7,2,51.3,0,2,102,208,0,3,2,1,85,186,61.52,1.2,lankershim
92,980,895,1118935777900,15.105,634.788,6452194.151,1873364.456,14.3,6.7,2,51.3,0,2,102,208,0,3,2,1,85,186,61.46,1.2,lankershim
92,981,895,1118935778000,15.161,640.841,6452196.83,1873369.884,14.3,6.7,2,51.3,0,2,102,208,0,3,2,1,85,186,61.49,1.2,lankershim
92,982,895,1118935778100,15.216,646.889,6452199.51,1873375.313,14.3,6.7,2,51.3,0.83,2,102,208,0,3,2,1,85,186,61.69,1.2,lankershim
92,983,895,1118935778200,15.275,652.958,6452202.19,1873380.741,14.3,6.7,2,51.3,0.13,2,102,208,0,3,2,1,85,186,61.98,1.21,lankershim
92,984,895,1118935778300,15.341,659.055,6452204.869,1873386.169,14.3,6.7,2,51.3,-5.77,2,102,208,0,3,2,1,85,186,62.15,1.21,lankershim
92,985,895,1118935778400,15.408,665.076,6452207.608,1873391.672,14.3,6.7,2,51.3,-10.56,2,102,208,0,3,2,1,85,186,62.22,1.21,lankershim
92,986,895,1118935778500,15.441,670.954,6452210.191,1873396.958,14.3,6.7,2,51.3,4.98,2,102,208,0,3,2,1,85,186,62.39,1.22,lankershim
92,987,895,1118935778600,15.386,676.743,6452212.623,1873402.038,14.3,6.7,2,51.31,10.71,2,102,208,0,3,2,1,85,186,62.69,1.22,lankershim
92,988,895,1118935778700,15.244,682.695,6452215.034,1873407.467,14.3,6.7,2,51.32,12.58,2,102,208,0,3,2,1,85,186,62.69,1.22,lankershim
92,989,895,1118935778800,15.038,688.828,6452217.475,1873413.051,14.3,6.7,2,51.34,11.61,2,102,208,0,3,2,1,85,186,62.4,1.22,lankershim
92,990,895,1118935778900,14.789,695.119,6452220.081,1873418.844,14.3,6.7,2,51.34,11.15,2,102,208,0,3,2,1,85,186,61.8,1.2,lankershim
92,991,895,1118935779000,14.553,701.604,6452222.687,1873424.959,14.3,6.7,2,51.33,-3.12,2,102,208,0,3,2,1,85,186,60.74,1.18,lankershim
92,992,895,1118935779100,14.392,708.156,6452225.326,1873430.873,14.3,6.7,2,51.31,-8.32,2,102,208,0,3,2,1,85,186,59.92,1.17,lankershim
92,993,895,1118935779200,14.343,714.677,6452228.157,1873436.738,14.3,6.7,2,51.3,-4.53,2,102,208,0,3,2,1,85,186,59.33,1.16,lankershim
92,994,895,1118935779300,14.362,721.178,6452231.016,1873442.593,14.3,6.7,2,51.3,2.82,2,102,208,0,3,2,1,85,186,58.93,1.15,lankershim
92,995,895,1118935779400,14.333,727.675,6452233.822,1873448.47,14.3,6.7,2,51.31,6.68,2,102,208,0,3,2,1,85,186,58.92,1.15,lankershim
92,996,895,1118935779500,14.207,734.174,6452236.513,1873454.361,14.3,6.7,2,51.32,6.56,2,102,208,0,3,2,1,85,186,58.74,1.14,lankershim
92,997,895,1118935779600,14.015,740.728,6452239.161,1873460.332,14.3,6.7,2,51.33,5.73,2,102,208,0,3,2,1,85,186,58.34,1.14,lankershim
92,998,895,1118935779700,13.825,747.36,6452241.866,1873466.413,14.3,6.7,2,51.32,-1.39,2,102,208,0,3,2,1,85,186,57.7,1.12,lankershim
92,999,895,1118935779800,13.637,754.057,6452244.66,1873472.509,14.3,6.7,2,51.31,-15.25,2,102,208,0,3,2,1,85,186,56.95,1.11,lankershim
92,1000,895,1118935779900,13.661,760.393,6452247.468,1873478.516,14.3,6.7,2,51.31,0,2,102,208,0,3,2,1,85,186,56.84,1.11,lankershim
92,1001,895,1118935780000,13.88,766.601,6452250.251,1873484.463,14.3,6.7,2,51.4,0,2,102,208,0,3,2,1,85,186,57.04,1.11,lankershim
92,1002,895,1118935780100,14.281,772.505,6452253.044,1873490.478,14.3,6.7,2,51.57,15.84,2,102,208,0,3,2,1,85,186,57.8,1.12,lankershim
92,1003,895,1118935780200,14.899,778.649,6452255.723,1873496.651,14.3,6.7,2,51.74,13.09,2,102,208,0,3,2,1,85,186,58.33,1.13,lankershim
92,1004,895,1118935780300,15.661,784.889,6452258.337,1873502.707,14.3,6.7,2,51.79,11.19,2,102,208,0,3,2,1,85,186,58.69,1.13,lankershim
92,1005,895,1118935780400,16.375,791.432,6452260.896,1873508.549,14.3,6.7,2,51.79,2.67,2,102,208,0,3,2,1,85,186,58.81,1.14,lankershim
92,1006,895,1118935780500,17.085,797.904,6452263.465,1873514.522,14.3,6.7,2,51.77,9.04,2,102,208,0,3,2,1,85,186,59.12,1.14,lankershim
92,1007,895,1118935780600,17.777,804.522,6452266.119,1873520.623,14.3,6.7,2,51.75,5.02,2,102,208,0,3,2,1,85,186,59.21,1.14,lankershim
92,1008,895,1118935780700,18.447,811.223,6452268.743,1873526.914,14.3,6.7,2,51.74,-4.06,2,102,208,0,3,2,1,85,186,59.07,1.14,lankershim
92,1009,895,1118935780800,19.108,817.861,6452271.321,1873533.067,14.3,6.7,2,51.74,-8.89,2,102,208,0,3,2,1,85,186,58.83,1.14,lankershim
92,1010,895,1118935780900,19.78,824.373,6452273.887,1873539.042,14.3,6.7,2,51.75,-6.51,2,102,208,0,3,2,1,85,186,58.77,1.14,lankershim
92,1011,895,1118935781000,20.472,830.801,6452276.448,1873544.96,14.3,6.7,2,51.76,-1.81,2,102,208,0,3,2,1,85,186,58.79,1.14,lankershim
92,1012,895,1118935781100,21.179,837.175,6452279.013,1873550.91,14.3,6.7,2,51.75,7.25,2,102,208,0,3,2,1,85,186,58.87,1.14,lankershim
92,1013,895,1118935781200,21.877,843.688,6452281.578,1873556.86,14.3,6.7,2,51.71,9.92,2,102,208,0,3,2,1,85,186,58.86,1.14,lankershim
92,1014,895,1118935781300,22.511,850.353,6452284.143,1873562.809,14.3,6.7,2,51.63,-3.42,2,102,208,0,3,2,1,85,186,58.78,1.14,lankershim
92,1015,895,1118935781400,23.048,857.108,6452286.708,1873568.759,14.3,6.7,2,51.58,-6.47,2,102,208,0,3,2,1,0,186,0,0,lankershim
92,1016,895,1118935781500,23.518,863.792,6452289.242,1873574.687,14.3,6.7,2,51.56,-6.59,2,102,208,0,3,2,1,0,186,0,0,lankershim
92,1017,895,1118935781600,24.01,870.337,6452291.827,1873580.635,14.3,6.7,2,51.6,7.93,2,102,208,0,3,2,1,0,186,0,0,lankershim
92,1018,895,1118935781700,24.592,876.964,6452294.579,1873586.702,14.3,6.7,2,51.67,12.94,2,102,208,0,3,2,1,0,186,0,0,lankershim
92,1019,895,1118935781800,25.256,883.766,6452297.45,1873592.911,14.3,6.7,2,51.73,11.79,2,102,208,0,3,2,1,0,186,0,0,lankershim
92,1020,895,1118935781900,25.958,890.701,6452300.41,1873599.252,14.3,6.7,2,51.76,11.22,2,102,208,0,3,2,1,0,186,0,0,lankershim
92,1021,895,1118935782000,26.656,897.801,6452303.431,1873605.768,14.3,6.7,2,51.76,5.87,2,102,208,0,3,2,1,0,186,0,0,lankershim
92,1022,895,1118935782100,27.343,904.959,6452306.417,1873612.294,14.3,6.7,2,51.76,1.28,2,102,208,0,3,2,1,0,186,0,0,lankershim
92,1023,895,1118935782200,28.026,912.105,6452309.407,1873618.83,14.3,6.7,2,51.75,0.86,2,102,208,0,3,2,1,0,186,0,0,lankershim
92,1024,895,1118935782300,28.708,919.238,6452312.424,1873625.323,14.3,6.7,2,51.76,4.17,2,102,208,0,3,2,1,0,186,0,0,lankershim
92,1025,895,1118935782400,29.451,926.514,6452315.409,1873631.847,14.3,6.7,2,51.7,8.13,2,102,208,0,3,2,1,0,186,0,0,lankershim
92,1026,895,1118935782500,30.015,934.274,6452318.445,1873638.497,14.3,6.7,2,51.53,0,2,102,208,0,3,2,1,0,186,0,0,lankershim
92,1027,895,1118935782600,30.364,942.292,6452321.559,1873645.227,14.3,6.7,2,51.36,0,2,102,208,0,3,2,1,0,186,0,0,lankershim
92,1028,895,1118935782700,30.537,950.65,6452324.647,1873652.007,14.3,6.7,2,51.3,-15.84,2,102,208,0,3,2,1,0,186,0,0,lankershim
92,1029,895,1118935782800,30.473,958.774,6452327.7,1873658.698,14.3,6.7,2,51.31,-10.15,2,102,208,0,3,2,1,0,186,0,0,lankershim
92,1030,895,1118935782900,30.292,966.775,6452330.752,1873665.378,14.3,6.7,2,51.31,-11.59,2,102,208,0,3,2,1,0,186,0,0,lankershim
92,1031,895,1118935783000,30.203,974.293,6452333.924,1873672.298,14.3,6.7,2,51.31,11.05,2,102,208,0,3,2,1,0,186,0,0,lankershim
92,1032,895,1118935783100,30.136,982.084,6452337.23,1873679.369,14.3,6.7,2,51.31,11.21,2,102,208,0,3,2,1,0,186,0,0,lankershim
92,1033,895,1118935783200,30.062,990.031,6452340.667,1873686.636,14.3,6.7,2,51.31,10.92,2,102,208,0,3,2,1,0,186,0,0,lankershim
92,1034,895,1118935783300,30.012,998.282,6452344.047,1873694.056,14.3,6.7,2,51.33,15.79,2,102,208,0,3,2,1,0,186,0,0,lankershim
92,1035,895,1118935783400,29.685,"1,007.12",6452347.411,1873701.459,14.3,6.7,2,51.45,15.84,2,102,208,0,3,2,1,0,186,0,0,lankershim
92,1036,895,1118935783500,29.078,"1,016.26",6452350.78,1873708.852,14.3,6.7,2,51.83,15.84,2,102,208,0,3,2,1,0,186,0,0,lankershim
92,1037,895,1118935783600,28.177,"1,025.68",6452354.149,1873716.245,14.3,6.7,2,52.47,0,2,102,208,0,3,2,1,0,186,0,0,lankershim
92,1038,895,1118935783700,27.018,"1,034.74",6452357.497,1873723.674,14.3,6.7,2,53.04,0,2,102,208,3,0,2,1,0,186,0,0,lankershim
92,1039,895,1118935783800,25.493,"1,043.41",6452360.893,1873731.041,14.3,6.7,2,53.18,-12.4,2,102,208,3,0,2,1,0,186,0,0,lankershim
92,1040,895,1118935783900,24.095,"1,051.46",6452364.37,1873738.23,14.3,6.7,2,53.04,-13.35,2,102,208,3,0,2,1,0,186,0,0,lankershim
92,1041,895,1118935784000,22.814,"1,059.18",6452367.85,1873745.297,14.3,6.7,2,52.92,-11.47,2,102,208,3,0,2,1,0,186,0,0,lankershim
92,1042,895,1118935784100,21.55,"1,066.76",6452371.235,1873752.206,14.3,6.7,2,52.89,-11.17,2,102,208,3,0,2,1,0,188,0,0,lankershim
92,1043,895,1118935784200,20.258,"1,074.22",6452374.471,1873758.978,14.3,6.7,2,52.9,-10.38,2,102,208,3,0,2,1,0,188,0,0,lankershim
92,1044,895,1118935784300,18.935,"1,081.48",6452377.634,1873765.691,14.3,6.7,2,52.86,-11.77,2,102,208,3,0,2,1,0,188,0,0,lankershim
92,1045,895,1118935784400,17.681,"1,088.37",6452380.777,1873772.329,14.3,6.7,2,52.53,-15.84,2,102,208,3,0,2,1,0,188,0,0,lankershim
92,1046,895,1118935784500,16.8,"1,095.07",6452384.024,1873779.021,14.3,6.7,2,51.87,-15.84,2,102,208,3,0,2,1,0,188,0,0,lankershim
92,1047,895,1118935784600,16.309,"1,101.52",6452387.295,1873785.784,14.3,6.7,2,51.37,0,2,102,208,3,0,2,1,0,188,0,0,lankershim
92,1048,895,1118935784700,16.209,"1,108.30",6452390.69,1873792.765,14.3,6.7,2,51.33,15.84,2,102,208,3,0,2,1,0,188,0,0,lankershim
92,1049,895,1118935784800,16.46,"1,115.25",6452394.18,1873799.641,14.3,6.7,2,51.49,14.81,2,102,208,3,0,2,1,0,188,0,0,lankershim
92,1050,895,1118935784900,17.086,"1,122.74",6452397.474,1873806.333,14.3,6.7,2,51.52,-13.39,2,102,208,0,4,2,1,0,188,0,0,lankershim
92,1051,895,1118935785000,17.525,"1,130.00",6452400.644,1873812.906,14.3,6.7,2,51.46,-9.46,2,102,208,0,4,2,1,0,188,0,0,lankershim
92,1052,895,1118935785100,17.866,"1,137.15",6452403.599,1873819.224,14.3,6.7,2,51.43,6.3,2,102,208,0,4,2,1,0,188,0,0,lankershim
92,1053,895,1118935785200,18.183,"1,144.42",6452406.587,1873825.87,14.3,6.7,2,51.42,9.94,2,102,208,0,4,2,1,0,188,0,0,lankershim
92,1054,895,1118935785300,18.534,"1,151.85",6452409.803,1873832.741,14.3,6.7,2,51.43,2.82,2,102,208,0,4,2,1,0,188,0,0,lankershim
92,1055,895,1118935785400,18.944,"1,159.30",6452412.993,1873839.428,14.3,6.7,2,51.44,-11.29,2,102,208,0,4,2,1,0,188,0,0,lankershim
92,1056,895,1118935785500,19.345,"1,166.58",6452416.136,1873846.071,14.3,6.7,2,51.41,-12.95,2,102,208,0,4,2,1,0,188,0,0,lankershim
92,1057,895,1118935785600,19.659,"1,173.69",6452419.136,1873852.471,14.3,6.7,2,51.37,-8.49,2,102,208,0,4,2,1,0,188,0,0,lankershim
92,1058,895,1118935785700,19.88,"1,180.79",6452421.916,1873858.871,14.3,6.7,2,51.34,-5.58,2,102,208,0,4,2,1,0,188,0,0,lankershim
92,1059,895,1118935785800,20.02,"1,188.02",6452424.829,1873865.544,14.3,6.7,2,51.33,-10.78,2,102,208,0,4,2,1,0,188,0,0,lankershim
92,1060,895,1118935785900,20.138,"1,194.96",6452427.67,1873872.163,14.3,6.7,2,51.33,-10.63,2,102,208,0,4,2,1,0,188,0,0,lankershim
92,1061,895,1118935786000,20.315,"1,201.81",6452430.447,1873878.694,14.3,6.7,2,51.35,-9.58,2,102,208,0,4,2,1,0,188,0,0,lankershim
92,1062,895,1118935786100,20.573,"1,208.41",6452433.101,1873885.463,14.3,6.7,2,51.36,5.8,2,102,208,0,4,2,1,0,188,0,0,lankershim
92,1063,895,1118935786200,20.88,"1,215.06",6452435.619,1873892.184,14.3,6.7,2,51.36,10.7,2,102,208,0,4,2,1,0,188,0,0,lankershim
92,1064,895,1118935786300,21.147,"1,221.91",6452437.959,1873898.69,14.3,6.7,2,51.34,-7.42,2,102,208,0,4,2,1,0,188,0,0,lankershim
92,1065,895,1118935786400,21.325,"1,228.78",6452440.175,1873905.103,14.3,6.7,2,51.31,-9.68,2,102,208,0,4,2,1,0,188,0,0,lankershim
92,1066,895,1118935786500,21.408,"1,235.54",6452442.291,1873911.452,14.3,6.7,2,51.3,-10.1,2,102,208,0,4,2,1,0,188,0,0,lankershim
92,1067,895,1118935786600,21.357,"1,242.38",6452444.39,1873917.958,14.3,6.7,2,51.31,11.91,2,102,208,0,4,2,1,0,188,0,0,lankershim
100,928,937,1118935772700,39.037,311.463,6452064.451,1873069.432,12.7,6.4,2,9.3,0,3,102,207,0,2,2,1,95,142,53.92,5.8,lankershim
100,929,937,1118935772800,39.105,312.392,6452064.906,1873070.244,12.7,6.4,2,9.3,0,3,102,207,0,2,2,1,95,142,55.24,5.94,lankershim
100,930,937,1118935772900,39.173,313.32,6452065.36,1873071.057,12.7,6.4,2,9.3,0,3,102,207,0,2,2,1,95,142,56.54,6.08,lankershim
100,931,937,1118935773000,39.241,314.252,6452065.814,1873071.869,12.7,6.4,2,9.28,-0.59,3,102,207,0,2,2,1,95,142,57.88,6.24,lankershim
100,932,937,1118935773100,39.314,315.167,6452066.269,1873072.682,12.7,6.4,2,9.27,-0.53,3,102,207,0,2,2,1,95,142,59.32,6.4,lankershim
100,933,937,1118935773200,39.382,316.057,6452066.723,1873073.495,12.7,6.4,2,9.66,6,3,102,207,0,2,2,1,95,142,60.88,6.3,lankershim
100,934,937,1118935773300,39.428,317.044,6452067.152,1873074.242,12.7,6.4,2,10.78,11.09,3,102,207,0,2,2,1,95,142,62.39,5.79,lankershim
100,935,937,1118935773400,39.452,318.237,6452067.605,1873075.242,12.7,6.4,2,12.69,11.19,3,102,207,0,2,2,1,95,142,63.68,5.02,lankershim
100,936,937,1118935773500,39.475,319.638,6452068.223,1873076.488,12.7,6.4,2,15.21,11.21,3,102,207,0,2,2,1,95,142,64.75,4.26,lankershim
100,937,937,1118935773600,39.511,321.279,6452068.945,1873077.974,12.7,6.4,2,17.73,11.19,3,102,207,0,2,2,1,95,142,65.62,3.7,lankershim
100,938,937,1118935773700,39.546,323.128,6452069.831,1873079.705,12.7,6.4,2,19.65,11.08,3,102,207,0,2,2,1,95,142,66.36,3.38,lankershim
100,939,937,1118935773800,39.558,325.183,6452070.741,1873081.69,12.7,6.4,2,20.77,6.03,3,102,207,0,2,2,1,95,142,66.98,3.22,lankershim
100,940,937,1118935773900,39.549,327.335,6452071.626,1873083.609,12.7,6.4,2,21.17,0.7,3,102,207,0,2,2,1,95,142,67.55,3.19,lankershim
100,941,937,1118935774000,39.535,329.463,6452072.511,1873085.529,12.7,6.4,2,21.16,-0.74,3,102,207,0,2,2,1,95,142,68.16,3.22,lankershim
100,942,937,1118935774100,39.525,331.572,6452073.395,1873087.448,12.7,6.4,2,21.11,-0.21,3,102,207,0,2,2,1,95,142,68.83,3.26,lankershim
100,943,937,1118935774200,39.514,333.677,6452074.28,1873089.367,12.7,6.4,2,21.13,0.48,3,102,207,0,2,2,1,95,142,69.58,3.29,lankershim
100,944,937,1118935774300,39.502,335.779,6452075.157,1873091.276,12.7,6.4,2,21.3,2.5,3,102,207,0,2,2,1,95,142,70.43,3.31,lankershim
100,945,937,1118935774400,39.495,337.905,6452076.041,1873093.195,12.7,6.4,2,21.69,5.37,3,102,207,0,2,2,1,95,142,71.29,3.29,lankershim
100,946,937,1118935774500,39.501,340.091,6452076.968,1873095.169,12.7,6.4,2,22.26,6.7,3,102,207,0,2,2,1,95,142,72.11,3.24,lankershim
100,947,937,1118935774600,39.554,342.496,6452077.95,1873097.216,12.7,6.4,2,25.52,10.74,3,102,207,0,2,2,1,95,142,72.68,2.85,lankershim
100,948,937,1118935774700,39.58,345.512,6452078.975,1873099.318,12.7,6.4,2,32.14,15.09,3,102,207,0,2,2,1,95,142,72.63,2.26,lankershim
100,949,937,1118935774800,39.471,348.863,6452080.007,1873101.431,12.7,6.4,2,36.75,15.82,3,102,207,2,0,2,1,95,142,72.23,1.97,lankershim
100,950,937,1118935774900,39.226,352.533,6452081.031,1873103.533,12.7,6.4,2,36.77,-9.54,3,102,207,2,0,2,1,95,142,71.56,1.95,lankershim
100,951,937,1118935775000,38.907,355.892,6452082.054,1873105.634,12.7,6.4,2,32.32,-11.22,3,102,207,2,0,2,1,95,142,71.3,2.21,lankershim
100,952,937,1118935775100,38.621,358.94,6452083.078,1873107.736,12.7,6.4,2,26.06,-11.34,3,102,207,2,0,2,1,95,142,71.43,2.74,lankershim
100,953,937,1118935775200,38.377,361.341,6452084.102,1873109.838,12.7,6.4,2,23.36,0.09,3,102,207,2,0,2,1,95,142,72.26,3.09,lankershim
100,954,937,1118935775300,38.122,363.654,6452085.122,1873111.931,12.7,6.4,2,23.46,1.6,3,102,207,2,0,2,1,95,142,73.18,3.12,lankershim
100,955,937,1118935775400,37.865,365.972,6452086.145,1873114.033,12.7,6.4,2,23.82,5.07,3,102,207,2,0,2,1,95,142,74.14,3.11,lankershim
100,956,937,1118935775500,37.606,368.338,6452087.177,1873116.152,12.7,6.4,2,24.52,9.13,3,102,207,2,0,2,1,95,142,75.13,3.06,lankershim
100,957,937,1118935775600,37.35,370.809,6452088.263,1873118.381,12.7,6.4,2,25.5,11.19,3,102,207,2,0,2,1,95,142,76.09,2.98,lankershim
100,958,937,1118935775700,37.069,373.411,6452089.438,1873120.726,12.7,6.4,2,26.46,10.03,3,102,207,2,0,2,1,95,142,76.94,2.91,lankershim
100,959,937,1118935775800,36.721,376.108,6452090.611,1873123.198,12.7,6.4,2,27.14,7.52,3,102,207,2,0,2,1,95,142,77.8,2.87,lankershim
100,960,937,1118935775900,36.284,378.827,6452091.69,1873125.759,12.7,6.4,2,27.55,3.6,3,102,207,2,0,2,1,95,142,78.38,2.85,lankershim
100,961,937,1118935776000,35.809,381.547,6452092.705,1873128.296,12.7,6.4,2,27.91,3.54,3,102,207,2,0,2,1,95,142,78.73,2.82,lankershim
100,962,937,1118935776100,35.385,384.307,6452093.783,1873130.856,12.7,6.4,2,28.44,6.51,3,102,207,2,0,2,1,95,142,78.81,2.77,lankershim
100,963,937,1118935776200,35.025,387.158,6452095.044,1873133.443,12.7,6.4,2,29.11,7.27,3,102,207,2,0,2,1,95,142,78.95,2.71,lankershim
100,964,937,1118935776300,34.655,390.099,6452096.346,1873136.114,12.7,6.4,2,29.67,6.25,3,102,207,2,0,2,1,95,142,79.23,2.67,lankershim
100,965,937,1118935776400,34.206,393.077,6452097.536,1873138.904,12.7,6.4,2,29.99,3.13,3,102,207,2,0,2,1,95,142,79.75,2.66,lankershim
100,966,937,1118935776500,33.705,396.056,6452098.672,1873141.688,12.7,6.4,2,30.05,-2.89,3,102,207,2,0,2,1,95,142,80.61,2.68,lankershim
100,967,937,1118935776600,33.257,399.025,6452099.849,1873144.451,12.7,6.4,2,30,-4.46,3,102,207,2,0,2,1,95,142,81.48,2.72,lankershim
100,968,937,1118935776700,32.886,401.986,6452101.164,1873147.148,12.7,6.4,2,30.04,1.29,3,102,207,2,0,2,1,95,142,82.41,2.74,lankershim
100,969,937,1118935776800,32.514,404.954,6452102.466,1873149.818,12.7,6.4,2,30.35,6.26,3,102,207,2,0,2,1,95,142,83.39,2.75,lankershim
100,970,937,1118935776900,32.063,407.958,6452103.655,1873152.607,12.7,6.4,2,30.92,7.9,3,102,207,2,0,2,1,95,142,84.39,2.73,lankershim
100,971,937,1118935777000,31.545,411.047,6452104.844,1873155.501,12.7,6.4,2,31.6,6.99,3,102,207,2,0,2,1,95,142,85.3,2.7,lankershim
100,972,937,1118935777100,31.061,414.221,6452106.121,1873158.468,12.7,6.4,2,32.15,-2.55,3,102,207,2,0,2,1,95,142,86.13,2.68,lankershim
100,973,937,1118935777200,30.671,417.446,6452107.529,1873161.424,12.7,6.4,2,32.54,1.52,3,102,207,2,0,2,1,95,142,86.95,2.67,lankershim
100,974,937,1118935777300,30.324,420.699,6452108.995,1873164.298,12.7,6.4,2,32.83,4.06,3,102,207,2,0,2,1,95,142,87.81,2.67,lankershim
100,975,937,1118935777400,29.929,423.971,6452110.416,1873167.28,12.7,6.4,2,33.05,6.67,3,102,207,2,0,2,1,95,142,88.7,2.68,lankershim
100,976,937,1118935777500,29.434,427.259,6452111.746,1873170.357,12.7,6.4,2,33.25,3.41,3,102,207,2,0,2,1,95,142,89.58,2.69,lankershim
100,977,937,1118935777600,28.89,430.549,6452113.021,1873173.429,12.7,6.4,2,33.43,-1.93,3,102,207,2,0,2,1,95,142,90.51,2.71,lankershim
100,978,937,1118935777700,28.391,433.846,6452114.343,1873176.49,12.7,6.4,2,33.72,-2.69,3,102,207,2,0,2,1,95,142,91.52,2.71,lankershim
100,979,937,1118935777800,27.967,437.2,6452115.784,1873179.513,12.7,6.4,2,34.18,4.57,3,102,207,2,0,2,1,95,142,92.52,2.71,lankershim
100,980,937,1118935777900,27.598,440.635,6452117.331,1873182.621,12.7,6.4,2,34.63,4.07,3,102,207,2,0,2,1,95,142,93.39,2.7,lankershim
100,981,937,1118935778000,27.247,444.119,6452118.877,1873185.794,12.7,6.4,2,34.91,2.22,3,102,207,2,0,2,1,95,142,94.09,2.7,lankershim
100,982,937,1118935778100,26.872,447.6,6452120.436,1873188.927,12.7,6.4,2,35.07,5.03,3,102,207,2,0,2,1,95,142,94.65,2.7,lankershim
100,983,937,1118935778200,26.437,451.066,6452121.93,1873192.06,12.7,6.4,2,35.36,7.31,3,102,207,2,0,2,1,95,142,95.07,2.69,lankershim
100,984,937,1118935778300,25.908,454.674,6452123.339,1873195.298,12.7,6.4,2,34.62,-10.89,3,102,207,2,0,2,1,95,142,95.42,2.76,lankershim
100,985,937,1118935778400,25.315,457.898,6452124.747,1873198.642,12.7,6.4,2,32.06,-13.59,3,102,207,2,0,2,1,95,142,96.39,3.01,lankershim
100,986,937,1118935778500,24.877,460.991,6452126.242,1873202.059,12.7,6.4,2,29.88,-15.84,3,102,207,2,0,2,1,95,142,97.73,3.27,lankershim
100,987,937,1118935778600,24.596,463.812,6452127.882,1873205.491,12.7,6.4,2,29.63,0,3,102,207,2,0,2,1,95,142,99.6,3.36,lankershim
100,988,937,1118935778700,24.45,466.926,6452129.528,1873208.801,12.7,6.4,2,31.64,4.49,3,102,207,2,0,2,1,95,142,101.39,3.2,lankershim
100,989,937,1118935778800,24.488,470.193,6452131.127,1873212.084,12.7,6.4,2,34.87,11.46,3,102,207,2,0,2,1,95,142,103.28,2.96,lankershim
100,990,937,1118935778900,24.525,473.789,6452132.726,1873215.366,12.7,6.4,2,36.81,7.22,3,102,207,2,0,2,1,95,142,104.83,2.85,lankershim
100,991,937,1118935779000,24.538,477.506,6452134.332,1873218.663,12.7,6.4,2,37.57,7.75,3,102,207,2,0,2,1,95,142,106.12,2.82,lankershim
100,992,937,1118935779100,24.553,481.303,6452135.997,1873222.082,12.7,6.4,2,38.27,7.27,3,102,207,2,0,2,1,95,142,107.2,2.8,lankershim
100,993,937,1118935779200,24.569,485.196,6452137.708,1873225.595,12.7,6.4,2,38.74,2.66,3,102,207,0,3,2,1,95,142,108.16,2.79,lankershim
100,994,937,1118935779300,24.584,489.114,6452139.435,1873229.139,12.7,6.4,2,38.81,-1.84,3,102,207,0,3,2,1,95,142,109.1,2.81,lankershim
100,995,937,1118935779400,24.6,492.987,6452141.133,1873232.626,12.7,6.4,2,38.7,-1.58,3,102,207,0,3,2,1,95,142,110.09,2.84,lankershim
100,996,937,1118935779500,24.616,496.824,6452142.798,1873236.043,12.7,6.4,2,38.78,2.64,3,102,207,0,3,2,1,95,142,111.13,2.87,lankershim
100,997,937,1118935779600,24.631,500.693,6452144.483,1873239.503,12.7,6.4,2,39.15,5.73,3,102,207,0,3,2,1,95,142,112.13,2.86,lankershim
100,998,937,1118935779700,24.647,504.64,6452146.222,1873243.074,12.7,6.4,2,39.62,4.64,3,102,207,0,3,2,1,95,142,113.04,2.85,lankershim
100,999,937,1118935779800,24.664,508.648,6452147.987,1873246.696,12.7,6.4,2,39.93,1.29,3,102,207,0,3,2,1,95,142,113.86,2.85,lankershim
100,1000,937,1118935779900,24.68,512.661,6452149.739,1873250.292,12.7,6.4,2,40,-0.46,3,102,207,0,3,2,1,95,142,114.77,2.87,lankershim
100,1001,937,1118935780000,24.696,516.648,6452151.49,1873253.888,12.7,6.4,2,40.07,1.31,3,102,207,0,3,2,1,95,142,115.9,2.89,lankershim
100,1002,937,1118935780100,24.712,520.64,6452153.229,1873257.457,12.7,6.4,2,40.38,4.65,3,102,207,0,3,2,1,95,142,117.19,2.9,lankershim
100,1003,937,1118935780200,24.727,524.692,6452154.993,1873261.079,12.7,6.4,2,40.85,5.8,3,102,207,0,3,2,1,95,142,118.66,2.9,lankershim
100,1004,937,1118935780300,24.745,528.825,6452156.811,1873264.812,12.7,6.4,2,41.22,2.53,3,102,207,0,3,2,1,95,142,119.93,2.91,lankershim
100,1005,937,1118935780400,24.767,532.989,6452158.65,1873268.586,12.7,6.4,2,41.27,-2.01,3,102,207,0,3,2,1,95,142,120.9,2.93,lankershim
100,1006,937,1118935780500,24.79,537.108,6452160.467,1873272.296,12.7,6.4,2,41.15,-2.52,3,102,207,0,3,2,1,95,142,121.73,2.96,lankershim
100,1007,937,1118935780600,24.797,541.182,6452162.231,1873275.917,12.7,6.4,2,41.28,4.94,3,102,207,0,3,2,1,95,142,122.26,2.96,lankershim
100,1008,937,1118935780700,24.765,545.292,6452163.977,1873279.619,12.7,6.4,2,41.84,9.58,3,102,207,0,3,2,1,95,142,123.13,2.94,lankershim
100,1009,937,1118935780800,24.682,549.516,6452165.744,1873283.468,12.7,6.4,2,42.64,9.1,3,102,207,0,3,2,1,95,142,124.15,2.91,lankershim
100,1010,937,1118935780900,24.56,553.847,6452167.518,1873287.45,12.7,6.4,2,43.28,4.76,3,102,207,0,3,2,1,95,142,125.34,2.9,lankershim
100,1011,937,1118935781000,24.423,558.221,6452169.293,1873291.454,12.7,6.4,2,43.58,0.96,3,102,207,0,3,2,1,95,142,126.8,2.91,lankershim
100,1012,937,1118935781100,24.286,562.591,6452171.067,1873295.435,12.7,6.4,2,43.62,-0.38,3,102,207,0,3,2,1,95,142,128.38,2.94,lankershim
100,1013,937,1118935781200,24.155,566.949,6452172.841,1873299.417,12.7,6.4,2,43.6,-0.19,3,102,207,0,3,2,1,95,142,129.85,2.98,lankershim
100,1014,937,1118935781300,24.024,571.304,6452174.615,1873303.398,12.7,6.4,2,43.59,0,3,102,207,0,3,2,1,95,142,131.25,3.01,lankershim
100,1015,937,1118935781400,23.893,575.661,6452176.389,1873307.379,12.7,6.4,2,43.59,0,3,102,207,0,3,2,1,95,142,132.63,3.04,lankershim
100,1016,937,1118935781500,23.762,580.018,6452178.163,1873311.361,12.7,6.4,2,43.59,0,3,102,207,0,3,2,1,95,142,134,3.07,lankershim
100,1017,937,1118935781600,23.631,584.374,6452179.937,1873315.342,12.7,6.4,2,43.59,0,3,102,207,0,3,2,1,95,142,135.38,3.11,lankershim
100,1018,937,1118935781700,23.5,588.731,6452181.711,1873319.323,12.7,6.4,2,43.59,0,3,102,207,0,3,2,1,95,142,136.76,3.14,lankershim
100,1019,937,1118935781800,23.369,593.088,6452183.485,1873323.305,12.7,6.4,2,43.59,0,3,102,207,0,3,2,1,95,142,138.15,3.17,lankershim
100,1020,937,1118935781900,23.238,597.445,6452185.259,1873327.286,12.7,6.4,2,43.59,0,3,102,207,0,3,2,1,95,142,139.55,3.2,lankershim
100,1021,937,1118935782000,23.107,601.801,6452187.033,1873331.267,12.7,6.4,2,43.59,0,3,102,207,0,3,2,1,95,142,140.91,3.23,lankershim
100,1022,937,1118935782100,22.976,606.158,6452188.807,1873335.248,12.7,6.4,2,43.59,0,3,102,207,0,3,2,1,95,142,142.22,3.26,lankershim
100,1023,937,1118935782200,22.847,610.52,6452190.581,1873339.23,12.7,6.4,2,43.54,-0.74,3,102,207,0,3,2,1,95,142,143.41,3.29,lankershim
100,1024,937,1118935782300,22.706,614.854,6452192.355,1873343.211,12.7,6.4,2,43.58,0.83,3,102,207,0,3,2,1,95,142,144.2,3.31,lankershim
100,1025,937,1118935782400,22.555,619.161,6452194.129,1873347.192,12.7,6.4,2,44.19,8.57,3,102,207,0,3,2,1,95,142,144.77,3.28,lankershim
100,1026,937,1118935782500,22.441,623.673,6452195.829,1873351.105,12.7,6.4,2,45.78,5.93,3,102,207,0,3,2,1,95,142,144.82,3.16,lankershim
100,1027,937,1118935782600,22.454,628.405,6452197.853,1873355.291,12.7,6.4,2,48.4,15.84,3,102,207,0,3,2,1,95,142,144.95,2.99,lankershim
100,1028,937,1118935782700,22.606,633.415,6452200.153,1873359.731,12.7,6.4,2,51.35,15.84,3,102,207,0,3,2,1,95,142,145,2.82,lankershim
100,1029,937,1118935782800,22.895,638.703,6452202.742,1873364.422,12.7,6.4,2,51.43,15.84,3,102,207,0,3,2,1,95,142,145.22,2.82,lankershim
100,1030,937,1118935782900,23.34,644.295,6452205.607,1873369.367,12.7,6.4,2,51.5,5.64,3,102,207,0,3,2,1,95,142,145.26,2.82,lankershim
100,1031,937,1118935783000,23.89,649.764,6452208.796,1873374.501,12.7,6.4,2,51.51,-11.71,3,102,207,0,3,2,1,95,142,145.4,2.82,lankershim
100,1032,937,1118935783100,24.391,654.964,6452211.446,1873378.914,12.7,6.4,2,50.78,-15.39,3,102,207,0,3,2,1,95,142,145.81,2.87,lankershim
100,1033,937,1118935783200,24.747,659.955,6452213.853,1873383.041,12.7,6.4,2,48.19,-15.28,3,102,207,0,3,2,1,95,142,146.43,3.04,lankershim
100,1034,937,1118935783300,24.971,664.579,6452215.895,1873386.899,12.7,6.4,2,48.11,9.7,3,102,207,0,3,2,1,95,142,147.42,3.06,lankershim
100,1035,937,1118935783400,25.146,669.562,6452218.149,1873391.112,12.7,6.4,2,50.57,11.01,3,102,207,0,3,2,1,95,142,148.06,2.93,lankershim
100,1036,937,1118935783500,25.323,674.761,6452220.498,1873395.656,12.7,6.4,2,51.32,10.87,3,102,207,0,3,2,1,95,142,148.46,2.89,lankershim
100,1037,937,1118935783600,25.485,680.191,6452223.296,1873400.929,12.7,6.4,2,51.31,7.52,3,102,207,0,3,2,1,95,142,148.56,2.9,lankershim
100,1038,937,1118935783700,25.587,685.946,6452225.838,1873406.04,12.7,6.4,2,51.3,-13.23,3,102,207,0,3,2,1,95,142,148.27,2.89,lankershim
100,1039,937,1118935783800,25.602,691.446,6452228.262,1873411.019,12.7,6.4,2,51.3,-9.69,3,102,207,0,3,2,1,95,142,148.11,2.89,lankershim
100,1040,937,1118935783900,25.55,696.826,6452230.5,1873415.804,12.7,6.4,2,51.3,-9.61,3,102,207,0,3,2,1,95,142,148.29,2.89,lankershim
100,1041,937,1118935784000,25.478,702.041,6452232.68,1873420.506,12.7,6.4,2,51.3,-3.12,3,102,207,0,3,2,1,95,142,148.76,2.9,lankershim
100,1042,937,1118935784100,25.403,707.24,6452234.891,1873425.244,12.7,6.4,2,51.3,0.24,3,102,207,0,3,2,1,95,142,149.43,2.91,lankershim
100,1043,937,1118935784200,25.338,712.462,6452237.103,1873429.982,12.7,6.4,2,51.3,0.53,3,102,207,0,3,2,1,95,142,150.13,2.93,lankershim
100,1044,937,1118935784300,25.27,717.696,6452239.315,1873434.72,12.7,6.4,2,51.3,-0.07,3,102,207,0,3,2,1,95,142,150.72,2.94,lankershim
100,1045,937,1118935784400,25.2,722.929,6452241.527,1873439.459,12.7,6.4,2,51.3,-1.01,3,102,207,0,3,2,1,95,142,151.51,2.95,lankershim
100,1046,937,1118935784500,25.139,728.154,6452243.732,1873444.214,12.7,6.4,2,51.3,-1.79,3,102,207,0,3,2,1,95,142,152.42,2.97,lankershim
100,1047,937,1118935784600,25.096,733.364,6452245.96,1873448.914,12.7,6.4,2,51.3,-1.39,3,102,207,0,3,2,1,95,142,153.55,2.99,lankershim
100,1048,937,1118935784700,25.072,738.557,6452248.194,1873453.602,12.7,6.4,2,51.3,1,3,102,207,0,3,2,1,95,142,154.72,3.02,lankershim
100,1049,937,1118935784800,25.044,743.755,6452250.427,1873458.296,12.7,6.4,2,51.3,4.06,3,102,207,0,3,2,1,95,142,155.86,3.04,lankershim
100,1050,937,1118935784900,24.978,748.987,6452252.65,1873463.015,12.7,6.4,2,51.31,5.48,3,102,207,0,3,2,1,95,142,156.96,3.06,lankershim
100,1051,937,1118935785000,24.857,754.321,6452254.829,1873467.84,12.7,6.4,2,51.31,-11.03,3,102,207,0,3,2,1,95,142,157.96,3.08,lankershim
100,1052,937,1118935785100,24.664,759.187,6452257.001,1873472.699,12.7,6.4,2,47.79,-13.86,3,102,207,0,3,2,1,95,142,159.43,3.34,lankershim
100,1053,937,1118935785200,24.665,763.8,6452259.174,1873477.577,12.7,6.4,2,44.2,0,3,102,207,0,3,2,1,95,142,161.26,3.65,lankershim
100,1054,937,1118935785300,24.866,768.064,6452261.357,1873482.45,12.7,6.4,2,43.31,15.84,3,102,207,0,3,2,1,84,142,264.8,6.11,lankershim
100,1055,937,1118935785400,25.243,772.594,6452263.564,1873487.27,12.7,6.4,2,45.72,15.84,3,102,207,0,3,2,1,84,142,268.03,5.86,lankershim
100,1056,937,1118935785500,25.846,777.286,6452265.762,1873492.105,12.7,6.4,2,49.96,12.61,3,102,207,0,3,2,1,84,142,269.98,5.4,lankershim
100,1057,937,1118935785600,26.559,782.34,6452267.961,1873496.94,12.7,6.4,2,51.74,8.29,3,102,207,0,3,2,1,84,142,270.99,5.24,lankershim
100,1058,937,1118935785700,27.23,787.665,6452270.159,1873501.775,12.7,6.4,2,51.74,0,3,102,207,0,3,2,1,84,142,271.44,5.25,lankershim
100,1059,937,1118935785800,27.902,792.934,6452272.358,1873506.61,12.7,6.4,2,51.74,0,3,102,207,0,3,2,1,84,142,271.96,5.26,lankershim
100,1060,937,1118935785900,28.573,798.203,6452274.556,1873511.445,12.7,6.4,2,51.74,0,3,102,207,0,3,2,1,84,142,272.5,5.27,lankershim
100,1061,937,1118935786000,29.245,803.472,6452276.755,1873516.28,12.7,6.4,2,51.74,0,3,102,207,0,3,2,1,84,142,273.04,5.28,lankershim
100,1062,937,1118935786100,29.916,808.74,6452278.953,1873521.115,12.7,6.4,2,51.74,0,3,102,207,0,3,2,1,84,142,273.58,5.29,lankershim
100,1063,937,1118935786200,30.588,814.009,6452281.152,1873525.95,12.7,6.4,2,51.74,0,3,102,207,0,3,2,1,84,142,274.06,5.3,lankershim
100,1064,937,1118935786300,31.259,819.278,6452283.35,1873530.785,12.7,6.4,2,51.74,0,3,102,207,0,3,2,1,84,142,273.83,5.29,lankershim
100,1065,937,1118935786400,31.931,824.546,6452285.549,1873535.62,12.7,6.4,2,51.74,0,3,102,207,0,3,2,1,84,142,273.2,5.28,lankershim
100,1066,937,1118935786500,32.602,829.814,6452287.747,1873540.454,12.7,6.4,2,51.74,0,3,102,207,0,3,2,1,84,142,272.24,5.26,lankershim
100,1067,937,1118935786600,33.274,835.083,6452289.946,1873545.289,12.7,6.4,2,51.74,-0.06,3,102,207,0,3,2,1,84,142,271.61,5.25,lankershim
95,928,937,1118935772700,37.869,365.387,6452085.84,1873113.548,11.5,6.5,2,22.45,1.09,3,102,207,2,0,2,1,84,100,49.6,2.21,lankershim
95,929,937,1118935772800,37.621,367.628,6452086.823,1873115.566,11.5,6.5,2,22.59,0.83,3,102,207,2,0,2,1,84,100,50.14,2.22,lankershim
95,930,937,1118935772900,37.375,369.857,6452087.798,1873117.567,11.5,6.5,2,22.86,4.18,3,102,207,2,0,2,1,84,100,50.69,2.22,lankershim
95,931,937,1118935773000,37.125,372.127,6452088.793,1873119.611,11.5,6.5,2,23.4,7.28,3,102,207,2,0,2,1,84,100,51.2,2.19,lankershim
95,932,937,1118935773100,36.862,374.488,6452089.834,1873121.749,11.5,6.5,2,24.09,7.28,3,102,207,2,0,2,1,84,100,51.61,2.14,lankershim
95,933,937,1118935773200,36.595,376.94,6452090.917,1873123.971,11.5,6.5,2,24.65,4.15,3,102,207,2,0,2,1,84,100,51.91,2.11,lankershim
95,934,937,1118935773300,36.337,379.432,6452092.025,1873126.245,11.5,6.5,2,24.93,1.88,3,102,207,2,0,2,1,84,100,52.17,2.09,lankershim
95,935,937,1118935773400,36.068,381.918,6452093.146,1873128.479,11.5,6.5,2,25.07,4.77,3,102,207,2,0,2,1,84,100,52.47,2.09,lankershim
95,936,937,1118935773500,35.744,384.391,6452094.202,1873130.713,11.5,6.5,2,25.37,7.28,3,102,207,2,0,2,1,84,100,52.93,2.09,lankershim
95,937,937,1118935773600,35.332,386.895,6452095.173,1873133.052,11.5,6.5,2,25.93,7.82,3,102,207,2,0,2,1,84,100,53.48,2.06,lankershim
95,938,937,1118935773700,34.868,389.487,6452096.143,1873135.497,11.5,6.5,2,26.61,6.99,3,102,207,2,0,2,1,84,100,54.07,2.03,lankershim
95,939,937,1118935773800,34.437,392.166,6452097.2,1873138.015,11.5,6.5,2,27.14,-2.65,3,102,207,2,0,2,1,84,100,54.63,2.01,lankershim
95,940,937,1118935773900,34.085,394.889,6452098.39,1873140.521,11.5,6.5,2,27.5,-3.03,3,102,207,2,0,2,1,84,100,55.13,2,lankershim
95,941,937,1118935774000,33.789,397.628,6452099.61,1873142.959,11.5,6.5,2,27.87,4.19,3,102,207,2,0,2,1,84,100,55.6,2,lankershim
95,942,937,1118935774100,33.5,400.402,6452100.825,1873145.452,11.5,6.5,2,28.42,7.03,3,102,207,2,0,2,1,84,100,56.04,1.97,lankershim
95,943,937,1118935774200,33.188,403.259,6452102.085,1873148.039,11.5,6.5,2,29.09,7.29,3,102,207,2,0,2,1,84,100,55.97,1.92,lankershim
95,944,937,1118935774300,32.859,406.204,6452103.386,1873150.711,11.5,6.5,2,29.66,4.42,3,102,207,2,0,2,1,84,100,55.68,1.88,lankershim
95,945,937,1118935774400,32.532,409.196,6452104.713,1873153.434,11.5,6.5,2,29.97,1.31,3,102,207,2,0,2,1,84,100,55.1,1.84,lankershim
95,946,937,1118935774500,32.218,412.196,6452106.027,1873156.131,11.5,6.5,2,30.02,1.36,3,102,207,2,0,2,1,84,100,54.9,1.83,lankershim
95,947,937,1118935774600,31.894,415.179,6452107.367,1873158.815,11.5,6.5,2,29.98,4.46,3,102,207,2,0,2,1,84,100,55,1.83,lankershim
95,948,937,1118935774700,31.516,418.139,6452108.655,1873161.525,11.5,6.5,2,30.05,6.11,3,102,207,2,0,2,1,84,100,55.57,1.85,lankershim
95,949,937,1118935774800,31.054,421.097,6452109.819,1873164.262,11.5,6.5,2,30.37,5.24,3,102,207,2,0,2,1,84,100,56.31,1.85,lankershim
95,950,937,1118935774900,30.545,424.095,6452110.967,1873167.071,11.5,6.5,2,30.93,7.26,3,102,207,2,0,2,1,84,100,57.01,1.84,lankershim
95,951,937,1118935775000,30.069,427.188,6452112.198,1873169.945,11.5,6.5,2,31.59,5.65,3,102,207,2,0,2,1,84,100,57.6,1.82,lankershim
95,952,937,1118935775100,29.666,430.373,6452113.586,1873172.858,11.5,6.5,2,32.13,2.14,3,102,207,2,0,2,1,84,100,58.1,1.81,lankershim
95,953,937,1118935775200,29.315,433.599,6452115.046,1873175.789,11.5,6.5,2,32.5,2.31,3,102,207,2,0,2,1,84,100,58.54,1.8,lankershim
95,954,937,1118935775300,28.977,436.837,6452116.459,1873178.689,11.5,6.5,2,32.87,4.16,3,102,207,2,0,2,1,84,100,58.96,1.79,lankershim
95,955,937,1118935775400,28.636,440.109,6452117.892,1873181.631,11.5,6.5,2,33.42,7.24,3,102,207,2,0,2,1,84,100,59.4,1.78,lankershim
95,956,937,1118935775500,28.27,443.463,6452119.398,1873184.655,11.5,6.5,2,34.08,8.44,3,102,207,2,0,2,1,84,100,59.88,1.76,lankershim
95,957,937,1118935775600,27.841,446.897,6452120.893,1873187.788,11.5,6.5,2,34.63,7.33,3,102,207,2,0,2,1,84,100,60.4,1.74,lankershim
95,958,937,1118935775700,27.324,450.355,6452122.302,1873191.028,11.5,6.5,2,35.04,4.04,3,102,207,2,0,2,1,84,100,61.03,1.74,lankershim
95,959,937,1118935775800,26.762,453.91,6452123.643,1873194.235,11.5,6.5,2,34.65,-8.46,3,102,207,2,0,2,1,84,100,61.61,1.78,lankershim
95,960,937,1118935775900,26.214,457.21,6452125.051,1873197.473,11.5,6.5,2,32.48,-14.36,3,102,207,2,0,2,1,84,100,62.44,1.92,lankershim
95,961,937,1118935776000,25.805,460.278,6452126.626,1873200.769,11.5,6.5,2,29.79,-15.84,3,102,207,2,0,2,1,84,100,63.49,2.13,lankershim
95,962,937,1118935776100,25.54,463.119,6452128.259,1873204.054,11.5,6.5,2,28.87,-10.5,3,102,207,2,0,2,1,84,100,64.76,2.24,lankershim
95,963,937,1118935776200,25.4,466.105,6452129.857,1873207.336,11.5,6.5,2,30.55,4.67,3,102,207,2,0,2,1,84,100,65.88,2.16,lankershim
95,964,937,1118935776300,25.417,469.324,6452131.482,1873210.671,11.5,6.5,2,34.12,10.59,3,102,207,2,0,2,1,84,100,66.76,1.96,lankershim
95,965,937,1118935776400,25.46,472.822,6452133.142,1873214.08,11.5,6.5,2,37.16,11.2,3,102,207,2,0,2,1,84,100,67.39,1.81,lankershim
95,966,937,1118935776500,25.488,476.666,6452134.828,1873217.54,11.5,6.5,2,38.33,2.48,3,102,207,2,0,2,1,84,100,67.74,1.77,lankershim
95,967,937,1118935776600,25.492,480.508,6452136.532,1873220.971,11.5,6.5,2,38.72,5.07,3,102,207,2,0,2,1,84,100,68.19,1.76,lankershim
95,968,937,1118935776700,25.454,484.393,6452138.165,1873224.455,11.5,6.5,2,39.19,5.63,3,102,207,0,3,2,1,84,100,68.64,1.75,lankershim
95,969,937,1118935776800,25.403,488.346,6452139.793,1873228.08,11.5,6.5,2,39.63,3.82,3,102,207,0,3,2,1,84,100,69.05,1.74,lankershim
95,970,937,1118935776900,25.382,492.347,6452141.543,1873231.71,11.5,6.5,2,39.91,0.7,3,102,207,0,3,2,1,84,100,69.44,1.74,lankershim
95,971,937,1118935777000,25.391,496.347,6452143.311,1873235.298,11.5,6.5,2,40.09,3.18,3,102,207,0,3,2,1,84,100,69.91,1.74,lankershim
95,972,937,1118935777100,25.357,500.346,6452145.024,1873238.88,11.5,6.5,2,40.38,5.93,3,102,207,0,3,2,1,84,100,70.49,1.75,lankershim
95,973,937,1118935777200,25.252,504.394,6452146.662,1873242.563,11.5,6.5,2,40.83,5.51,3,102,207,0,3,2,1,84,100,71.11,1.74,lankershim
95,974,937,1118935777300,25.144,508.51,6452148.317,1873246.376,11.5,6.5,2,41.28,-0.58,3,102,207,0,3,2,1,84,100,71.69,1.74,lankershim
95,975,937,1118935777400,25.097,512.667,6452150.117,1873250.136,11.5,6.5,2,41.67,-3.51,3,102,207,0,3,2,1,84,100,72.22,1.73,lankershim
95,976,937,1118935777500,25.114,516.842,6452151.961,1873253.855,11.5,6.5,2,42.07,4.81,3,102,207,0,3,2,1,84,100,72.73,1.73,lankershim
95,977,937,1118935777600,25.149,521.062,6452153.804,1873257.638,11.5,6.5,2,42.56,5.88,3,102,207,0,3,2,1,84,100,73.19,1.72,lankershim
95,978,937,1118935777700,25.172,525.365,6452155.683,1873261.496,11.5,6.5,2,42.94,2.87,3,102,207,0,3,2,1,84,100,73.56,1.71,lankershim
95,979,937,1118935777800,25.189,529.717,6452157.606,1873265.437,11.5,6.5,2,42.87,-3.84,3,102,207,0,3,2,1,84,100,73.89,1.72,lankershim
95,980,937,1118935777900,25.205,534.028,6452159.503,1873269.332,11.5,6.5,2,42.23,-9.97,3,102,207,0,3,2,1,84,100,74.26,1.76,lankershim
95,981,937,1118935778000,25.211,538.205,6452161.317,1873273.082,11.5,6.5,2,41.13,-11.26,3,102,207,0,3,2,1,84,100,74.76,1.82,lankershim
95,982,937,1118935778100,25.205,542.248,6452163.069,1873276.734,11.5,6.5,2,40.08,-9.1,3,102,207,0,3,2,1,84,100,75.4,1.88,lankershim
95,983,937,1118935778200,25.183,546.138,6452164.755,1873280.278,11.5,6.5,2,39.81,2.22,3,102,207,0,3,2,1,84,100,76.19,1.91,lankershim
95,984,937,1118935778300,25.145,550.094,6452166.376,1873283.696,11.5,6.5,2,40.71,11.2,3,102,207,0,3,2,1,84,100,76.91,1.89,lankershim
95,985,937,1118935778400,25.104,554.293,6452168.096,1873287.422,11.5,6.5,2,42.77,11.06,3,102,207,0,3,2,1,84,100,77.41,1.81,lankershim
95,986,937,1118935778500,25.086,558.718,6452170.01,1873291.402,11.5,6.5,2,45.61,11.53,3,102,207,0,3,2,1,84,100,77.66,1.7,lankershim
95,987,937,1118935778600,25.106,563.409,6452172.057,1873295.635,11.5,6.5,2,48.37,11.33,3,102,207,0,3,2,1,84,100,77.61,1.6,lankershim
95,988,937,1118935778700,25.146,568.311,6452174.307,1873300.14,11.5,6.5,2,50.25,11.2,3,102,207,0,3,2,1,84,100,77.4,1.54,lankershim
95,989,937,1118935778800,25.183,573.471,6452176.63,1873304.905,11.5,6.5,2,50.9,-1.3,3,102,207,0,3,2,1,84,100,76.94,1.51,lankershim
95,990,937,1118935778900,25.206,578.622,6452178.869,1873309.505,11.5,6.5,2,50.48,-9.77,3,102,207,0,3,2,1,84,100,76.6,1.52,lankershim
95,991,937,1118935779000,25.219,583.622,6452181.043,1873313.98,11.5,6.5,2,49.61,-8.93,3,102,207,0,3,2,1,84,100,76.7,1.55,lankershim
95,992,937,1118935779100,25.232,588.506,6452183.17,1873318.36,11.5,6.5,2,48.96,-4.04,3,102,207,0,3,2,1,84,100,77.25,1.58,lankershim
95,993,937,1118935779200,25.245,593.358,6452185.287,1873322.722,11.5,6.5,2,48.69,-0.77,3,102,207,0,3,2,1,84,100,78.25,1.61,lankershim
95,994,937,1118935779300,25.258,598.214,6452187.413,1873327.102,11.5,6.5,2,48.65,0.33,3,102,207,0,3,2,1,84,100,79.63,1.64,lankershim
95,995,937,1118935779400,25.272,603.082,6452189.54,1873331.482,11.5,6.5,2,48.68,0.19,3,102,207,0,3,2,1,84,100,81.39,1.67,lankershim
95,996,937,1118935779500,25.285,607.952,6452191.666,1873335.862,11.5,6.5,2,48.69,0,3,102,207,0,3,2,1,84,100,82.98,1.7,lankershim
95,997,937,1118935779600,25.298,612.825,6452193.793,1873340.242,11.5,6.5,2,48.65,-0.58,3,102,207,0,3,2,1,84,100,84.3,1.73,lankershim
95,998,937,1118935779700,25.314,617.681,6452195.919,1873344.622,11.5,6.5,2,48.65,-0.39,3,102,207,0,3,2,1,84,100,85.3,1.75,lankershim
95,999,937,1118935779800,25.322,622.512,6452198.045,1873349.002,11.5,6.5,2,49.01,5.7,3,102,207,0,3,2,1,84,100,86.02,1.76,lankershim
95,1000,937,1118935779900,25.319,627.427,6452200.139,1873353.324,11.5,6.5,2,50.07,11.21,3,102,207,0,3,2,1,84,100,86.43,1.73,lankershim
95,1001,937,1118935780000,25.313,632.546,6452202.291,1873357.857,11.5,6.5,2,51.3,11.49,3,102,207,0,3,2,1,84,100,86.46,1.69,lankershim
95,1002,937,1118935780100,25.34,637.827,6452204.629,1873362.625,11.5,6.5,2,51.3,11.81,3,102,207,0,3,2,1,84,100,86.34,1.68,lankershim
95,1003,937,1118935780200,25.424,643.356,6452207.083,1873367.606,11.5,6.5,2,51.3,-3.23,3,102,207,0,3,2,1,84,100,86,1.68,lankershim
95,1004,937,1118935780300,25.536,648.751,6452209.797,1873372.826,11.5,6.5,2,51.3,-11.97,3,102,207,0,3,2,1,84,100,85.79,1.67,lankershim
95,1005,937,1118935780400,25.601,653.89,6452212.039,1873377.384,11.5,6.5,2,50.16,-6.72,3,102,207,0,3,2,1,84,100,85.82,1.71,lankershim
95,1006,937,1118935780500,25.555,658.841,6452214.086,1873381.68,11.5,6.5,2,47.88,-5.75,3,102,207,0,3,2,1,84,100,86.07,1.8,lankershim
95,1007,937,1118935780600,25.395,663.444,6452215.801,1873385.697,11.5,6.5,2,47.96,13.32,3,102,207,0,3,2,1,84,100,86.74,1.81,lankershim
95,1008,937,1118935780700,25.162,668.425,6452217.659,1873390.064,11.5,6.5,2,50.6,12.15,3,102,207,0,3,2,1,84,100,87.16,1.72,lankershim
95,1009,937,1118935780800,24.879,673.664,6452219.634,1873394.795,11.5,6.5,2,51.37,11.4,3,102,207,0,3,2,1,84,100,86.79,1.69,lankershim
95,1010,937,1118935780900,24.566,679.19,6452221.943,1873400.257,11.5,6.5,2,51.37,10.97,3,102,207,0,3,2,1,84,100,85.95,1.67,lankershim
95,1011,937,1118935781000,24.268,685.025,6452224.233,1873405.797,11.5,6.5,2,51.35,-7.39,3,102,207,0,3,2,1,84,100,84.51,1.65,lankershim
95,1012,937,1118935781100,24.069,690.975,6452226.607,1873411.189,11.5,6.5,2,51.32,-12.77,3,102,207,0,3,2,1,84,100,83.25,1.62,lankershim
95,1013,937,1118935781200,24.006,696.8,6452229.091,1873416.47,11.5,6.5,2,51.3,-11.33,3,102,207,0,3,2,1,84,100,82.31,1.6,lankershim
95,1014,937,1118935781300,24.064,702.558,6452231.66,1873421.602,11.5,6.5,2,51.3,3.97,3,102,207,0,3,2,1,84,100,81.93,1.6,lankershim
95,1015,937,1118935781400,24.167,708.288,6452234.244,1873426.711,11.5,6.5,2,51.31,0.68,3,102,207,0,3,2,1,84,100,81.59,1.59,lankershim
95,1016,937,1118935781500,24.267,714.017,6452236.812,1873431.844,11.5,6.5,2,51.31,-0.37,3,102,207,0,3,2,1,84,100,81.26,1.58,lankershim
95,1017,937,1118935781600,24.352,719.754,6452239.38,1873436.977,11.5,6.5,2,51.31,-0.14,3,102,207,0,3,2,1,84,100,80.97,1.58,lankershim
95,1018,937,1118935781700,24.433,725.494,6452241.947,1873442.11,11.5,6.5,2,51.31,0.3,3,102,207,0,3,2,1,84,100,80.74,1.57,lankershim
95,1019,937,1118935781800,24.516,731.241,6452244.515,1873447.243,11.5,6.5,2,51.31,0.1,3,102,207,0,3,2,1,84,100,80.54,1.57,lankershim
95,1020,937,1118935781900,24.615,736.991,6452247.085,1873452.389,11.5,6.5,2,51.31,-2.77,3,102,207,0,3,2,1,84,100,80.36,1.57,lankershim
95,1021,937,1118935782000,24.717,742.714,6452249.681,1873457.512,11.5,6.5,2,51.3,-6.35,3,102,207,0,3,2,1,84,100,80.2,1.56,lankershim
95,1022,937,1118935782100,24.782,748.373,6452252.22,1873462.574,11.5,6.5,2,51.3,-8.88,3,102,207,0,3,2,1,84,100,80.1,1.56,lankershim
95,1023,937,1118935782200,24.746,753.934,6452254.619,1873467.609,11.5,6.5,2,51.3,-9.65,3,102,207,0,3,2,1,84,100,80.1,1.56,lankershim
95,1024,937,1118935782300,24.588,759.056,6452256.909,1873472.664,11.5,6.5,2,49.96,-13.08,3,102,207,0,3,2,1,84,100,80.46,1.61,lankershim
95,1025,937,1118935782400,24.621,763.932,6452259.172,1873477.781,11.5,6.5,2,46.69,0,3,102,207,0,3,2,1,84,100,81.33,1.74,lankershim
95,1026,937,1118935782500,24.865,768.496,6452261.499,1873482.936,11.5,6.5,2,46.53,15.84,3,102,207,0,3,2,1,84,100,82.64,1.78,lankershim
95,1027,937,1118935782600,25.293,773.355,6452263.869,1873488.082,11.5,6.5,2,49.59,15.84,3,102,207,0,3,2,1,84,100,83.84,1.69,lankershim
95,1028,937,1118935782700,25.956,778.417,6452266.223,1873493.226,11.5,6.5,2,51.77,12.48,3,102,207,0,3,2,1,84,100,84.93,1.64,lankershim
95,1029,937,1118935782800,26.725,783.919,6452268.576,1873498.37,11.5,6.5,2,51.82,3.73,3,102,207,0,3,2,1,84,100,85.4,1.65,lankershim
95,1030,937,1118935782900,27.452,789.553,6452270.93,1873503.513,11.5,6.5,2,51.81,0,3,102,207,0,3,2,1,84,100,85.68,1.65,lankershim
95,1031,937,1118935783000,28.18,795.163,6452273.283,1873508.657,11.5,6.5,2,51.81,0,3,102,207,0,3,2,1,84,100,86.08,1.66,lankershim
95,1032,937,1118935783100,28.909,800.772,6452275.637,1873513.801,11.5,6.5,2,51.81,0.09,3,102,207,0,3,2,1,84,100,86.48,1.67,lankershim
95,1033,937,1118935783200,29.637,806.382,6452277.99,1873518.944,11.5,6.5,2,51.81,0.17,3,102,207,0,3,2,1,84,100,86.87,1.68,lankershim
95,1034,937,1118935783300,30.361,811.998,6452280.344,1873524.088,11.5,6.5,2,51.81,-0.37,3,102,207,0,3,2,1,84,100,87.24,1.68,lankershim
95,1035,937,1118935783400,31.084,817.618,6452282.694,1873529.245,11.5,6.5,2,51.83,-2.03,3,102,207,0,3,2,1,84,100,87.62,1.69,lankershim
95,1036,937,1118935783500,31.819,823.216,6452285.047,1873534.389,11.5,6.5,2,51.86,-4.15,3,102,207,0,3,2,1,84,100,88.02,1.7,lankershim
95,1037,937,1118935783600,32.586,828.756,6452287.416,1873539.461,11.5,6.5,2,51.9,-5.16,3,102,207,0,3,2,1,84,100,88.47,1.7,lankershim
95,1038,937,1118935783700,33.395,834.221,6452289.805,1873544.437,11.5,6.5,2,51.95,-4.14,3,102,207,0,3,2,1,84,100,89,1.71,lankershim
95,1039,937,1118935783800,34.248,839.554,6452292.21,1873549.341,11.5,6.5,2,51.96,8.4,3,102,207,0,3,2,1,84,100,89.73,1.73,lankershim
95,1040,937,1118935783900,35.097,845.116,6452294.617,1873554.231,11.5,6.5,2,51.93,10.5,3,102,207,0,3,2,1,84,100,90.84,1.75,lankershim
95,1041,937,1118935784000,35.882,850.803,6452297.022,1873559.135,11.5,6.5,2,51.89,10.74,3,102,207,0,3,2,1,84,100,92.12,1.78,lankershim
95,1042,937,1118935784100,36.611,856.671,6452299.378,1873563.999,11.5,6.5,2,51.89,3.55,3,102,207,0,3,2,1,84,100,93.53,1.8,lankershim
95,1043,937,1118935784200,37.355,862.596,6452301.891,1873568.968,11.5,6.5,2,51.97,9.16,3,102,207,0,3,2,1,84,100,94.58,1.82,lankershim
95,1044,937,1118935784300,38.226,868.418,6452304.622,1873574.137,11.5,6.5,2,52.15,15.7,3,102,207,0,3,2,1,84,100,95.45,1.83,lankershim
95,1045,937,1118935784400,39.222,874.442,6452307.533,1873579.451,11.5,6.5,2,52.38,15.84,3,102,207,0,3,2,1,84,100,95.5,1.82,lankershim
95,1046,937,1118935784500,40.36,880.579,6452310.662,1873584.967,11.5,6.5,2,52.57,13.46,3,102,207,0,3,2,1,84,100,95.44,1.82,lankershim
95,1047,937,1118935784600,41.576,886.91,6452313.948,1873590.586,11.5,6.5,2,52.69,5.18,3,102,207,0,3,2,1,84,100,95.08,1.8,lankershim
95,1048,937,1118935784700,42.814,893.276,6452317.186,1873596.165,11.5,6.5,2,52.74,0.17,3,102,207,0,3,2,1,84,100,94.55,1.79,lankershim
95,1049,937,1118935784800,44.041,899.619,6452320.423,1873601.745,11.5,6.5,2,52.74,-0.54,3,102,207,0,3,2,1,84,100,93.87,1.78,lankershim
95,1050,937,1118935784900,45.259,905.95,6452323.66,1873607.324,11.5,6.5,2,52.73,0,3,102,207,0,3,2,1,84,100,93.91,1.78,lankershim
95,1051,937,1118935785000,46.479,912.285,6452326.898,1873612.904,11.5,6.5,2,52.73,0,3,102,207,0,3,2,1,84,100,95.05,1.8,lankershim
95,1052,937,1118935785100,47.699,918.619,6452330.135,1873618.483,11.5,6.5,2,52.73,0,3,102,207,0,3,2,1,84,100,96.99,1.84,lankershim
95,1053,937,1118935785200,48.953,925.063,6452333.373,1873624.062,11.5,6.5,2,52.66,10.08,3,102,207,0,3,2,1,84,100,99.35,1.89,lankershim
95,1054,937,1118935785300,50.136,932.232,6452336.61,1873629.642,11.5,6.5,2,52.43,0,31,102,207,0,3,2,1,0,0,0,0,lankershim
95,1055,937,1118935785400,51.11,939.767,6452339.848,1873635.221,11.5,6.5,2,52.1,0,31,102,207,0,3,2,1,0,0,0,0,lankershim
95,1056,937,1118935785500,51.934,947.638,6452343.085,1873640.8,11.5,6.5,2,51.8,-15.84,31,102,207,0,3,2,1,0,0,0,0,lankershim
95,1057,937,1118935785600,52.58,955.213,6452346.323,1873646.38,11.5,6.5,2,51.63,-13.98,31,102,207,0,3,2,1,0,0,0,0,lankershim
95,1058,937,1118935785700,53.063,962.452,6452349.56,1873651.959,11.5,6.5,2,51.57,-11.23,31,102,207,0,3,2,1,0,0,0,0,lankershim
95,1059,937,1118935785800,53.582,969.047,6452352.798,1873657.539,11.5,6.5,2,51.56,-9.63,31,102,207,0,3,2,1,0,0,0,0,lankershim
95,1060,937,1118935785900,54.123,975.286,6452356.035,1873663.118,11.5,6.5,2,51.54,-11.88,31,102,207,0,3,2,1,0,0,0,0,lankershim
95,1061,937,1118935786000,54.634,981.244,6452359.267,1873668.595,11.5,6.5,2,51.47,-14.83,31,102,207,0,3,2,1,0,0,0,0,lankershim
95,1062,937,1118935786100,54.996,986.883,6452362.002,1873673.384,11.5,6.5,2,51.38,-15.84,31,102,207,0,3,2,1,0,0,0,0,lankershim
95,1063,937,1118935786200,55.191,992.241,6452364.418,1873677.891,11.5,6.5,2,51.31,-15.84,31,102,207,0,3,2,1,0,0,0,0,lankershim
95,1064,937,1118935786300,55.217,997.219,6452366.524,1873682.166,11.5,6.5,2,51.3,15.84,31,102,207,0,3,2,1,0,0,0,0,lankershim
95,1065,937,1118935786400,55.048,"1,002.97",6452368.435,1873686.844,11.5,6.5,2,51.37,15.84,31,102,207,0,3,2,1,0,0,0,0,lankershim
95,1066,937,1118935786500,54.607,"1,009.94",6452370.526,1873691.948,11.5,6.5,2,51.6,15.84,31,102,207,0,3,2,1,0,0,0,0,lankershim
95,1067,937,1118935786600,53.863,"1,017.79",6452372.96,1873697.814,11.5,6.5,2,52.06,15.84,31,102,207,0,3,2,1,0,0,0,0,lankershim
186,928,323,1118935772700,29.199,338.581,6452066.949,1873098.107,18,7,2,34.18,11.43,2,101,208,0,2,2,1,92,188,46.43,1.36,lankershim
186,929,323,1118935772800,29.268,342.34,6452068.409,1873101.038,18,7,2,39.06,12.94,2,101,208,0,2,2,1,92,188,45.85,1.17,lankershim
186,930,323,1118935772900,29.239,346.343,6452069.834,1873103.965,18,7,2,42.38,15.84,2,101,208,0,2,2,1,92,188,45.13,1.06,lankershim
186,931,323,1118935773000,29.076,350.652,6452071.256,1873106.882,18,7,2,42.45,0,2,101,208,2,0,2,1,92,188,44.19,1.04,lankershim
186,932,323,1118935773100,28.765,354.685,6452072.668,1873109.782,18,7,2,39.47,-9.44,2,101,208,2,0,2,1,92,188,43.58,1.1,lankershim
186,933,323,1118935773200,28.402,358.519,6452074.101,1873112.725,18,7,2,35.35,-10.7,2,101,208,2,0,2,1,92,188,43.23,1.22,lankershim
186,934,323,1118935773300,28.029,361.843,6452075.62,1873115.775,18,7,2,33.73,5.32,2,101,208,2,0,2,1,92,188,43.43,1.29,lankershim
186,935,323,1118935773400,27.605,365.23,6452077.103,1873118.883,18,7,2,33.81,5.32,2,101,208,2,0,2,1,92,188,43.63,1.29,lankershim
186,936,323,1118935773500,27.101,368.568,6452078.445,1873121.986,18,7,2,33.75,2.15,2,101,208,2,0,2,1,92,188,43.96,1.3,lankershim
186,937,323,1118935773600,26.556,371.868,6452079.713,1873125.041,18,7,2,33.83,1.57,2,101,208,2,0,2,1,92,188,44.42,1.31,lankershim
186,938,323,1118935773700,26.055,375.218,6452081.042,1873128.117,18,7,2,34.11,-3.02,2,101,208,2,0,2,1,92,188,44.91,1.32,lankershim
186,939,323,1118935773800,25.642,378.647,6452082.55,1873131.277,18,7,2,34.26,-3.04,2,101,208,2,0,2,1,92,188,45.41,1.33,lankershim
186,940,323,1118935773900,25.275,382.083,6452084.136,1873134.399,18,7,2,34.09,-3.98,2,101,208,2,0,2,1,92,188,45.95,1.35,lankershim
186,941,323,1118935774000,24.87,385.443,6452085.577,1873137.421,18,7,2,33.78,4.18,2,101,208,2,0,2,1,92,188,46.62,1.38,lankershim
186,942,323,1118935774100,24.375,388.73,6452086.886,1873140.456,18,7,2,33.74,3.93,2,101,208,2,0,2,1,92,188,47.43,1.41,lankershim
186,943,323,1118935774200,23.829,392.038,6452088.174,1873143.553,18,7,2,34.21,7.53,2,101,208,2,0,2,1,92,188,48.29,1.41,lankershim
186,944,323,1118935774300,23.318,395.447,6452089.545,1873146.714,18,7,2,35,8.25,2,101,208,2,0,2,1,92,188,49.08,1.4,lankershim
186,945,323,1118935774400,22.877,398.974,6452091.077,1873149.925,18,7,2,35.78,6.77,2,101,208,2,0,2,1,92,188,49.77,1.39,lankershim
186,946,323,1118935774500,22.483,402.588,6452092.703,1873153.195,18,7,2,36.33,3.88,2,101,208,2,0,2,1,92,188,50.5,1.39,lankershim
186,947,323,1118935774600,22.099,406.242,6452094.31,1873156.494,18,7,2,36.59,1.05,2,101,208,2,0,2,1,92,188,51.03,1.39,lankershim
186,948,323,1118935774700,21.717,409.887,6452095.921,1873159.802,18,7,2,36.74,2.08,2,101,208,2,0,2,1,92,188,51.39,1.4,lankershim
186,949,323,1118935774800,21.32,413.527,6452097.547,1873163.072,18,7,2,37.02,6.07,2,101,208,2,0,2,1,92,188,51.84,1.4,lankershim
186,950,323,1118935774900,20.864,417.198,6452099.128,1873166.382,18,7,2,37.56,9.41,2,101,208,2,0,2,1,92,188,52.5,1.4,lankershim
186,951,323,1118935775000,20.316,420.939,6452100.656,1873169.866,18,7,2,38.35,9.27,2,101,208,2,0,2,1,92,188,53.28,1.39,lankershim
186,952,323,1118935775100,19.711,424.783,6452102.176,1873173.439,18,7,2,39.12,7,2,101,208,2,0,2,1,92,188,54.27,1.39,lankershim
186,953,323,1118935775200,19.145,428.711,6452103.778,1873177.076,18,7,2,39.65,-3.47,2,101,208,2,0,2,1,92,188,55.17,1.39,lankershim
186,954,323,1118935775300,18.673,432.676,6452105.518,1873180.711,18,7,2,40,0.89,2,101,208,2,0,2,1,92,188,56.1,1.4,lankershim
186,955,323,1118935775400,18.246,436.66,6452107.31,1873184.255,18,7,2,40.36,5.01,2,101,208,2,0,2,1,92,188,57.13,1.42,lankershim
186,956,323,1118935775500,17.769,440.667,6452109.048,1873187.889,18,7,2,40.91,9.39,2,101,208,2,0,2,1,92,188,58.24,1.42,lankershim
186,957,323,1118935775600,17.187,444.741,6452110.717,1873191.662,18,7,2,41.68,9.1,2,101,208,2,0,2,1,92,188,59.28,1.42,lankershim
186,958,323,1118935775700,16.546,448.913,6452112.376,1873195.522,18,7,2,42.42,7,2,101,208,2,0,2,1,92,188,60.21,1.42,lankershim
186,959,323,1118935775800,15.927,453.255,6452114.137,1873199.483,18,7,2,42.16,-11.11,2,101,208,2,0,2,1,92,188,60.98,1.45,lankershim
186,960,323,1118935775900,15.404,457.353,6452116.003,1873203.379,18,7,2,40.62,-15.84,2,101,208,2,0,2,1,92,188,62.08,1.53,lankershim
186,961,323,1118935776000,15.045,461.327,6452117.934,1873207.275,18,7,2,39.6,-13.17,2,101,208,2,0,2,1,92,188,63.41,1.6,lankershim
186,962,323,1118935776100,14.807,465.182,6452119.91,1873211.332,18,7,2,40.13,0,2,101,208,2,0,2,1,92,188,64.91,1.62,lankershim
186,963,323,1118935776200,14.744,469.33,6452121.889,1873215.328,18,7,2,42.27,10.66,2,101,208,2,0,2,1,92,188,66.12,1.56,lankershim
186,964,323,1118935776300,14.724,473.657,6452123.847,1873219.412,18,7,2,45.13,11.8,2,101,208,2,0,2,1,92,188,67.05,1.49,lankershim
186,965,323,1118935776400,14.623,478.256,6452125.74,1873223.656,18,7,2,46.92,9.91,2,101,208,2,0,2,1,92,188,67.64,1.44,lankershim
186,966,323,1118935776500,14.465,483.019,6452127.639,1873227.995,18,7,2,47.61,4.55,2,101,208,0,3,2,1,92,188,68.17,1.43,lankershim
186,967,323,1118935776600,14.351,487.834,6452129.647,1873232.465,18,7,2,47.94,-5.85,2,101,208,0,3,2,1,92,188,68.84,1.44,lankershim
186,968,323,1118935776700,14.32,492.637,6452131.716,1873236.778,18,7,2,48.14,-4.45,2,101,208,0,3,2,1,92,188,69.71,1.45,lankershim
186,969,323,1118935776800,14.345,497.424,6452133.82,1873241.03,18,7,2,48.55,6.73,2,101,208,0,3,2,1,92,188,70.76,1.46,lankershim
186,970,323,1118935776900,14.381,502.281,6452135.943,1873245.389,18,7,2,49.41,11.2,2,101,208,0,3,2,1,92,188,71.93,1.46,lankershim
186,971,323,1118935777000,14.405,507.279,6452138.133,1873249.884,18,7,2,50.55,11.2,2,101,208,0,3,2,1,92,188,73.02,1.44,lankershim
186,972,323,1118935777100,14.424,512.408,6452140.389,1873254.515,18,7,2,51.3,8.31,2,101,208,0,3,2,1,92,188,73.96,1.44,lankershim
186,973,323,1118935777200,14.445,517.633,6452142.678,1873259.214,18,7,2,51.3,3.95,2,101,208,0,3,2,1,92,188,74.78,1.46,lankershim
186,974,323,1118935777300,14.466,522.88,6452144.988,1873263.955,18,7,2,51.3,2.36,2,101,208,0,3,2,1,92,188,75.59,1.47,lankershim
186,975,323,1118935777400,14.487,528.134,6452147.276,1873268.653,18,7,2,51.3,4.21,2,101,208,0,3,2,1,92,188,76.39,1.49,lankershim
186,976,323,1118935777500,14.509,533.423,6452149.585,1873273.394,18,7,2,51.3,7.03,2,101,208,0,3,2,1,92,188,77.15,1.5,lankershim
186,977,323,1118935777600,14.531,538.797,6452151.941,1873278.229,18,7,2,51.3,7.26,2,101,208,0,3,2,1,92,188,77.83,1.52,lankershim
186,978,323,1118935777700,14.553,544.261,6452154.337,1873283.148,18,7,2,51.3,4.39,2,101,208,0,3,2,1,92,188,78.42,1.53,lankershim
186,979,323,1118935777800,14.575,549.775,6452156.758,1873288.119,18,7,2,51.3,0.56,2,101,208,0,3,2,1,92,188,78.96,1.54,lankershim
186,980,323,1118935777900,14.598,555.27,6452159.167,1873293.063,18,7,2,51.3,0.35,2,101,208,0,3,2,1,92,188,79.52,1.55,lankershim
186,981,323,1118935778000,14.614,560.73,6452161.575,1873298.008,18,7,2,51.3,7.55,2,101,208,0,3,2,1,92,188,80.11,1.56,lankershim
186,982,323,1118935778100,14.623,566.327,6452163.94,1873302.879,18,7,2,51.3,11.31,2,101,208,0,3,2,1,92,188,80.56,1.57,lankershim
186,983,323,1118935778200,14.647,572.124,6452166.432,1873308.049,18,7,2,51.3,11.69,2,101,208,0,3,2,1,92,188,80.83,1.58,lankershim
186,984,323,1118935778300,14.715,578.128,6452169.11,1873313.449,18,7,2,51.31,11.65,2,101,208,0,3,2,1,92,188,80.93,1.58,lankershim
186,985,323,1118935778400,14.83,584.314,6452171.936,1873319.012,18,7,2,51.31,11.2,2,101,208,0,3,2,1,92,188,80.76,1.57,lankershim
186,986,323,1118935778500,14.949,590.765,6452174.939,1873324.942,18,7,2,51.31,-4.82,2,101,208,0,3,2,1,92,188,80.19,1.56,lankershim
186,987,323,1118935778600,15.022,597.135,6452177.774,1873330.635,18,7,2,51.3,-11.75,2,101,208,0,3,2,1,92,188,79.61,1.55,lankershim
186,988,323,1118935778700,15.049,603.355,6452180.441,1873336.174,18,7,2,51.3,-10.74,2,101,208,0,3,2,1,92,188,79.34,1.55,lankershim
186,989,323,1118935778800,15.055,609.413,6452183.067,1873341.594,18,7,2,51.3,-3.28,2,101,208,0,3,2,1,92,188,79.41,1.55,lankershim
186,990,323,1118935778900,15.067,615.459,6452185.722,1873347.057,18,7,2,51.3,0.38,2,101,208,0,3,2,1,92,188,79.66,1.55,lankershim
186,991,323,1118935779000,15.09,621.53,6452188.377,1873352.52,18,7,2,51.3,-0.36,2,101,208,0,3,2,1,92,188,80.07,1.56,lankershim
186,992,323,1118935779100,15.103,627.579,6452191.032,1873357.982,18,7,2,51.3,2.32,2,101,208,0,3,2,1,92,188,80.58,1.57,lankershim
186,993,323,1118935779200,15.106,633.668,6452193.687,1873363.445,18,7,2,51.3,4.14,2,101,208,0,3,2,1,92,188,81.01,1.58,lankershim
186,994,323,1118935779300,15.129,639.845,6452196.27,1873368.865,18,7,2,51.3,-2.45,2,101,208,0,3,2,1,92,188,81.33,1.59,lankershim
186,995,323,1118935779400,15.208,645.966,6452199.151,1873374.661,18,7,2,51.3,-11.16,2,101,208,0,3,2,1,92,188,81.71,1.59,lankershim
186,996,323,1118935779500,15.287,651.904,6452201.797,1873379.862,18,7,2,51.3,-8.68,2,101,208,0,3,2,1,92,188,82.27,1.6,lankershim
186,997,323,1118935779600,15.27,657.834,6452204.3,1873384.963,18,7,2,51.31,15.53,2,101,208,0,3,2,1,92,188,82.89,1.62,lankershim
186,998,323,1118935779700,15.119,664.166,6452206.649,1873390.458,18,7,2,51.33,13.97,2,101,208,0,3,2,1,92,188,83.19,1.62,lankershim
186,999,323,1118935779800,14.873,670.94,6452209.359,1873396.521,18,7,2,51.36,12.12,2,101,208,0,3,2,1,92,188,83.12,1.62,lankershim
186,1000,323,1118935779900,14.594,678.262,6452212.25,1873403.184,18,7,2,51.38,11.8,2,101,208,0,3,2,1,92,188,82.13,1.6,lankershim
186,1001,323,1118935780000,14.285,686.086,6452215.593,1873410.791,18,7,2,51.4,11.74,2,101,208,0,3,2,1,92,188,80.51,1.57,lankershim
186,1002,323,1118935780100,13.928,694.281,6452218.946,1873418.592,18,7,2,51.42,11.28,2,101,208,0,3,2,1,92,188,78.22,1.52,lankershim
186,1003,323,1118935780200,13.553,702.843,6452222.3,1873426.394,18,7,2,51.42,-5.43,2,101,208,0,3,2,1,92,188,75.81,1.47,lankershim
186,1004,323,1118935780300,13.202,711.268,6452225.669,1873434.267,18,7,2,51.4,-12.04,2,101,208,0,3,2,1,92,188,73.62,1.43,lankershim
186,1005,323,1118935780400,12.905,719.48,6452229.023,1873441.851,18,7,2,51.37,-12.21,2,101,208,0,3,2,1,92,188,71.95,1.4,lankershim
186,1006,323,1118935780500,12.66,727.482,6452232.298,1873449.178,18,7,2,51.35,-12.13,2,101,208,0,3,2,1,92,188,70.42,1.37,lankershim
186,1007,323,1118935780600,12.462,735.243,6452235.47,1873456.243,18,7,2,51.33,-12.21,2,101,208,0,3,2,1,92,188,69.28,1.35,lankershim
186,1008,323,1118935780700,12.316,742.795,6452238.563,1873463.05,18,7,2,51.32,-12.05,2,101,208,0,3,2,1,92,188,68.43,1.33,lankershim
186,1009,323,1118935780800,12.19,750.12,6452241.641,1873469.568,18,7,2,51.3,-13.26,2,101,208,0,3,2,1,92,188,67.74,1.32,lankershim
186,1010,323,1118935780900,12.172,757.164,6452244.735,1873476.157,18,7,2,51.31,0,2,101,208,0,3,2,1,92,188,67.21,1.31,lankershim
186,1011,323,1118935781000,12.405,764.049,6452247.828,1873482.746,18,7,2,51.4,0,2,101,208,0,3,2,1,92,188,66.75,1.3,lankershim
186,1012,323,1118935781100,12.87,770.64,6452250.922,1873489.335,18,7,2,51.66,15.84,2,101,208,0,3,2,1,92,188,66.53,1.29,lankershim
186,1013,323,1118935781200,13.559,777.5,6452254.015,1873495.925,18,7,2,52,15.84,2,101,208,0,3,2,1,92,188,66.19,1.27,lankershim
186,1014,323,1118935781300,14.542,784.476,6452257.126,1873502.493,18,7,2,52.16,11.2,2,101,208,0,3,2,1,92,188,65.88,1.26,lankershim
186,1015,323,1118935781400,15.556,791.716,6452260.22,1873509.081,18,7,2,52.1,-4.39,2,101,208,0,3,2,1,92,188,65.39,1.26,lankershim
186,1016,323,1118935781500,16.427,799.028,6452263.218,1873515.807,18,7,2,51.97,3.59,2,101,208,0,3,2,1,92,188,64.76,1.25,lankershim
186,1017,323,1118935781600,17.183,806.464,6452266.111,1873522.659,18,7,2,51.87,4.96,2,101,208,0,3,2,1,92,188,63.87,1.23,lankershim
186,1018,323,1118935781700,17.894,813.974,6452268.996,1873529.716,18,7,2,51.85,1.81,2,101,208,0,3,2,1,92,188,62.99,1.21,lankershim
186,1019,323,1118935781800,18.634,821.478,6452271.941,1873536.648,18,7,2,51.87,3.13,2,101,208,0,3,2,1,92,188,62.29,1.2,lankershim
186,1020,323,1118935781900,19.421,828.963,6452274.904,1873543.52,18,7,2,51.91,3.18,2,101,208,0,3,2,1,92,188,61.74,1.19,lankershim
186,1021,323,1118935782000,20.245,836.439,6452277.895,1873550.431,18,7,2,51.92,8.77,2,101,208,0,3,2,1,92,188,61.36,1.18,lankershim
186,1022,323,1118935782100,21.067,844.042,6452280.912,1873557.485,18,7,2,51.88,9.33,2,101,208,0,3,2,1,92,188,60.92,1.17,lankershim
186,1023,323,1118935782200,21.829,851.796,6452283.955,1873564.461,18,7,2,51.8,-5.81,2,101,208,0,3,2,1,92,188,60.31,1.16,lankershim
186,1024,323,1118935782300,22.501,859.565,6452286.977,1873571.211,18,7,2,51.74,-5.45,2,101,208,0,3,2,1,92,188,59.67,1.15,lankershim
186,1025,323,1118935782400,23.12,867.28,6452289.993,1873578.062,18,7,2,51.74,-5.25,2,101,208,0,3,2,1,92,188,59.23,1.14,lankershim
186,1026,323,1118935782500,23.783,874.906,6452293.113,1873585.042,18,7,2,51.79,5.33,2,101,208,0,3,2,1,92,188,59.37,1.15,lankershim
186,1027,323,1118935782600,24.54,882.505,6452296.378,1873592.025,18,7,2,51.84,2.4,2,101,208,0,3,2,1,92,188,59.79,1.15,lankershim
186,1028,323,1118935782700,25.327,890.125,6452299.664,1873598.963,18,7,2,51.85,-3.67,2,101,208,0,3,2,1,92,188,60.52,1.17,lankershim
186,1029,323,1118935782800,26.075,897.702,6452302.844,1873605.815,18,7,2,51.83,-3.65,2,101,208,0,3,2,1,92,188,61.07,1.18,lankershim
186,1030,323,1118935782900,26.783,905.241,6452305.973,1873612.741,18,7,2,51.84,-1.73,2,101,208,0,3,2,1,92,188,61.53,1.19,lankershim
186,1031,323,1118935783000,27.523,912.749,6452309.131,1873619.617,18,7,2,51.89,4.48,2,101,208,0,3,2,1,92,188,61.54,1.19,lankershim
186,1032,323,1118935783100,28.352,920.218,6452312.371,1873626.365,18,7,2,51.94,11.35,2,101,208,0,3,2,1,92,188,61.87,1.19,lankershim
186,1033,323,1118935783200,29.241,928.185,6452315.675,1873633.118,18,7,2,51.88,7.09,2,101,208,0,3,2,1,92,188,61.85,1.19,lankershim
186,1034,323,1118935783300,29.95,936.36,6452318.925,1873639.894,18,7,2,51.7,0,2,101,208,0,3,2,1,92,188,61.92,1.2,lankershim
186,1035,323,1118935783400,30.508,944.83,6452322.228,1873646.648,18,7,2,51.52,-15.84,2,101,208,0,3,2,1,92,188,62.28,1.21,lankershim
186,1036,323,1118935783500,30.917,952.951,6452325.646,1873653.356,18,7,2,51.42,-14.12,2,101,208,0,3,2,1,92,188,63.31,1.23,lankershim
186,1037,323,1118935783600,31.138,960.725,6452329.116,1873660.095,18,7,2,51.4,-10.68,2,101,208,0,3,2,1,92,188,64.95,1.26,lankershim
186,1038,323,1118935783700,31.432,967.928,6452332.532,1873666.386,18,7,2,51.46,0,2,101,208,0,3,2,1,92,188,66.81,1.3,lankershim
186,1039,323,1118935783800,31.946,974.667,6452335.654,1873672.314,18,7,2,51.63,0,2,101,208,0,3,2,1,92,188,68.74,1.33,lankershim
186,1040,323,1118935783900,32.597,981.054,6452339.11,1873677.839,18,7,2,51.83,0,2,101,208,0,3,2,1,92,188,70.4,1.36,lankershim
186,1041,323,1118935784000,33.452,987.182,6452342.566,1873682.731,18,7,2,51.95,-7.22,2,101,208,0,3,2,1,92,188,71.99,1.39,lankershim
186,1042,323,1118935784100,34.356,993.148,6452345.795,1873687.251,18,7,2,51.92,7.19,3,101,208,0,3,2,1,85,84,117.99,2.27,lankershim
186,1043,323,1118935784200,35.118,999.854,6452348.983,1873692.538,18,7,2,51.74,0,3,101,208,0,3,2,1,85,84,117.57,2.27,lankershim
186,1044,323,1118935784300,35.628,"1,007.73",6452352.587,1873698.414,18,7,2,51.47,0,3,101,208,0,3,2,1,85,84,116.59,2.27,lankershim
186,1045,323,1118935784400,35.815,"1,016.63",6452356.404,1873704.966,18,7,2,51.3,0,3,101,208,0,3,2,1,85,84,114.62,2.23,lankershim
186,1046,323,1118935784500,35.666,"1,026.39",6452360.76,1873712.47,18,7,2,51.43,3.44,3,101,208,0,3,2,1,85,84,111.81,2.17,lankershim
186,1047,323,1118935784600,35.193,"1,036.23",6452365.166,1873720.157,18,7,2,51.76,0,3,101,208,3,0,2,1,85,84,108.9,2.1,lankershim
186,1048,323,1118935784700,34.4,"1,045.87",6452369.569,1873727.84,18,7,2,52,-9.35,3,101,208,3,0,2,1,85,84,106.15,2.04,lankershim
186,1049,323,1118935784800,33.488,"1,054.84",6452374.017,1873735.564,18,7,2,52.09,-10.85,3,101,208,3,0,2,1,85,84,103.93,2,lankershim
186,1050,323,1118935784900,32.582,"1,063.40",6452378.314,1873743.149,18,7,2,52.15,-10.36,3,101,208,3,0,2,1,85,84,101.99,1.96,lankershim
186,1051,323,1118935785000,31.629,"1,071.78",6452382.398,1873750.527,18,7,2,52.23,-10.1,3,101,208,3,0,2,1,85,84,100.12,1.92,lankershim
186,1052,323,1118935785100,30.624,"1,079.81",6452386.31,1873757.741,18,7,2,52.32,-10.07,3,101,208,3,0,2,1,85,84,98.53,1.88,lankershim
186,1053,323,1118935785200,29.461,"1,087.20",6452390.007,1873764.744,18,7,2,52.22,-15.84,3,101,208,3,0,2,1,85,84,97.59,1.87,lankershim
186,1054,323,1118935785300,28.716,"1,093.94",6452393.557,1873771.615,18,7,2,51.75,-15.84,3,101,208,3,0,2,1,85,84,97.24,1.88,lankershim
186,1055,323,1118935785400,28.325,"1,100.27",6452397.154,1873778.529,18,7,2,51.34,-11.84,3,101,208,3,0,2,1,85,84,96.99,1.89,lankershim
186,1056,323,1118935785500,28.32,"1,106.49",6452400.75,1873785.442,18,7,2,51.38,15.84,3,101,208,3,0,2,1,85,84,96.73,1.88,lankershim
186,1057,323,1118935785600,28.69,"1,113.10",6452404.345,1873792.355,18,7,2,51.67,15.84,3,101,208,3,0,2,1,85,84,95.81,1.85,lankershim
186,1058,323,1118935785700,29.493,"1,120.22",6452407.939,1873799.266,18,7,2,51.75,9.82,3,101,208,3,0,2,1,85,84,94.69,1.83,lankershim
186,1059,323,1118935785800,30.174,"1,127.97",6452411.593,1873806.164,18,7,2,51.63,-11.58,3,101,208,0,4,2,1,85,84,93.1,1.8,lankershim
186,1060,323,1118935785900,30.66,"1,135.67",6452415.025,1873813.074,18,7,2,51.47,-11.5,3,101,208,0,4,2,1,85,84,91.86,1.78,lankershim
186,1061,323,1118935786000,30.969,"1,143.37",6452418.221,1873820.048,18,7,2,51.34,-12.22,3,101,208,0,4,2,1,85,84,90.65,1.77,lankershim
186,1062,323,1118935786100,31.084,"1,151.02",6452421.197,1873827.104,18,7,2,51.3,-15.84,3,101,208,0,4,2,1,85,84,89.58,1.75,lankershim
186,1063,323,1118935786200,31.031,"1,158.43",6452423.936,1873834.291,18,7,2,51.32,0,3,101,208,0,4,2,1,85,84,88.89,1.73,lankershim
186,1064,323,1118935786300,30.786,"1,165.59",6452426.436,1873841.07,18,7,2,51.35,-10.08,3,101,208,0,4,2,1,85,84,88.54,1.72,lankershim
186,1065,323,1118935786400,30.504,"1,172.41",6452428.764,1873847.499,18,7,2,51.37,-11.12,3,101,208,0,4,2,1,85,84,88.58,1.72,lankershim
186,1066,323,1118935786500,30.221,"1,178.86",6452430.956,1873853.553,18,7,2,51.37,-11.21,3,101,208,0,4,2,1,85,84,89,1.73,lankershim
186,1067,323,1118935786600,29.947,"1,185.00",6452432.953,1873859.251,18,7,2,51.37,-11.29,3,101,208,0,4,2,1,85,84,89.72,1.75,lankershim
