Vehicle_ID,Frame_ID,Total_Frames,Global_Time,Local_X,Local_Y,Global_X,Global_Y,v_length,v_Width,v_Class,v_Vel,v_Acc,Lane_ID,O_Zone,D_Zone,Int_ID,Section_ID,Direction,Movement,Preceding,Following,Space_Headway,Time_Headway,Location
85,928,955,1118935772700,18.002,440.26,6452109.012,1873187.454,16.2,6.5,2,38.67,-3.4,2,102,208,2,0,2,1,76,92,44.6,1.15,lankershim
85,929,955,1118935772800,17.6,444.103,6452110.722,1873190.966,16.2,6.5,2,38.31,-5.34,2,102,208,2,0,2,1,76,92,45.07,1.18,lankershim
85,930,955,1118935772900,17.185,447.86,6452112.383,1873194.308,16.2,6.5,2,38.08,4.63,2,102,208,2,0,2,1,76,92,45.76,1.2,lankershim
85,931,955,1118935773000,16.717,451.594,6452113.982,1873197.654,16.2,6.5,2,38.24,8.18,2,102,208,2,0,2,1,76,92,46.64,1.22,lankershim
85,932,955,1118935773100,16.127,455.459,6452115.497,1873201.213,16.2,6.5,2,38.09,-4.32,2,102,208,2,0,2,1,76,92,47.51,1.25,lankershim
85,933,955,1118935773200,15.521,459.226,6452117.104,1873204.862,16.2,6.5,2,37.1,-15.84,2,102,208,2,0,2,1,76,92,48.49,1.31,lankershim
85,934,955,1118935773300,15.164,462.841,6452118.827,1873208.747,16.2,6.5,2,36.21,-13.34,2,102,208,2,0,2,1,76,92,49.59,1.37,lankershim
85,935,955,1118935773400,14.949,466.328,6452120.61,1873212.495,16.2,6.5,2,36.07,-8.33,2,102,208,2,0,2,1,76,92,50.8,1.41,lankershim
85,936,955,1118935773500,14.93,469.951,6452122.449,1873216.054,16.2,6.5,2,36.98,12.7,2,102,208,2,0,2,1,76,92,51.88,1.4,lankershim
85,937,955,1118935773600,15.05,473.712,6452124.186,1873219.399,16.2,6.5,2,38.57,10.66,2,102,208,2,0,2,1,76,92,52.89,1.37,lankershim
85,938,955,1118935773700,15.084,477.645,6452125.872,1873222.875,16.2,6.5,2,39.97,10.26,2,102,208,2,0,2,1,76,92,53.89,1.35,lankershim
85,939,955,1118935773800,15.049,481.724,6452127.594,1873226.538,16.2,6.5,2,41.4,11.32,2,102,208,2,0,2,1,76,92,54.86,1.33,lankershim
85,940,955,1118935773900,14.987,485.92,6452129.37,1873230.324,16.2,6.5,2,42.76,10.77,2,102,208,0,3,2,1,76,92,55.87,1.31,lankershim
85,941,955,1118935774000,14.963,490.294,6452131.281,1873234.447,16.2,6.5,2,43.58,8.14,2,102,208,0,3,2,1,76,92,56.78,1.3,lankershim
85,942,955,1118935774100,15.025,494.707,6452133.237,1873238.33,16.2,6.5,2,43.94,7.25,2,102,208,0,3,2,1,76,92,57.65,1.31,lankershim
85,943,955,1118935774200,15.187,499.095,6452135.278,1873242.172,16.2,6.5,2,44.09,3.59,2,102,208,0,3,2,1,76,92,58.53,1.33,lankershim
85,944,955,1118935774300,15.388,503.497,6452137.394,1873246.064,16.2,6.5,2,44.34,2.36,2,102,208,0,3,2,1,76,92,59.42,1.34,lankershim
85,945,955,1118935774400,15.538,507.952,6452139.481,1873250,16.2,6.5,2,44.69,-5.06,2,102,208,0,3,2,1,76,92,60.24,1.35,lankershim
85,946,955,1118935774500,15.607,512.429,6452141.485,1873254.051,16.2,6.5,2,45.09,-1.61,2,102,208,0,3,2,1,76,92,60.95,1.35,lankershim
85,947,955,1118935774600,15.619,516.953,6452143.408,1873258.066,16.2,6.5,2,45.59,5.53,2,102,208,0,3,2,1,76,92,61.45,1.35,lankershim
85,948,955,1118935774700,15.621,521.542,6452145.425,1873262.206,16.2,6.5,2,46.07,5.03,2,102,208,0,3,2,1,76,92,61.76,1.34,lankershim
85,949,955,1118935774800,15.638,526.187,6452147.482,1873266.43,16.2,6.5,2,46.48,2.91,2,102,208,0,3,2,1,76,92,61.85,1.33,lankershim
85,950,955,1118935774900,15.656,530.85,6452149.514,1873270.601,16.2,6.5,2,46.85,3.25,2,102,208,0,3,2,1,76,92,61.82,1.32,lankershim
85,951,955,1118935775000,15.671,535.522,6452151.556,1873274.792,16.2,6.5,2,47.42,7.83,2,102,208,0,3,2,1,76,92,61.79,1.3,lankershim
85,952,955,1118935775100,15.69,540.28,6452153.612,1873279.054,16.2,6.5,2,48.34,11.2,2,102,208,0,3,2,1,76,92,61.69,1.28,lankershim
85,953,955,1118935775200,15.713,545.171,6452155.774,1873283.447,16.2,6.5,2,49.39,10.67,2,102,208,0,3,2,1,76,92,61.43,1.24,lankershim
85,954,955,1118935775300,15.736,550.181,6452157.989,1873287.994,16.2,6.5,2,50.32,7.83,2,102,208,0,3,2,1,76,92,61.06,1.21,lankershim
85,955,955,1118935775400,15.746,555.271,6452160.194,1873292.547,16.2,6.5,2,51.02,5.33,2,102,208,0,3,2,1,76,92,60.88,1.19,lankershim
85,956,955,1118935775500,15.74,560.411,6452162.418,1873297.174,16.2,6.5,2,51.3,4.09,2,102,208,0,3,2,1,76,92,60.94,1.19,lankershim
85,957,955,1118935775600,15.725,565.589,6452164.658,1873301.859,16.2,6.5,2,51.3,2.24,2,102,208,0,3,2,1,76,92,61.34,1.2,lankershim
85,958,955,1118935775700,15.705,570.791,6452166.9,1873306.555,16.2,6.5,2,51.3,0.42,2,102,208,0,3,2,1,76,92,62.13,1.21,lankershim
85,959,955,1118935775800,15.686,575.99,6452169.139,1873311.24,16.2,6.5,2,51.3,-0.19,2,102,208,0,3,2,1,76,92,63.22,1.23,lankershim
85,960,955,1118935775900,15.668,581.183,6452171.378,1873315.925,16.2,6.5,2,51.3,-0.1,2,102,208,0,3,2,1,76,92,64.5,1.26,lankershim
85,961,955,1118935776000,15.651,586.375,6452173.618,1873320.61,16.2,6.5,2,51.3,0,2,102,208,0,3,2,1,76,92,65.48,1.28,lankershim
85,962,955,1118935776100,15.633,591.568,6452175.857,1873325.295,16.2,6.5,2,51.3,0,2,102,208,0,3,2,1,76,92,66.31,1.29,lankershim
85,963,955,1118935776200,15.618,596.764,6452178.096,1873329.979,16.2,6.5,2,51.3,-0.6,2,102,208,0,3,2,1,76,92,66.79,1.3,lankershim
85,964,955,1118935776300,15.594,601.945,6452180.335,1873334.664,16.2,6.5,2,51.3,-0.1,2,102,208,0,3,2,1,76,92,67.65,1.32,lankershim
85,965,955,1118935776400,15.565,607.104,6452182.575,1873339.349,16.2,6.5,2,51.3,3.73,2,102,208,0,3,2,1,76,92,68.75,1.34,lankershim
85,966,955,1118935776500,15.546,612.309,6452184.752,1873343.979,16.2,6.5,2,51.3,9.65,2,102,208,0,3,2,1,76,92,70.07,1.37,lankershim
85,967,955,1118935776600,15.574,617.602,6452187.109,1873348.754,16.2,6.5,2,51.31,13.3,2,102,208,0,3,2,1,76,92,71.38,1.39,lankershim
85,968,955,1118935776700,15.691,623.04,6452189.562,1873353.659,16.2,6.5,2,51.32,13.13,2,102,208,0,3,2,1,76,92,72.33,1.41,lankershim
85,969,955,1118935776800,15.886,628.631,6452192.138,1873358.456,16.2,6.5,2,51.34,12.04,2,102,208,0,3,2,1,76,92,72.97,1.42,lankershim
85,970,955,1118935776900,16.137,634.393,6452194.863,1873363.545,16.2,6.5,2,51.35,11.21,2,102,208,0,3,2,1,76,92,73.27,1.43,lankershim
85,971,955,1118935777000,16.393,640.335,6452197.664,1873368.819,16.2,6.5,2,51.34,10.69,2,102,208,0,3,2,1,76,92,73.43,1.43,lankershim
85,972,955,1118935777100,16.603,646.446,6452200.56,1873374.212,16.2,6.5,2,51.33,7.5,2,102,208,0,3,2,1,76,92,73.43,1.43,lankershim
85,973,955,1118935777200,16.756,652.716,6452203.465,1873380.01,16.2,6.5,2,51.31,-6.02,2,102,208,0,3,2,1,76,92,73.27,1.43,lankershim
85,974,955,1118935777300,16.838,658.975,6452206.214,1873385.498,16.2,6.5,2,51.3,-5.93,2,102,208,0,3,2,1,76,92,73.12,1.43,lankershim
85,975,955,1118935777400,16.853,665.222,6452208.933,1873391.047,16.2,6.5,2,51.3,-2.16,2,102,208,0,3,2,1,76,92,72.99,1.42,lankershim
85,976,955,1118935777500,16.82,671.539,6452211.641,1873396.788,16.2,6.5,2,51.3,3.9,2,102,208,0,3,2,1,76,92,72.86,1.42,lankershim
85,977,955,1118935777600,16.759,677.915,6452214.357,1873402.626,16.2,6.5,2,51.31,-7.56,2,102,208,0,3,2,1,76,92,72.83,1.42,lankershim
85,978,955,1118935777700,16.676,684.163,6452217.045,1873408.301,16.2,6.5,2,51.31,-10.15,2,102,208,0,3,2,1,76,92,72.58,1.41,lankershim
85,979,955,1118935777800,16.541,690.255,6452219.576,1873413.826,16.2,6.5,2,51.33,-2.35,2,102,208,0,3,2,1,76,92,72.39,1.41,lankershim
85,980,955,1118935777900,16.326,696.243,6452221.932,1873419.233,16.2,6.5,2,51.34,6.16,2,102,208,0,3,2,1,76,92,72.02,1.4,lankershim
85,981,955,1118935778000,16.078,702.329,6452224.325,1873424.826,16.2,6.5,2,51.33,9.88,2,102,208,0,3,2,1,76,92,71.82,1.4,lankershim
85,982,955,1118935778100,15.903,708.583,6452226.882,1873430.578,16.2,6.5,2,51.31,-6.25,2,102,208,0,3,2,1,76,92,71.55,1.39,lankershim
85,983,955,1118935778200,15.852,714.94,6452229.614,1873436.359,16.2,6.5,2,51.3,-7.79,2,102,208,0,3,2,1,76,92,71.48,1.39,lankershim
85,984,955,1118935778300,15.867,721.203,6452232.428,1873441.994,16.2,6.5,2,51.3,-11.2,2,102,208,0,3,2,1,76,92,71.45,1.39,lankershim
85,985,955,1118935778400,15.862,727.293,6452235.05,1873447.494,16.2,6.5,2,51.3,-5.03,2,102,208,0,3,2,1,76,92,71.64,1.4,lankershim
85,986,955,1118935778500,15.816,733.344,6452237.526,1873452.837,16.2,6.5,2,51.3,0.27,2,102,208,0,3,2,1,76,92,72.02,1.4,lankershim
85,987,955,1118935778600,15.763,739.433,6452240.132,1873458.363,16.2,6.5,2,51.3,-8.21,2,102,208,0,3,2,1,76,92,72.47,1.41,lankershim
85,988,955,1118935778700,15.702,745.388,6452242.844,1873464.029,16.2,6.5,2,51.31,-10.24,2,102,208,0,3,2,1,76,92,73.21,1.43,lankershim
85,989,955,1118935778800,15.583,751.23,6452245.179,1873469.124,16.2,6.5,2,51.32,-10.15,2,102,208,0,3,2,1,76,92,74.11,1.44,lankershim
85,990,955,1118935778900,15.336,756.92,6452247.365,1873474.183,16.2,6.5,2,51.31,-13.74,2,102,208,0,3,2,1,76,92,75.1,1.46,lankershim
85,991,955,1118935779000,15.332,762.345,6452249.83,1873479.762,16.2,6.5,2,51.31,13.34,2,102,208,0,3,2,1,76,92,76.49,1.49,lankershim
85,992,955,1118935779100,15.565,768.074,6452252.333,1873485.409,16.2,6.5,2,51.42,15.84,2,102,208,0,3,2,1,76,92,77.72,1.51,lankershim
85,993,955,1118935779200,16.005,774.009,6452255.238,1873491.601,16.2,6.5,2,51.66,15.84,2,102,208,0,3,2,1,76,92,78.87,1.53,lankershim
85,994,955,1118935779300,16.714,780.107,6452258.03,1873497.827,16.2,6.5,2,51.86,12.32,2,102,208,0,3,2,1,76,92,79.77,1.54,lankershim
85,995,955,1118935779400,17.556,786.594,6452260.549,1873503.587,16.2,6.5,2,51.9,-7.28,2,102,208,0,3,2,1,76,92,80.12,1.54,lankershim
85,996,955,1118935779500,18.339,792.916,6452263.178,1873509.403,16.2,6.5,2,51.85,-11.58,2,102,208,0,3,2,1,76,92,80.52,1.55,lankershim
85,997,955,1118935779600,19.094,799.065,6452265.87,1873515.262,16.2,6.5,2,51.8,-12.51,2,102,208,0,3,2,1,76,92,81.17,1.57,lankershim
85,998,955,1118935779700,19.77,805.056,6452268.228,1873520.609,16.2,6.5,2,51.75,-3.95,2,102,208,0,3,2,1,0,92,0,0,lankershim
85,999,955,1118935779800,20.388,811.004,6452270.396,1873525.904,16.2,6.5,2,51.77,12.39,2,102,208,0,3,2,1,0,92,0,0,lankershim
85,1000,955,1118935779900,21.067,817.231,6452272.966,1873531.678,16.2,6.5,2,51.88,15.81,2,102,208,0,3,2,1,0,92,0,0,lankershim
85,1001,955,1118935780000,21.911,823.64,6452275.586,1873537.499,16.2,6.5,2,52.02,13.86,2,102,208,0,3,2,1,0,92,0,0,lankershim
85,1002,955,1118935780100,22.853,830.307,6452278.616,1873543.822,16.2,6.5,2,52.1,1.82,2,102,208,0,3,2,1,0,92,0,0,lankershim
85,1003,955,1118935780200,23.804,836.977,6452281.56,1873550.108,16.2,6.5,2,52.1,-4.61,2,102,208,0,3,2,1,0,92,0,0,lankershim
85,1004,955,1118935780300,24.719,843.575,6452284.231,1873555.888,16.2,6.5,2,52.05,2.59,2,102,208,0,3,2,1,0,92,0,0,lankershim
85,1005,955,1118935780400,25.575,850.247,6452286.989,1873561.738,16.2,6.5,2,51.97,4.86,2,102,208,0,3,2,1,0,92,0,0,lankershim
85,1006,955,1118935780500,26.387,857.028,6452289.846,1873567.611,16.2,6.5,2,51.91,-6.67,2,102,208,0,3,2,1,0,92,0,0,lankershim
85,1007,955,1118935780600,27.152,863.735,6452292.669,1873573.466,16.2,6.5,2,51.86,-11.53,2,102,208,0,3,2,1,0,92,0,0,lankershim
85,1008,955,1118935780700,27.883,870.291,6452295.492,1873579.322,16.2,6.5,2,51.84,-8.19,2,102,208,0,3,2,1,0,92,0,0,lankershim
85,1009,955,1118935780800,28.619,876.695,6452298.315,1873585.177,16.2,6.5,2,51.83,-0.26,2,102,208,0,3,2,1,0,92,0,0,lankershim
85,1010,955,1118935780900,29.372,883.148,6452301.137,1873591.032,16.2,6.5,2,51.82,-1.65,2,102,208,0,3,2,1,0,92,0,0,lankershim
85,1011,955,1118935781000,30.105,889.59,6452303.983,1873596.877,16.2,6.5,2,51.78,-2.87,2,102,208,0,3,2,1,0,92,0,0,lankershim
85,1012,955,1118935781100,30.784,896.047,6452306.768,1873602.716,16.2,6.5,2,51.76,4.42,2,102,208,0,3,2,1,0,92,0,0,lankershim
85,1013,955,1118935781200,31.428,902.552,6452309.457,1873608.66,16.2,6.5,2,51.78,8.11,2,102,208,0,3,2,1,0,92,0,0,lankershim
85,1014,955,1118935781300,32.117,909.135,6452312.282,1873614.68,16.2,6.5,2,51.86,11.79,2,102,208,0,3,2,1,0,92,0,0,lankershim
85,1015,955,1118935781400,32.926,915.801,6452315.227,1873620.69,16.2,6.5,2,51.96,11.19,3,102,208,0,3,2,1,76,84,92.86,1.79,lankershim
85,1016,955,1118935781500,33.845,922.703,6452318.351,1873626.765,16.2,6.5,2,51.99,10.94,3,102,208,0,3,2,1,76,84,94.25,1.81,lankershim
85,1017,955,1118935781600,34.725,930.101,6452321.449,1873632.931,16.2,6.5,2,51.87,0,3,102,208,0,3,2,1,76,84,95.83,1.85,lankershim
85,1018,955,1118935781700,35.417,937.789,6452324.533,1873639.267,16.2,6.5,2,51.69,0,3,102,208,0,3,2,1,76,84,97.1,1.88,lankershim
85,1019,955,1118935781800,35.977,945.845,6452327.553,1873645.494,16.2,6.5,2,51.58,-13.28,3,102,208,0,3,2,1,76,84,97.72,1.89,lankershim
85,1020,955,1118935781900,36.383,953.71,6452330.806,1873651.479,16.2,6.5,2,51.57,-9.09,3,102,208,0,3,2,1,76,84,97.77,1.9,lankershim
85,1021,955,1118935782000,36.917,961.438,6452334.364,1873657.706,16.2,6.5,2,51.67,0,3,102,208,0,3,2,1,76,84,97.68,1.89,lankershim
85,1022,955,1118935782100,37.611,968.726,6452338.174,1873664.114,16.2,6.5,2,51.79,4.62,3,102,208,0,3,2,1,76,84,97.93,1.89,lankershim
85,1023,955,1118935782200,38.475,975.965,6452342.328,1873670.666,16.2,6.5,2,51.74,-15.84,3,102,208,0,3,2,1,76,84,98.14,1.9,lankershim
85,1024,955,1118935782300,38.958,983.005,6452345.954,1873676.45,16.2,6.5,2,51.47,-9.92,3,102,208,0,3,2,1,76,84,98.5,1.91,lankershim
85,1025,955,1118935782400,39.119,990.312,6452349.253,1873682.168,16.2,6.5,2,51.3,15.84,3,102,208,0,3,2,1,76,84,98.03,1.91,lankershim
85,1026,955,1118935782500,38.848,998.226,6452352.172,1873689.303,16.2,6.5,2,51.58,15.84,3,102,208,0,3,2,1,76,84,96.5,1.87,lankershim
85,1027,955,1118935782600,38.068,"1,007.17",6452354.858,1873697.119,16.2,6.5,2,52.38,15.84,3,102,208,0,3,2,1,76,84,93.53,1.79,lankershim
85,1028,955,1118935782700,36.846,"1,016.72",6452357.638,1873705.516,16.2,6.5,2,53.28,15.84,3,102,208,0,3,2,1,76,84,90.18,1.69,lankershim
85,1029,955,1118935782800,35.293,"1,026.49",6452360.893,1873713.958,16.2,6.5,2,53.64,-11.2,3,102,208,0,3,2,1,76,84,86.85,1.62,lankershim
85,1030,955,1118935782900,33.738,"1,035.55",6452363.819,1873721.658,16.2,6.5,2,53.3,-15.84,3,102,208,3,0,2,1,76,84,84.68,1.59,lankershim
85,1031,955,1118935783000,32.437,"1,043.73",6452366.816,1873727.84,16.2,6.5,2,52.61,-15.84,3,102,208,3,0,2,1,76,84,83.89,1.59,lankershim
85,1032,955,1118935783100,31.351,"1,050.80",6452369.919,1873733.466,16.2,6.5,2,52.1,-15.84,3,102,208,3,0,2,1,76,84,83.95,1.61,lankershim
85,1033,955,1118935783200,30.57,"1,057.21",6452372.989,1873739.119,16.2,6.5,2,51.91,-4.12,3,102,208,3,0,2,1,76,84,84.51,1.63,lankershim
85,1034,955,1118935783300,29.811,"1,063.58",6452376.06,1873744.773,16.2,6.5,2,51.89,0.12,3,102,208,3,0,2,1,76,84,85.01,1.64,lankershim
85,1035,955,1118935783400,29.027,"1,069.96",6452379.131,1873750.427,16.2,6.5,2,51.89,-0.32,3,102,208,3,0,2,1,76,84,85.49,1.65,lankershim
85,1036,955,1118935783500,28.254,"1,076.33",6452382.201,1873756.08,16.2,6.5,2,51.9,1.99,3,102,208,3,0,2,1,76,84,85.99,1.66,lankershim
85,1037,955,1118935783600,27.488,"1,082.82",6452385.267,1873761.702,16.2,6.5,2,51.95,-9.39,3,102,208,3,0,2,1,76,84,86.39,1.66,lankershim
85,1038,955,1118935783700,26.571,"1,088.87",6452388.337,1873767.381,16.2,6.5,2,51.92,-12.3,3,102,208,3,0,2,1,76,84,87.23,1.68,lankershim
85,1039,955,1118935783800,25.874,"1,094.51",6452391.433,1873773.246,16.2,6.5,2,51.64,-15.84,3,102,208,3,0,2,1,76,84,88.53,1.71,lankershim
85,1040,955,1118935783900,25.525,"1,099.90",6452394.564,1873779.228,16.2,6.5,2,51.35,-11.46,3,102,208,3,0,2,1,76,84,90.04,1.75,lankershim
85,1041,955,1118935784000,25.481,"1,105.33",6452397.721,1873785.397,16.2,6.5,2,51.34,15.84,3,102,208,3,0,2,1,76,84,91.14,1.78,lankershim
85,1042,955,1118935784100,25.751,"1,111.14",6452400.882,1873791.623,16.2,6.5,2,51.53,15.84,3,102,208,3,0,2,1,76,186,91.66,1.78,lankershim
85,1043,955,1118935784200,26.389,"1,117.42",6452404.039,1873797.817,16.2,6.5,2,51.63,11.2,3,102,208,3,0,2,1,76,186,91.37,1.77,lankershim
85,1044,955,1118935784300,26.967,"1,124.33",6452407.195,1873804.011,16.2,6.5,2,51.63,0.39,3,102,208,0,4,2,1,76,186,90.7,1.76,lankershim
85,1045,955,1118935784400,27.555,"1,131.26",6452410.352,1873810.204,16.2,6.5,2,51.63,0.1,3,102,208,0,4,2,1,76,186,90.13,1.75,lankershim
85,1046,955,1118935784500,28.157,"1,138.20",6452413.508,1873816.398,16.2,6.5,2,51.61,-3.84,3,102,208,0,4,2,1,76,186,89.87,1.74,lankershim
85,1047,955,1118935784600,28.734,"1,145.14",6452416.711,1873822.604,16.2,6.5,2,51.54,-10.43,3,102,208,0,4,2,1,76,186,89.61,1.74,lankershim
76,928,"1,016",1118935772700,14.759,484.862,6452128.701,1873229.495,13.9,6.8,2,42.22,11.22,2,102,208,0,3,2,1,0,85,0,0,lankershim
76,929,"1,016",1118935772800,14.77,489.169,6452130.561,1873233.366,13.9,6.8,2,43.8,11.26,2,102,208,0,3,2,1,0,85,0,0,lankershim
76,930,"1,016",1118935772900,14.798,493.622,6452132.54,1873237.369,13.9,6.8,2,45.38,11.22,2,102,208,0,3,2,1,0,85,0,0,lankershim
76,931,"1,016",1118935773000,14.834,498.232,6452134.61,1873241.566,13.9,6.8,2,46.51,8.44,2,102,208,0,3,2,1,0,85,0,0,lankershim
76,932,"1,016",1118935773100,14.865,502.967,6452136.697,1873245.844,13.9,6.8,2,47.09,2.46,2,102,208,0,3,2,1,0,85,0,0,lankershim
76,933,"1,016",1118935773200,14.887,507.713,6452138.766,1873250.085,13.9,6.8,2,47.22,-0.64,2,102,208,0,3,2,1,0,85,0,0,lankershim
76,934,"1,016",1118935773300,14.908,512.434,6452140.835,1873254.327,13.9,6.8,2,47.16,-0.81,2,102,208,0,3,2,1,0,85,0,0,lankershim
76,935,"1,016",1118935773400,14.93,517.129,6452142.904,1873258.568,13.9,6.8,2,47.23,1.63,2,102,208,0,3,2,1,0,85,0,0,lankershim
76,936,"1,016",1118935773500,14.947,521.829,6452144.958,1873262.781,13.9,6.8,2,47.67,6.59,2,102,208,0,3,2,1,0,85,0,0,lankershim
76,937,"1,016",1118935773600,14.962,526.604,6452147.026,1873267.032,13.9,6.8,2,48.6,11.21,2,102,208,0,3,2,1,0,85,0,0,lankershim
76,938,"1,016",1118935773700,14.983,531.535,6452149.168,1873271.464,13.9,6.8,2,49.91,11.22,2,102,208,0,3,2,1,0,85,0,0,lankershim
76,939,"1,016",1118935773800,15.013,536.586,6452151.407,1873276.002,13.9,6.8,2,51.22,11.21,2,102,208,0,3,2,1,0,85,0,0,lankershim
76,940,"1,016",1118935773900,15.048,541.794,6452153.72,1873280.72,13.9,6.8,2,51.3,6.59,2,102,208,0,3,2,1,0,85,0,0,lankershim
76,941,"1,016",1118935774000,15.082,547.076,6452156.046,1873285.477,13.9,6.8,2,51.3,1.65,2,102,208,0,3,2,1,0,85,0,0,lankershim
76,942,"1,016",1118935774100,15.11,552.358,6452158.358,1873290.206,13.9,6.8,2,51.3,-0.14,2,102,208,0,3,2,1,0,85,0,0,lankershim
76,943,"1,016",1118935774200,15.138,557.627,6452160.67,1873294.934,13.9,6.8,2,51.3,0.21,2,102,208,0,3,2,1,0,85,0,0,lankershim
76,944,"1,016",1118935774300,15.168,562.912,6452162.981,1873299.663,13.9,6.8,2,51.3,-1.92,2,102,208,0,3,2,1,0,85,0,0,lankershim
76,945,"1,016",1118935774400,15.205,568.194,6452165.312,1873304.422,13.9,6.8,2,51.3,-7.4,2,102,208,0,3,2,1,0,85,0,0,lankershim
76,946,"1,016",1118935774500,15.24,573.379,6452167.625,1873309.132,13.9,6.8,2,51.05,-11.34,2,102,208,0,3,2,1,0,85,0,0,lankershim
76,947,"1,016",1118935774600,15.253,578.406,6452169.84,1873313.657,13.9,6.8,2,49.6,-11.46,2,102,208,0,3,2,1,0,85,0,0,lankershim
76,948,"1,016",1118935774700,15.235,583.3,6452171.929,1873318.07,13.9,6.8,2,48.15,-11.06,2,102,208,0,3,2,1,0,85,0,0,lankershim
76,949,"1,016",1118935774800,15.196,588.035,6452173.921,1873322.299,13.9,6.8,2,47.13,-7.35,2,102,208,0,3,2,1,0,85,0,0,lankershim
76,950,"1,016",1118935774900,15.155,592.674,6452175.895,1873326.478,13.9,6.8,2,46.63,-1.96,2,102,208,0,3,2,1,0,85,0,0,lankershim
76,951,"1,016",1118935775000,15.12,597.308,6452177.887,1873330.688,13.9,6.8,2,46.52,0.41,2,102,208,0,3,2,1,0,85,0,0,lankershim
76,952,"1,016",1118935775100,15.089,601.966,6452179.88,1873334.897,13.9,6.8,2,46.51,0,2,102,208,0,3,2,1,0,85,0,0,lankershim
76,953,"1,016",1118935775200,15.053,606.597,6452181.872,1873339.107,13.9,6.8,2,46.67,2.56,2,102,208,0,3,2,1,0,85,0,0,lankershim
76,954,"1,016",1118935775300,15.006,611.237,6452183.864,1873343.316,13.9,6.8,2,47.62,11.2,2,102,208,0,3,2,1,0,85,0,0,lankershim
76,955,"1,016",1118935775400,14.956,616.152,6452185.792,1873347.48,13.9,6.8,2,49.85,11.08,2,102,208,0,3,2,1,0,85,0,0,lankershim
76,956,"1,016",1118935775500,14.924,621.35,6452187.969,1873352.064,13.9,6.8,2,51.3,10.79,2,102,208,0,3,2,1,0,85,0,0,lankershim
76,957,"1,016",1118935775600,14.918,626.933,6452190.391,1873357.062,13.9,6.8,2,51.3,12.09,2,102,208,0,3,2,1,0,85,0,0,lankershim
76,958,"1,016",1118935775700,14.966,632.919,6452193.05,1873362.495,13.9,6.8,2,51.31,12.38,2,102,208,0,3,2,1,0,85,0,0,lankershim
76,959,"1,016",1118935775800,15.082,639.211,6452195.957,1873368.359,13.9,6.8,2,51.31,6.82,2,102,208,0,3,2,1,0,85,0,0,lankershim
76,960,"1,016",1118935775900,15.246,645.686,6452199.208,1873374.556,13.9,6.8,2,51.31,-11.32,2,102,208,0,3,2,1,0,85,0,0,lankershim
76,961,"1,016",1118935776000,15.393,651.858,6452201.963,1873379.988,13.9,6.8,2,51.31,-12.85,2,102,208,0,3,2,1,0,85,0,0,lankershim
76,962,"1,016",1118935776100,15.454,657.873,6452204.543,1873385.135,13.9,6.8,2,51.3,-13.02,2,102,208,0,3,2,1,0,85,0,0,lankershim
76,963,"1,016",1118935776200,15.432,663.55,6452206.84,1873390.085,13.9,6.8,2,51.3,11.95,2,102,208,0,3,2,1,0,85,0,0,lankershim
76,964,"1,016",1118935776300,15.373,669.599,6452209.38,1873395.416,13.9,6.8,2,51.3,11.51,2,102,208,0,3,2,1,0,85,0,0,lankershim
76,965,"1,016",1118935776400,15.303,675.851,6452211.982,1873401.035,13.9,6.8,2,51.31,11.9,2,102,208,0,3,2,1,0,85,0,0,lankershim
76,966,"1,016",1118935776500,15.193,682.379,6452214.97,1873407.373,13.9,6.8,2,51.32,5.66,2,102,208,0,3,2,1,0,85,0,0,lankershim
76,967,"1,016",1118935776600,15.014,688.978,6452217.694,1873413.467,13.9,6.8,2,51.34,-10.23,2,102,208,0,3,2,1,0,85,0,0,lankershim
76,968,"1,016",1118935776700,14.782,695.373,6452220.215,1873419.301,13.9,6.8,2,51.35,-11.04,2,102,208,0,3,2,1,0,85,0,0,lankershim
76,969,"1,016",1118935776800,14.532,701.599,6452222.621,1873424.835,13.9,6.8,2,51.35,-8.04,2,102,208,0,3,2,1,0,85,0,0,lankershim
76,970,"1,016",1118935776900,14.296,707.668,6452225.069,1873430.442,13.9,6.8,2,51.35,-0.8,2,102,208,0,3,2,1,0,85,0,0,lankershim
76,971,"1,016",1118935777000,14.068,713.763,6452227.517,1873436.049,13.9,6.8,2,51.35,0.62,2,102,208,0,3,2,1,0,85,0,0,lankershim
76,972,"1,016",1118935777100,13.838,719.881,6452229.965,1873441.656,13.9,6.8,2,51.35,-0.13,2,102,208,0,3,2,1,0,85,0,0,lankershim
76,973,"1,016",1118935777200,13.602,725.988,6452232.413,1873447.263,13.9,6.8,2,51.35,0.22,2,102,208,0,3,2,1,0,85,0,0,lankershim
76,974,"1,016",1118935777300,13.365,732.092,6452234.847,1873452.863,13.9,6.8,2,51.35,1.33,2,102,208,0,3,2,1,0,85,0,0,lankershim
76,975,"1,016",1118935777400,13.143,738.216,6452237.295,1873458.47,13.9,6.8,2,51.34,2.81,2,102,208,0,3,2,1,0,85,0,0,lankershim
76,976,"1,016",1118935777500,12.965,744.394,6452239.812,1873464.109,13.9,6.8,2,51.32,3.51,2,102,208,0,3,2,1,0,85,0,0,lankershim
76,977,"1,016",1118935777600,12.834,750.747,6452242.421,1873469.793,13.9,6.8,2,51.31,-12.33,2,102,208,0,3,2,1,0,85,0,0,lankershim
76,978,"1,016",1118935777700,12.725,756.744,6452245.1,1873475.511,13.9,6.8,2,51.3,0,2,102,208,0,3,2,1,0,85,0,0,lankershim
76,979,"1,016",1118935777800,12.854,762.642,6452247.792,1873481.234,13.9,6.8,2,51.34,0,2,102,208,0,3,2,1,0,85,0,0,lankershim
76,980,"1,016",1118935777900,13.188,768.26,6452250.47,1873486.95,13.9,6.8,2,51.49,15.84,2,102,208,0,3,2,1,0,85,0,0,lankershim
76,981,"1,016",1118935778000,13.723,774.145,6452253.148,1873492.666,13.9,6.8,2,51.75,15.84,2,102,208,0,3,2,1,0,85,0,0,lankershim
76,982,"1,016",1118935778100,14.494,780.129,6452255.826,1873498.382,13.9,6.8,2,51.96,12.95,2,102,208,0,3,2,1,0,85,0,0,lankershim
76,983,"1,016",1118935778200,15.4,786.422,6452258.504,1873504.097,13.9,6.8,2,52.03,1.24,2,102,208,0,3,2,1,0,85,0,0,lankershim
76,984,"1,016",1118935778300,16.258,792.652,6452261.16,1873509.79,13.9,6.8,2,52.06,6.13,2,102,208,0,3,2,1,0,85,0,0,lankershim
76,985,"1,016",1118935778400,17.141,798.932,6452263.836,1873515.504,13.9,6.8,2,52.13,12.19,2,102,208,0,3,2,1,0,85,0,0,lankershim
76,986,"1,016",1118935778500,18.089,805.362,6452266.635,1873521.346,13.9,6.8,2,52.25,13.18,2,102,208,0,3,2,1,0,85,0,0,lankershim
76,987,"1,016",1118935778600,19.121,811.903,6452269.56,1873527.311,13.9,6.8,2,52.36,12.22,2,102,208,0,3,2,1,0,85,0,0,lankershim
76,988,"1,016",1118935778700,20.217,818.595,6452272.608,1873533.404,13.9,6.8,2,52.45,6.15,2,102,208,0,3,2,1,0,85,0,0,lankershim
76,989,"1,016",1118935778800,21.338,825.336,6452275.676,1873539.519,13.9,6.8,2,52.49,1.27,2,102,208,0,3,2,1,0,85,0,0,lankershim
76,990,"1,016",1118935778900,22.459,832.02,6452278.723,1873545.611,13.9,6.8,2,52.49,7.47,2,102,208,0,3,2,1,0,85,0,0,lankershim
76,991,"1,016",1118935779000,23.583,838.836,6452281.769,1873551.704,13.9,6.8,2,52.45,10.85,2,102,208,0,3,2,1,0,85,0,0,lankershim
76,992,"1,016",1118935779100,24.683,845.79,6452284.816,1873557.796,13.9,6.8,2,52.35,4.77,2,102,208,0,3,2,1,0,85,0,0,lankershim
76,993,"1,016",1118935779200,25.703,852.881,6452287.862,1873563.889,13.9,6.8,2,52.23,-9.37,2,102,208,0,3,2,1,0,85,0,0,lankershim
76,994,"1,016",1118935779300,26.63,859.877,6452290.9,1873569.98,13.9,6.8,2,52.14,-11.87,2,102,208,0,3,2,1,0,85,0,0,lankershim
76,995,"1,016",1118935779400,27.506,866.713,6452293.947,1873576.073,13.9,6.8,2,52.11,-6.1,2,102,208,0,3,2,1,0,85,0,0,lankershim
76,996,"1,016",1118935779500,28.408,873.436,6452297.037,1873582.169,13.9,6.8,2,52.15,4.26,2,102,208,0,3,2,1,0,85,0,0,lankershim
76,997,"1,016",1118935779600,29.369,880.232,6452300.185,1873588.27,13.9,6.8,2,52.21,3.42,2,102,208,0,3,2,1,0,85,0,0,lankershim
76,998,"1,016",1118935779700,30.367,887.044,6452303.378,1873594.375,13.9,6.8,2,52.26,1.69,3,102,208,0,3,2,1,0,84,0,0,lankershim
76,999,"1,016",1118935779800,31.378,893.862,6452306.579,1873600.48,13.9,6.8,2,52.28,0.32,3,102,208,0,3,2,1,0,84,0,0,lankershim
76,1000,"1,016",1118935779900,32.388,900.68,6452309.771,1873606.585,13.9,6.8,2,52.28,-0.15,3,102,208,0,3,2,1,0,84,0,0,lankershim
76,1001,"1,016",1118935780000,33.392,907.497,6452312.964,1873612.69,13.9,6.8,2,52.28,-0.23,3,102,208,0,3,2,1,0,84,0,0,lankershim
76,1002,"1,016",1118935780100,34.397,914.311,6452316.156,1873618.795,13.9,6.8,2,52.28,-0.36,3,102,208,0,3,2,1,0,84,0,0,lankershim
76,1003,"1,016",1118935780200,35.407,921.112,6452319.348,1873624.9,13.9,6.8,2,52.27,0.94,3,102,208,0,3,2,1,0,84,0,0,lankershim
76,1004,"1,016",1118935780300,36.477,928.012,6452322.542,1873630.98,13.9,6.8,2,52.15,3.82,3,102,208,0,3,2,1,0,84,0,0,lankershim
76,1005,"1,016",1118935780400,37.281,935.52,6452325.734,1873637.084,13.9,6.8,2,51.84,0,3,102,208,0,3,2,1,0,84,0,0,lankershim
76,1006,"1,016",1118935780500,37.869,943.37,6452328.921,1873643.339,13.9,6.8,2,51.52,0,3,102,208,0,3,2,1,0,84,0,0,lankershim
76,1007,"1,016",1118935780600,38.251,951.615,6452332.101,1873649.705,13.9,6.8,2,51.35,-15.84,3,102,208,0,3,2,1,0,84,0,0,lankershim
76,1008,"1,016",1118935780700,38.339,959.654,6452335.275,1873656.222,13.9,6.8,2,51.31,-11.2,3,102,208,0,3,2,1,0,84,0,0,lankershim
76,1009,"1,016",1118935780800,38.377,967.479,6452338.386,1873662.754,13.9,6.8,2,51.33,0,3,102,208,0,3,2,1,0,84,0,0,lankershim
76,1010,"1,016",1118935780900,38.609,974.783,6452341.737,1873669.27,13.9,6.8,2,51.38,0,3,102,208,0,3,2,1,0,84,0,0,lankershim
76,1011,"1,016",1118935781000,38.987,981.7,6452345.305,1873675.732,13.9,6.8,2,51.44,-9.62,3,102,208,0,3,2,1,0,84,0,0,lankershim
76,1012,"1,016",1118935781100,39.474,988.349,6452348.584,1873681.392,13.9,6.8,2,51.44,-12.74,3,102,208,0,3,2,1,0,84,0,0,lankershim
76,1013,"1,016",1118935781200,39.842,994.764,6452351.569,1873686.751,13.9,6.8,2,51.38,-15.84,3,102,208,0,3,2,1,0,84,0,0,lankershim
76,1014,"1,016",1118935781300,40.008,"1,001.14",6452354.327,1873691.916,13.9,6.8,2,51.31,0,3,102,208,0,3,2,1,0,84,0,0,lankershim
76,1015,"1,016",1118935781400,39.901,"1,008.67",6452356.966,1873697.528,13.9,6.8,2,51.35,15.84,3,102,208,0,3,2,1,0,85,0,0,lankershim
76,1016,"1,016",1118935781500,39.429,"1,016.95",6452359.785,1873703.659,13.9,6.8,2,51.71,15.84,3,102,208,0,3,2,1,0,85,0,0,lankershim
76,1017,"1,016",1118935781600,38.59,"1,025.94",6452363.027,1873710.682,13.9,6.8,2,52.39,0,3,102,208,0,3,2,1,0,85,0,0,lankershim
76,1018,"1,016",1118935781700,37.432,"1,034.89",6452366.273,1873717.876,13.9,6.8,2,53.08,0,3,102,208,3,0,2,1,0,85,0,0,lankershim
76,1019,"1,016",1118935781800,35.931,"1,043.56",6452369.516,1873725.095,13.9,6.8,2,53.4,-11.17,3,102,208,3,0,2,1,0,85,0,0,lankershim
76,1020,"1,016",1118935781900,34.388,"1,051.48",6452372.763,1873732.289,13.9,6.8,2,53.33,-9.91,3,102,208,3,0,2,1,0,85,0,0,lankershim
76,1021,"1,016",1118935782000,32.955,"1,059.12",6452376.029,1873739.32,13.9,6.8,2,53.13,-12.16,3,102,208,3,0,2,1,0,85,0,0,lankershim
76,1022,"1,016",1118935782100,31.625,"1,066.65",6452379.323,1873746.246,13.9,6.8,2,52.94,-9.89,3,102,208,3,0,2,1,0,85,0,0,lankershim
76,1023,"1,016",1118935782200,30.374,"1,074.11",6452382.636,1873753.009,13.9,6.8,2,52.81,-5.2,3,102,208,3,0,2,1,0,85,0,0,lankershim
76,1024,"1,016",1118935782300,29.152,"1,081.50",6452385.953,1873759.747,13.9,6.8,2,52.74,-11.31,3,102,208,3,0,2,1,0,85,0,0,lankershim
76,1025,"1,016",1118935782400,27.895,"1,088.35",6452389.267,1873766.511,13.9,6.8,2,52.5,-15.84,3,102,208,3,0,2,1,0,85,0,0,lankershim
76,1026,"1,016",1118935782500,27.01,"1,094.73",6452392.58,1873773.275,13.9,6.8,2,51.92,-15.84,3,102,208,3,0,2,1,0,85,0,0,lankershim
76,1027,"1,016",1118935782600,26.484,"1,100.70",6452395.894,1873780.039,13.9,6.8,2,51.41,-6.57,3,102,208,3,0,2,1,0,85,0,0,lankershim
76,1028,"1,016",1118935782700,26.333,"1,106.90",6452399.207,1873786.803,13.9,6.8,2,51.32,15.84,3,102,208,3,0,2,1,0,85,0,0,lankershim
76,1029,"1,016",1118935782800,26.535,"1,113.33",6452402.536,1873793.6,13.9,6.8,2,51.48,15.84,3,102,208,3,0,2,1,0,85,0,0,lankershim
76,1030,"1,016",1118935782900,27.117,"1,120.23",6452405.85,1873800.329,13.9,6.8,2,51.55,8.56,3,102,208,3,0,2,1,0,85,0,0,lankershim
76,1031,"1,016",1118935783000,27.623,"1,127.62",6452409.083,1873806.868,13.9,6.8,2,51.54,-11.33,3,102,208,0,4,2,1,0,85,0,0,lankershim
76,1032,"1,016",1118935783100,28.106,"1,134.75",6452412.208,1873813.283,13.9,6.8,2,51.53,-11.26,3,102,208,0,4,2,1,0,85,0,0,lankershim
76,1033,"1,016",1118935783200,28.573,"1,141.72",6452415.253,1873819.508,13.9,6.8,2,51.52,-7.88,3,102,208,0,4,2,1,0,85,0,0,lankershim
76,1034,"1,016",1118935783300,29.045,"1,148.59",6452418.281,1873825.665,13.9,6.8,2,51.52,-2.21,3,102,208,0,4,2,1,0,85,0,0,lankershim
76,1035,"1,016",1118935783400,29.542,"1,155.45",6452421.326,1873831.855,13.9,6.8,2,51.52,-1.11,3,102,208,0,4,2,1,0,85,0,0,lankershim
76,1036,"1,016",1118935783500,30.041,"1,162.32",6452424.396,1873838.031,13.9,6.8,2,51.49,-5.76,3,102,208,0,4,2,1,0,85,0,0,lankershim
76,1037,"1,016",1118935783600,30.485,"1,169.20",6452427.442,1873844.221,13.9,6.8,2,51.42,-10.9,3,102,208,0,4,2,1,0,85,0,0,lankershim
76,1038,"1,016",1118935783700,30.778,"1,176.10",6452430.32,1873850.48,13.9,6.8,2,51.35,-11.04,3,102,208,0,4,2,1,0,85,0,0,lankershim
76,1039,"1,016",1118935783800,30.951,"1,183.03",6452433.096,1873856.831,13.9,6.8,2,51.31,-11.21,3,102,208,0,4,2,1,0,85,0,0,lankershim
76,1040,"1,016",1118935783900,30.974,"1,189.95",6452435.731,1873863.257,13.9,6.8,2,51.3,-13.46,3,102,208,0,4,2,1,0,85,0,0,lankershim
76,1041,"1,016",1118935784000,30.883,"1,196.47",6452438.311,1873869.691,13.9,6.8,2,51.3,-11.44,3,102,208,0,4,2,1,0,85,0,0,lankershim
76,1042,"1,016",1118935784100,30.846,"1,202.80",6452440.738,1873876.083,13.9,6.8,2,51.3,-8.32,3,102,208,0,4,2,1,0,85,0,0,lankershim
76,1043,"1,016",1118935784200,30.908,"1,208.80",6452443.064,1873882.437,13.9,6.8,2,51.31,12.77,3,102,208,0,4,2,1,0,85,0,0,lankershim
76,1044,"1,016",1118935784300,31.062,"1,215.03",6452445.211,1873888.761,13.9,6.8,2,51.31,11.21,3,102,208,0,4,2,1,0,85,0,0,lankershim
76,1045,"1,016",1118935784400,31.228,"1,221.38",6452447.326,1873895.076,13.9,6.8,2,51.31,10.22,3,102,208,0,4,2,1,0,85,0,0,lankershim
76,1046,"1,016",1118935784500,31.337,"1,228.07",6452449.506,1873901.364,13.9,6.8,2,51.3,-9.09,3,102,208,0,4,2,1,0,85,0,0,lankershim
76,1047,"1,016",1118935784600,31.302,"1,234.75",6452451.584,1873907.685,13.9,6.8,2,51.31,12.71,3,102,208,0,4,2,1,0,85,0,0,lankershim
84,928,"1,026",1118935772700,31.881,414.982,6452107.247,1873158.667,14.4,6.5,2,27.77,4.31,3,102,208,2,0,2,1,0,95,0,0,lankershim
84,929,"1,026",1118935772800,31.437,417.768,6452108.36,1873161.265,14.4,6.5,2,28.04,0.87,3,102,208,2,0,2,1,0,95,0,0,lankershim
84,930,"1,026",1118935772900,30.995,420.552,6452109.47,1873163.842,14.4,6.5,2,28.1,-0.36,3,102,208,2,0,2,1,0,95,0,0,lankershim
84,931,"1,026",1118935773000,30.558,423.326,6452110.58,1873166.418,14.4,6.5,2,28.05,-0.41,3,102,208,2,0,2,1,0,95,0,0,lankershim
84,932,"1,026",1118935773100,30.121,426.094,6452111.69,1873168.994,14.4,6.5,2,28,-0.43,3,102,208,2,0,2,1,0,95,0,0,lankershim
84,933,"1,026",1118935773200,29.68,428.849,6452112.8,1873171.57,14.4,6.5,2,28.05,0.91,3,102,208,2,0,2,1,0,95,0,0,lankershim
84,934,"1,026",1118935773300,29.237,431.599,6452113.89,1873174.128,14.4,6.5,2,28.36,4.85,3,102,208,2,0,2,1,0,95,0,0,lankershim
84,935,"1,026",1118935773400,28.806,434.393,6452114.999,1873176.704,14.4,6.5,2,29.09,9.91,3,102,208,2,0,2,1,0,95,0,0,lankershim
84,936,"1,026",1118935773500,28.406,437.324,6452116.209,1873179.374,14.4,6.5,2,30.14,10.68,3,102,208,2,0,2,1,0,95,0,0,lankershim
84,937,"1,026",1118935773600,28.048,440.374,6452117.551,1873182.166,14.4,6.5,2,31.21,9.89,3,102,208,2,0,2,1,0,95,0,0,lankershim
84,938,"1,026",1118935773700,27.72,443.56,6452118.993,1873185.052,14.4,6.5,2,31.94,4.85,3,102,208,2,0,2,1,0,95,0,0,lankershim
84,939,"1,026",1118935773800,27.405,446.791,6452120.455,1873187.956,14.4,6.5,2,32.26,0.9,3,102,208,2,0,2,1,0,95,0,0,lankershim
84,940,"1,026",1118935773900,27.087,450.017,6452121.897,1873190.842,14.4,6.5,2,32.3,-0.43,3,102,208,2,0,2,1,0,95,0,0,lankershim
84,941,"1,026",1118935774000,26.765,453.23,6452123.339,1873193.728,14.4,6.5,2,32.26,-0.46,3,102,208,2,0,2,1,0,95,0,0,lankershim
84,942,"1,026",1118935774100,26.434,456.44,6452124.781,1873196.613,14.4,6.5,2,30.65,-11.31,3,102,208,2,0,2,1,0,95,0,0,lankershim
84,943,"1,026",1118935774200,26.108,459.233,6452126.223,1873199.499,14.4,6.5,2,27.09,-12.4,3,102,208,2,0,2,1,0,95,0,0,lankershim
84,944,"1,026",1118935774300,25.841,461.879,6452127.661,1873202.356,14.4,6.5,2,24.85,-14,3,102,208,2,0,2,1,0,95,0,0,lankershim
84,945,"1,026",1118935774400,25.682,464.298,6452129.103,1873205.25,14.4,6.5,2,25.61,8.62,3,102,208,2,0,2,1,0,95,0,0,lankershim
84,946,"1,026",1118935774500,25.612,467.096,6452130.561,1873208.325,14.4,6.5,2,29.29,10.98,3,102,208,2,0,2,1,0,95,0,0,lankershim
84,947,"1,026",1118935774600,25.561,470.174,6452132.04,1873211.503,14.4,6.5,2,34.05,11.34,3,102,208,2,0,2,1,0,95,0,0,lankershim
84,948,"1,026",1118935774700,25.473,473.706,6452133.535,1873214.862,14.4,6.5,2,36.41,6.02,3,102,208,2,0,2,1,0,95,0,0,lankershim
84,949,"1,026",1118935774800,25.353,477.404,6452135.034,1873218.257,14.4,6.5,2,36.81,1.57,3,102,208,2,0,2,1,0,95,0,0,lankershim
84,950,"1,026",1118935774900,25.231,481.104,6452136.529,1873221.625,14.4,6.5,2,36.89,-0.39,3,102,208,2,0,2,1,0,95,0,0,lankershim
84,951,"1,026",1118935775000,25.115,484.79,6452138.024,1873224.992,14.4,6.5,2,36.84,-0.45,3,102,208,0,3,2,1,0,95,0,0,lankershim
84,952,"1,026",1118935775100,24.999,488.469,6452139.519,1873228.359,14.4,6.5,2,36.8,-0.39,3,102,208,0,3,2,1,0,95,0,0,lankershim
84,953,"1,026",1118935775200,24.878,492.136,6452141.014,1873231.726,14.4,6.5,2,36.84,0.85,3,102,208,0,3,2,1,0,95,0,0,lankershim
84,954,"1,026",1118935775300,24.754,495.798,6452142.489,1873235.075,14.4,6.5,2,37.16,4.51,3,102,208,0,3,2,1,0,95,0,0,lankershim
84,955,"1,026",1118935775400,24.647,499.504,6452143.983,1873238.441,14.4,6.5,2,37.9,9.23,3,102,208,0,3,2,1,0,95,0,0,lankershim
84,956,"1,026",1118935775500,24.586,503.341,6452145.581,1873241.904,14.4,6.5,2,38.98,10.01,3,102,208,0,3,2,1,0,95,0,0,lankershim
84,957,"1,026",1118935775600,24.587,507.299,6452147.315,1873245.49,14.4,6.5,2,40.06,10.88,3,102,208,0,3,2,1,0,95,0,0,lankershim
84,958,"1,026",1118935775700,24.635,511.39,6452149.153,1873249.171,14.4,6.5,2,40.81,5.33,3,102,208,0,3,2,1,0,95,0,0,lankershim
84,959,"1,026",1118935775800,24.7,515.524,6452151.011,1873252.871,14.4,6.5,2,41.14,1,3,102,208,0,3,2,1,0,95,0,0,lankershim
84,960,"1,026",1118935775900,24.762,519.654,6452152.848,1873256.552,14.4,6.5,2,41.18,-0.48,3,102,208,0,3,2,1,0,95,0,0,lankershim
84,961,"1,026",1118935776000,24.819,523.77,6452154.686,1873260.233,14.4,6.5,2,41.14,-0.37,3,102,208,0,3,2,1,0,95,0,0,lankershim
84,962,"1,026",1118935776100,24.875,527.881,6452156.523,1873263.914,14.4,6.5,2,41.11,-0.25,3,102,208,0,3,2,1,0,95,0,0,lankershim
84,963,"1,026",1118935776200,24.933,531.986,6452158.36,1873267.595,14.4,6.5,2,41.14,0.53,3,102,208,0,3,2,1,0,95,0,0,lankershim
84,964,"1,026",1118935776300,24.991,536.087,6452160.193,1873271.262,14.4,6.5,2,41.33,2.85,3,102,208,0,3,2,1,0,95,0,0,lankershim
84,965,"1,026",1118935776400,25.045,540.214,6452162.03,1873274.942,14.4,6.5,2,41.76,5.83,3,102,208,0,3,2,1,0,95,0,0,lankershim
84,966,"1,026",1118935776500,25.089,544.41,6452163.89,1873278.697,14.4,6.5,2,42.39,7.11,3,102,208,0,3,2,1,0,95,0,0,lankershim
84,967,"1,026",1118935776600,25.119,548.694,6452165.779,1873282.548,14.4,6.5,2,43,5.52,3,102,208,0,3,2,1,0,95,0,0,lankershim
84,968,"1,026",1118935776700,25.141,553.035,6452167.692,1873286.474,14.4,6.5,2,43.47,3.51,3,102,208,0,3,2,1,0,95,0,0,lankershim
84,969,"1,026",1118935776800,25.159,557.399,6452169.603,1873290.395,14.4,6.5,2,43.9,4.07,3,102,208,0,3,2,1,0,95,0,0,lankershim
84,970,"1,026",1118935776900,25.173,561.791,6452171.515,1873294.32,14.4,6.5,2,44.47,6.99,3,102,208,0,3,2,1,0,95,0,0,lankershim
84,971,"1,026",1118935777000,25.173,566.259,6452173.453,1873298.338,14.4,6.5,2,45.24,9.16,3,102,208,0,3,2,1,0,95,0,0,lankershim
84,972,"1,026",1118935777100,25.154,570.837,6452175.427,1873302.477,14.4,6.5,2,46.02,7.46,3,102,208,0,3,2,1,0,95,0,0,lankershim
84,973,"1,026",1118935777200,25.12,575.501,6452177.427,1873306.71,14.4,6.5,2,46.57,3.64,3,102,208,0,3,2,1,0,95,0,0,lankershim
84,974,"1,026",1118935777300,25.081,580.197,6452179.431,1873310.96,14.4,6.5,2,46.8,0.66,3,102,208,0,3,2,1,0,95,0,0,lankershim
84,975,"1,026",1118935777400,25.042,584.888,6452181.431,1873315.192,14.4,6.5,2,46.84,-0.32,3,102,208,0,3,2,1,0,95,0,0,lankershim
84,976,"1,026",1118935777500,25.006,589.569,6452183.431,1873319.423,14.4,6.5,2,46.81,-0.16,3,102,208,0,3,2,1,0,95,0,0,lankershim
84,977,"1,026",1118935777600,24.97,594.249,6452185.431,1873323.655,14.4,6.5,2,46.8,0,3,102,208,0,3,2,1,0,95,0,0,lankershim
84,978,"1,026",1118935777700,24.933,598.929,6452187.431,1873327.887,14.4,6.5,2,46.8,0,3,102,208,0,3,2,1,0,95,0,0,lankershim
84,979,"1,026",1118935777800,24.896,603.609,6452189.43,1873332.119,14.4,6.5,2,46.8,0,3,102,208,0,3,2,1,0,95,0,0,lankershim
84,980,"1,026",1118935777900,24.86,608.289,6452191.43,1873336.35,14.4,6.5,2,46.8,0,3,102,208,0,3,2,1,0,95,0,0,lankershim
84,981,"1,026",1118935778000,24.824,612.97,6452193.43,1873340.582,14.4,6.5,2,46.8,0,3,102,208,0,3,2,1,0,95,0,0,lankershim
84,982,"1,026",1118935778100,24.787,617.65,6452195.43,1873344.813,14.4,6.5,2,46.8,0,3,102,208,0,3,2,1,0,95,0,0,lankershim
84,983,"1,026",1118935778200,24.751,622.33,6452197.429,1873349.045,14.4,6.5,2,46.8,0,3,102,208,0,3,2,1,0,95,0,0,lankershim
84,984,"1,026",1118935778300,24.717,627.007,6452199.429,1873353.276,14.4,6.5,2,46.82,0.54,3,102,208,0,3,2,1,0,95,0,0,lankershim
84,985,"1,026",1118935778400,24.671,631.701,6452201.429,1873357.508,14.4,6.5,2,46.78,-0.92,3,102,208,0,3,2,1,0,95,0,0,lankershim
84,986,"1,026",1118935778500,24.618,636.373,6452203.428,1873361.739,14.4,6.5,2,46.69,-3.18,3,102,208,0,3,2,1,0,95,0,0,lankershim
84,987,"1,026",1118935778600,24.585,641.016,6452205.41,1873366.03,14.4,6.5,2,46.86,8.11,3,102,208,0,3,2,1,0,95,0,0,lankershim
84,988,"1,026",1118935778700,24.64,645.709,6452207.429,1873370.045,14.4,6.5,2,47.16,11.02,3,102,208,0,3,2,1,0,95,0,0,lankershim
84,989,"1,026",1118935778800,24.843,650.415,6452209.671,1873374.374,14.4,6.5,2,47.69,8.65,3,102,208,0,3,2,1,0,95,0,0,lankershim
84,990,"1,026",1118935778900,25.115,655.226,6452212.112,1873378.576,14.4,6.5,2,49.16,10.55,3,102,208,0,3,2,1,0,95,0,0,lankershim
84,991,"1,026",1118935779000,25.336,660.326,6452214.317,1873382.599,14.4,6.5,2,51.32,5.55,3,102,208,0,3,2,1,0,95,0,0,lankershim
84,992,"1,026",1118935779100,25.426,665.757,6452216.661,1873387.437,14.4,6.5,2,51.3,6.46,3,102,208,0,3,2,1,0,95,0,0,lankershim
84,993,"1,026",1118935779200,25.403,671.61,6452219.227,1873392.744,14.4,6.5,2,51.3,12.48,3,102,208,0,3,2,1,0,95,0,0,lankershim
84,994,"1,026",1118935779300,25.337,677.845,6452221.892,1873398.472,14.4,6.5,2,51.31,11.94,3,102,208,0,3,2,1,0,95,0,0,lankershim
84,995,"1,026",1118935779400,25.232,684.477,6452224.932,1873404.929,14.4,6.5,2,51.31,-6.08,3,102,208,0,3,2,1,0,95,0,0,lankershim
84,996,"1,026",1118935779500,25.094,690.929,6452227.674,1873411.006,14.4,6.5,2,51.32,-11.07,3,102,208,0,3,2,1,0,95,0,0,lankershim
84,997,"1,026",1118935779600,24.936,697.122,6452230.214,1873416.638,14.4,6.5,2,51.32,-11.2,3,102,208,0,3,2,1,0,95,0,0,lankershim
84,998,"1,026",1118935779700,24.779,702.979,6452232.613,1873421.913,14.4,6.5,2,51.32,-11.36,3,102,208,0,3,2,1,76,95,184.06,3.59,lankershim
84,999,"1,026",1118935779800,24.652,708.535,6452234.824,1873426.889,14.4,6.5,2,51.31,-11.45,3,102,208,0,3,2,1,76,95,185.33,3.61,lankershim
84,1000,"1,026",1118935779900,24.551,713.86,6452236.977,1873431.524,14.4,6.5,2,51.31,-9.06,3,102,208,0,3,2,1,76,95,186.82,3.64,lankershim
84,1001,"1,026",1118935780000,24.475,719.002,6452239.163,1873436.228,14.4,6.5,2,51.31,-1.29,3,102,208,0,3,2,1,76,95,188.5,3.67,lankershim
84,1002,"1,026",1118935780100,24.406,724.17,6452241.348,1873440.933,14.4,6.5,2,51.31,0.52,3,102,208,0,3,2,1,76,95,190.14,3.71,lankershim
84,1003,"1,026",1118935780200,24.332,729.36,6452243.534,1873445.637,14.4,6.5,2,51.31,-0.25,3,102,208,0,3,2,1,76,95,191.75,3.74,lankershim
84,1004,"1,026",1118935780300,24.26,734.538,6452245.719,1873450.341,14.4,6.5,2,51.31,0.56,3,102,208,0,3,2,1,76,95,193.47,3.77,lankershim
84,1005,"1,026",1118935780400,24.188,739.712,6452247.902,1873455.031,14.4,6.5,2,51.31,2.93,3,102,208,0,3,2,1,76,95,195.81,3.82,lankershim
84,1006,"1,026",1118935780500,24.11,744.912,6452250.087,1873459.735,14.4,6.5,2,51.31,5.98,3,102,208,0,3,2,1,76,95,198.46,3.87,lankershim
84,1007,"1,026",1118935780600,24.016,750.179,6452252.288,1873464.514,14.4,6.5,2,51.31,7.46,3,102,208,0,3,2,1,76,95,201.44,3.93,lankershim
84,1008,"1,026",1118935780700,23.878,755.584,6452254.511,1873469.394,14.4,6.5,2,51.31,-11.36,3,102,208,0,3,2,1,76,95,204.07,3.98,lankershim
84,1009,"1,026",1118935780800,23.735,760.458,6452256.75,1873474.349,14.4,6.5,2,47.82,-15.84,3,102,208,0,3,2,1,76,95,207.02,4.33,lankershim
84,1010,"1,026",1118935780900,23.832,765.143,6452258.992,1873479.319,14.4,6.5,2,44.82,0,3,102,208,0,3,2,1,76,95,209.64,4.68,lankershim
84,1011,"1,026",1118935781000,24.096,769.538,6452261.23,1873484.274,14.4,6.5,2,44.86,15.84,3,102,208,0,3,2,1,76,95,212.16,4.73,lankershim
84,1012,"1,026",1118935781100,24.53,774.222,6452263.469,1873489.229,14.4,6.5,2,48.04,15.84,3,102,208,0,3,2,1,76,95,214.13,4.46,lankershim
84,1013,"1,026",1118935781200,25.195,779.112,6452265.707,1873494.184,14.4,6.5,2,51.71,11.78,3,102,208,0,3,2,1,76,95,215.65,4.17,lankershim
84,1014,"1,026",1118935781300,25.891,784.487,6452267.946,1873499.139,14.4,6.5,2,51.74,0.39,3,102,208,0,3,2,1,76,95,216.65,4.19,lankershim
84,1015,"1,026",1118935781400,26.561,789.874,6452270.176,1873504.086,14.4,6.5,2,51.75,2.14,3,102,208,0,3,2,1,85,95,125.93,2.43,lankershim
84,1016,"1,026",1118935781500,27.24,795.277,6452272.414,1873509.04,14.4,6.5,2,51.77,4.41,3,102,208,0,3,2,1,85,95,127.43,2.46,lankershim
84,1017,"1,026",1118935781600,27.944,800.725,6452274.694,1873514.034,14.4,6.5,2,51.8,5.5,3,102,208,0,3,2,1,85,95,129.38,2.5,lankershim
84,1018,"1,026",1118935781700,28.68,806.231,6452277.027,1873519.079,14.4,6.5,2,51.84,4.42,3,102,208,0,3,2,1,85,95,131.56,2.54,lankershim
84,1019,"1,026",1118935781800,29.441,811.782,6452279.402,1873524.164,14.4,6.5,2,51.86,2.16,3,102,208,0,3,2,1,85,95,134.06,2.59,lankershim
84,1020,"1,026",1118935781900,30.212,817.349,6452281.785,1873529.257,14.4,6.5,2,51.87,0.4,3,102,208,0,3,2,1,85,95,136.36,2.63,lankershim
84,1021,"1,026",1118935782000,30.981,822.915,6452284.16,1873534.342,14.4,6.5,2,51.87,-0.19,3,102,208,0,3,2,1,85,95,138.52,2.67,lankershim
84,1022,"1,026",1118935782100,31.748,828.475,6452286.534,1873539.426,14.4,6.5,2,51.87,-0.16,3,102,208,0,3,2,1,85,95,140.25,2.7,lankershim
84,1023,"1,026",1118935782200,32.514,834.034,6452288.909,1873544.511,14.4,6.5,2,51.87,-0.28,3,102,208,0,3,2,1,85,95,141.93,2.74,lankershim
84,1024,"1,026",1118935782300,33.291,839.513,6452291.284,1873549.596,14.4,6.5,2,51.86,10.92,3,102,208,0,3,2,1,85,95,143.49,2.77,lankershim
84,1025,"1,026",1118935782400,34.06,845.263,6452293.656,1873554.672,14.4,6.5,2,51.81,10.08,3,102,208,0,3,2,1,85,95,145.05,2.8,lankershim
84,1026,"1,026",1118935782500,34.772,851.132,6452296.028,1873559.741,14.4,6.5,2,51.73,8.71,3,102,208,0,3,2,1,85,95,147.09,2.84,lankershim
84,1027,"1,026",1118935782600,35.401,857.197,6452298.415,1873564.871,14.4,6.5,2,51.65,-6.14,3,102,208,0,3,2,1,85,95,149.97,2.9,lankershim
84,1028,"1,026",1118935782700,35.954,863.344,6452300.833,1873570.147,14.4,6.5,2,51.6,-9.54,3,102,208,0,3,2,1,85,95,153.38,2.97,lankershim
84,1029,"1,026",1118935782800,36.475,869.318,6452303.281,1873575.55,14.4,6.5,2,51.57,-3.24,3,102,208,0,3,2,1,85,95,157.17,3.05,lankershim
84,1030,"1,026",1118935782900,36.993,875.232,6452305.744,1873581.051,14.4,6.5,2,51.56,3.32,3,102,208,0,3,2,1,85,95,160.32,3.11,lankershim
84,1031,"1,026",1118935783000,37.507,881.245,6452308.208,1873586.558,14.4,6.5,2,51.56,0.46,3,102,208,0,3,2,1,85,95,162.49,3.15,lankershim
84,1032,"1,026",1118935783100,38.021,887.251,6452310.669,1873592.049,14.4,6.5,2,51.56,-0.35,3,102,208,0,3,2,1,85,95,163.55,3.17,lankershim
84,1033,"1,026",1118935783200,38.536,893.247,6452313.13,1873597.541,14.4,6.5,2,51.56,-0.14,3,102,208,0,3,2,1,85,95,163.97,3.18,lankershim
84,1034,"1,026",1118935783300,39.052,899.241,6452315.591,1873603.032,14.4,6.5,2,51.56,0,3,102,208,0,3,2,1,85,95,164.34,3.19,lankershim
84,1035,"1,026",1118935783400,39.568,905.237,6452318.051,1873608.524,14.4,6.5,2,51.56,0,3,102,208,0,3,2,1,85,95,164.72,3.19,lankershim
84,1036,"1,026",1118935783500,40.083,911.232,6452320.512,1873614.015,14.4,6.5,2,51.56,0,3,102,208,0,3,2,1,85,95,165.1,3.2,lankershim
84,1037,"1,026",1118935783600,40.599,917.228,6452322.973,1873619.507,14.4,6.5,2,51.56,0,3,102,208,0,3,2,1,85,95,165.59,3.21,lankershim
84,1038,"1,026",1118935783700,41.115,923.223,6452325.434,1873624.998,14.4,6.5,2,51.56,0,3,102,208,0,3,2,1,85,95,165.65,3.21,lankershim
84,1039,"1,026",1118935783800,41.682,929.285,6452327.895,1873630.49,14.4,6.5,2,51.51,8.35,3,102,208,0,3,2,1,85,95,165.22,3.21,lankershim
84,1040,"1,026",1118935783900,42.089,935.96,6452330.356,1873635.981,14.4,6.5,2,51.4,0,3,102,208,0,3,2,1,85,95,163.94,3.19,lankershim
84,1041,"1,026",1118935784000,42.305,942.927,6452332.817,1873641.473,14.4,6.5,2,51.32,0,3,102,208,0,3,2,1,85,95,162.4,3.16,lankershim
84,1042,"1,026",1118935784100,42.376,950.204,6452335.278,1873646.964,14.4,6.5,2,51.3,0,3,102,208,0,3,2,1,186,95,42.94,0.84,lankershim
84,1043,"1,026",1118935784200,42.213,957.175,6452337.739,1873652.456,14.4,6.5,2,51.32,-10.92,3,102,208,0,3,2,1,186,95,42.68,0.83,lankershim
84,1044,"1,026",1118935784300,42.011,963.867,6452340.2,1873657.947,14.4,6.5,2,51.32,-11.54,3,102,208,0,3,2,1,186,95,43.87,0.85,lankershim
84,1045,"1,026",1118935784400,41.849,969.944,6452342.661,1873663.439,14.4,6.5,2,51.31,-7.12,3,102,208,0,3,2,1,186,95,46.69,0.91,lankershim
84,1046,"1,026",1118935784500,41.786,976.02,6452345.086,1873668.866,14.4,6.5,2,51.3,9.43,3,102,208,0,3,2,1,186,95,50.37,0.98,lankershim
84,1047,"1,026",1118935784600,41.866,981.994,6452347.77,1873674.527,14.4,6.5,2,51.32,0,3,102,208,0,3,2,1,186,95,54.24,1.06,lankershim
92,928,895,1118935772700,24.741,385.013,6452085.184,1873137.143,14.3,6.7,2,31.67,7.36,2,102,208,2,0,2,1,85,186,55.25,1.74,lankershim
92,929,895,1118935772800,24.34,388.192,6452086.559,1873140.03,14.3,6.7,2,32.5,8.5,2,102,208,2,0,2,1,85,186,55.91,1.72,lankershim
92,930,895,1118935772900,23.985,391.47,6452088.032,1873142.986,14.3,6.7,2,33.35,8.4,2,102,208,2,0,2,1,85,186,56.39,1.69,lankershim
92,931,895,1118935773000,23.628,394.837,6452089.511,1873146.022,14.3,6.7,2,34.09,6.82,2,102,208,2,0,2,1,85,186,56.76,1.66,lankershim
92,932,895,1118935773100,23.256,398.269,6452091.031,1873149.143,14.3,6.7,2,34.71,5.46,2,102,208,2,0,2,1,85,186,57.19,1.65,lankershim
92,933,895,1118935773200,22.886,401.75,6452092.564,1873152.29,14.3,6.7,2,35.29,5.67,2,102,208,2,0,2,1,85,186,57.48,1.63,lankershim
92,934,895,1118935773300,22.503,405.276,6452094.136,1873155.449,14.3,6.7,2,35.91,8.25,2,102,208,2,0,2,1,85,186,57.56,1.6,lankershim
92,935,895,1118935773400,22.057,408.863,6452095.696,1873158.718,14.3,6.7,2,36.66,10.25,2,102,208,2,0,2,1,85,186,57.46,1.57,lankershim
92,936,895,1118935773500,21.517,412.528,6452097.179,1873162.108,14.3,6.7,2,37.51,9.28,2,102,208,2,0,2,1,85,186,57.42,1.53,lankershim
92,937,895,1118935773600,20.924,416.283,6452098.666,1873165.614,14.3,6.7,2,38.37,8.38,2,102,208,2,0,2,1,85,186,57.43,1.5,lankershim
92,938,895,1118935773700,20.362,420.13,6452100.227,1873169.166,14.3,6.7,2,39.11,5.11,2,102,208,2,0,2,1,85,186,57.51,1.47,lankershim
92,939,895,1118935773800,19.881,424.054,6452101.941,1873172.749,14.3,6.7,2,39.72,4.18,2,102,208,2,0,2,1,85,186,57.67,1.45,lankershim
92,940,895,1118935773900,19.465,428.031,6452103.719,1873176.332,14.3,6.7,2,40.31,5.69,2,102,208,2,0,2,1,85,186,57.89,1.44,lankershim
92,941,895,1118935774000,19.043,432.06,6452105.51,1873179.941,14.3,6.7,2,40.95,8.56,2,102,208,2,0,2,1,85,186,58.23,1.42,lankershim
92,942,895,1118935774100,18.542,436.16,6452107.29,1873183.66,14.3,6.7,2,41.6,9.21,2,102,208,2,0,2,1,85,186,58.55,1.41,lankershim
92,943,895,1118935774200,17.946,440.328,6452109.004,1873187.526,14.3,6.7,2,42.14,5.07,2,102,208,2,0,2,1,85,186,58.77,1.39,lankershim
92,944,895,1118935774300,17.303,444.53,6452110.698,1873191.456,14.3,6.7,2,42.5,0.46,2,102,208,2,0,2,1,85,186,58.97,1.39,lankershim
92,945,895,1118935774400,16.704,448.741,6452112.412,1873195.321,14.3,6.7,2,42.84,-3.08,2,102,208,2,0,2,1,85,186,59.21,1.38,lankershim
92,946,895,1118935774500,16.166,453.084,6452114.258,1873199.175,14.3,6.7,2,42.53,-8.7,2,102,208,2,0,2,1,85,186,59.34,1.4,lankershim
92,947,895,1118935774600,15.681,457.273,6452116.188,1873203.071,14.3,6.7,2,41.33,-14.78,2,102,208,2,0,2,1,85,186,59.68,1.44,lankershim
92,948,895,1118935774700,15.317,461.28,6452118.159,1873207.117,14.3,6.7,2,40.92,-11.23,2,102,208,2,0,2,1,85,186,60.26,1.47,lankershim
92,949,895,1118935774800,15.074,465.363,6452120.223,1873211.286,14.3,6.7,2,42.02,5.53,2,102,208,2,0,2,1,85,186,60.82,1.45,lankershim
92,950,895,1118935774900,14.964,469.702,6452122.254,1873215.522,14.3,6.7,2,44.4,10.89,2,102,208,2,0,2,1,85,186,61.15,1.38,lankershim
92,951,895,1118935775000,14.863,474.216,6452124.234,1873219.933,14.3,6.7,2,47.06,11.21,2,102,208,2,0,2,1,85,186,61.31,1.3,lankershim
92,952,895,1118935775100,14.724,479.053,6452126.179,1873224.379,14.3,6.7,2,48.35,-0.8,2,102,208,2,0,2,1,85,186,61.23,1.27,lankershim
92,953,895,1118935775200,14.624,483.884,6452128.14,1873228.752,14.3,6.7,2,48.85,4.38,2,102,208,0,3,2,1,85,186,61.29,1.25,lankershim
92,954,895,1118935775300,14.595,488.775,6452130.269,1873233.12,14.3,6.7,2,49.58,9.61,2,102,208,0,3,2,1,85,186,61.41,1.24,lankershim
92,955,895,1118935775400,14.569,493.789,6452132.46,1873237.651,14.3,6.7,2,50.4,8.92,2,102,208,0,3,2,1,85,186,61.48,1.22,lankershim
92,956,895,1118935775500,14.473,498.902,6452134.587,1873242.329,14.3,6.7,2,50.92,3.91,2,102,208,0,3,2,1,85,186,61.51,1.21,lankershim
92,957,895,1118935775600,14.324,504.025,6452136.665,1873247.047,14.3,6.7,2,51.11,-2.48,2,102,208,0,3,2,1,85,186,61.56,1.2,lankershim
92,958,895,1118935775700,14.21,509.12,6452138.743,1873251.66,14.3,6.7,2,51.28,-5.19,2,102,208,0,3,2,1,85,186,61.67,1.2,lankershim
92,959,895,1118935775800,14.178,514.233,6452140.948,1873256.251,14.3,6.7,2,51.3,5.18,2,102,208,0,3,2,1,85,186,61.76,1.2,lankershim
92,960,895,1118935775900,14.205,519.434,6452143.25,1873260.911,14.3,6.7,2,51.3,7.92,2,102,208,0,3,2,1,85,186,61.75,1.2,lankershim
92,961,895,1118935776000,14.243,524.734,6452145.585,1873265.704,14.3,6.7,2,51.3,4.68,2,102,208,0,3,2,1,85,186,61.64,1.2,lankershim
92,962,895,1118935776100,14.269,530.096,6452147.928,1873270.513,14.3,6.7,2,51.3,-0.61,2,102,208,0,3,2,1,85,186,61.47,1.2,lankershim
92,963,895,1118935776200,14.29,535.447,6452150.271,1873275.322,14.3,6.7,2,51.3,-5.05,2,102,208,0,3,2,1,85,186,61.32,1.2,lankershim
92,964,895,1118935776300,14.31,540.708,6452152.606,1873280.116,14.3,6.7,2,51.3,-3.44,2,102,208,0,3,2,1,85,186,61.24,1.19,lankershim
92,965,895,1118935776400,14.321,545.9,6452154.853,1873284.733,14.3,6.7,2,51.3,5.28,2,102,208,0,3,2,1,85,186,61.2,1.19,lankershim
92,966,895,1118935776500,14.324,551.19,6452157.095,1873289.391,14.3,6.7,2,51.3,11.26,2,102,208,0,3,2,1,85,186,61.12,1.19,lankershim
92,967,895,1118935776600,14.342,556.677,6452159.479,1873294.317,14.3,6.7,2,51.3,11.45,2,102,208,0,3,2,1,85,186,60.92,1.19,lankershim
92,968,895,1118935776700,14.392,562.343,6452161.976,1873299.399,14.3,6.7,2,51.3,11.35,2,102,208,0,3,2,1,85,186,60.7,1.18,lankershim
92,969,895,1118935776800,14.465,568.18,6452164.644,1873304.689,14.3,6.7,2,51.3,11.2,2,102,208,0,3,2,1,85,186,60.45,1.18,lankershim
92,970,895,1118935776900,14.539,574.211,6452167.353,1873310.173,14.3,6.7,2,51.3,4.97,2,102,208,0,3,2,1,85,186,60.18,1.17,lankershim
92,971,895,1118935777000,14.6,580.299,6452170.033,1873315.601,14.3,6.7,2,51.3,-0.46,2,102,208,0,3,2,1,85,186,60.04,1.17,lankershim
92,972,895,1118935777100,14.653,586.364,6452172.713,1873321.029,14.3,6.7,2,51.3,-0.56,2,102,208,0,3,2,1,85,186,60.08,1.17,lankershim
92,973,895,1118935777200,14.71,592.414,6452175.392,1873326.458,14.3,6.7,2,51.3,0,2,102,208,0,3,2,1,85,186,60.3,1.18,lankershim
92,974,895,1118935777300,14.766,598.467,6452178.072,1873331.886,14.3,6.7,2,51.3,0,2,102,208,0,3,2,1,85,186,60.51,1.18,lankershim
92,975,895,1118935777400,14.823,604.52,6452180.752,1873337.314,14.3,6.7,2,51.3,0,2,102,208,0,3,2,1,85,186,60.7,1.18,lankershim
92,976,895,1118935777500,14.879,610.574,6452183.432,1873342.743,14.3,6.7,2,51.3,0,2,102,208,0,3,2,1,85,186,60.97,1.19,lankershim
92,977,895,1118935777600,14.935,616.627,6452186.111,1873348.171,14.3,6.7,2,51.3,0,2,102,208,0,3,2,1,85,186,61.29,1.19,lankershim
92,978,895,1118935777700,14.992,622.681,6452188.791,1873353.599,14.3,6.7,2,51.3,0,2,102,208,0,3,2,1,85,186,61.48,1.2,lankershim
92,979,895,1118935777800,15.048,628.735,6452191.471,1873359.028,14.3,6.7,2,51.3,0,2,102,208,0,3,2,1,85,186,61.52,1.2,lankershim
92,980,895,1118935777900,15.105,634.788,6452194.151,1873364.456,14.3,6.7,2,51.3,0,2,102,208,0,3,2,1,85,186,61.46,1.2,lankershim
92,981,895,1118935778000,15.161,640.841,6452196.83,1873369.884,14.3,6.7,2,51.3,0,2,102,208,0,3,2,1,85,186,61.49,1.2,lankershim
92,982,895,1118935778100,15.216,646.889,6452199.51,1873375.313,14.3,6.7,2,51.3,0.83,2,102,208,0,3,2,1,85,186,61.69,1.2,lankershim
92,983,895,1118935778200,15.275,652.958,6452202.19,1873380.741,14.3,6.7,2,51.3,0.13,2,102,208,0,3,2,1,85,186,61.98,1.21,lankershim
92,984,895,1118935778300,15.341,659.055,6452204.869,1873386.169,14.3,6.7,2,51.3,-5.77,2,102,208,0,3,2,1,85,186,62.15,1.21,lankershim
92,985,895,1118935778400,15.408,665.076,6452207.608,1873391.672,14.3,6.7,2,51.3,-10.56,2,102,208,0,3,2,1,85,186,62.22,1.21,lankershim
92,986,895,1118935778500,15.441,670.954,6452210.191,1873396.958,14.3,6.7,2,51.3,4.98,2,102,208,0,3,2,1,85,186,62.39,1.22,lankershim
92,987,895,1118935778600,15.386,676.743,6452212.623,1873402.038,14.3,6.7,2,51.31,10.71,2,102,208,0,3,2,1,85,186,62.69,1.22,lankershim
92,988,895,1118935778700,15.244,682.695,6452215.034,1873407.467,14.3,6.7,2,51.32,12.58,2,102,208,0,3,2,1,85,186,62.69,1.22,lankershim
92,989,895,1118935778800,15.038,688.828,6452217.475,1873413.051,14.3,6.7,2,51.34,11.61,2,102,208,0,3,2,1,85,186,62.4,1.22,lankershim
92,990,895,1118935778900,14.789,695.119,6452220.081,1873418.844,14.3,6.7,2,51.34,11.15,2,102,208,0,3,2,1,85,186,61.8,1.2,lankershim
92,991,895,1118935779000,14.553,701.604,6452222.687,1873424.959,14.3,6.7,2,51.33,-3.12,2,102,208,0,3,2,1,85,186,60.74,1.18,lankershim
92,992,895,1118935779100,14.392,708.156,6452225.326,1873430.873,14.3,6.7,2,51.31,-8.32,2,102,208,0,3,2,1,85,186,59.92,1.17,lankershim
92,993,895,1118935779200,14.343,714.677,6452228.157,1873436.738,14.3,6.7,2,51.3,-4.53,2,102,208,0,3,2,1,85,186,59.33,1.16,lankershim
92,994,895,1118935779300,14.362,721.178,6452231.016,1873442.593,14.3,6.7,2,51.3,2.82,2,102,208,0,3,2,1,85,186,58.93,1.15,lankershim
92,995,895,1118935779400,14.333,727.675,6452233.822,1873448.47,14.3,6.7,2,51.31,6.68,2,102,208,0,3,2,1,85,186,58.92,1.15,lankershim
92,996,895,1118935779500,14.207,734.174,6452236.513,1873454.361,14.3,6.7,2,51.32,6.56,2,102,208,0,3,2,1,85,186,58.74,1.14,lankershim
92,997,895,1118935779600,14.015,740.728,6452239.161,1873460.332,14.3,6.7,2,51.33,5.73,2,102,208,0,3,2,1,85,186,58.34,1.14,lankershim
92,998,895,1118935779700,13.825,747.36,6452241.866,1873466.413,14.3,6.7,2,51.32,-1.39,2,102,208,0,3,2,1,85,186,57.7,1.12,lankershim
92,999,895,1118935779800,13.637,754.057,6452244.66,1873472.509,14.3,6.7,2,51.31,-15.25,2,102,208,0,3,2,1,85,186,56.95,1.11,lankershim
92,1000,895,1118935779900,13.661,760.393,6452247.468,1873478.516,14.3,6.7,2,51.31,0,2,102,208,0,3,2,1,85,186,56.84,1.11,lankershim
92,1001,895,1118935780000,13.88,766.601,6452250.251,1873484.463,14.3,6.7,2,51.4,0,2,102,208,0,3,2,1,85,186,57.04,1.11,lankershim
92,1002,895,1118935780100,14.281,772.505,6452253.044,1873490.478,14.3,6.7,2,51.57,15.84,2,102,208,0,3,2,1,85,186,57.8,1.12,lankershim
92,1003,895,1118935780200,14.899,778.649,6452255.723,1873496.651,14.3,6.7,2,51.74,13.09,2,102,208,0,3,2,1,85,186,58.33,1.13,lankershim
92,1004,895,1118935780300,15.661,784.889,6452258.337,1873502.707,14.3,6.7,2,51.79,11.19,2,102,208,0,3,2,1,85,186,58.69,1.13,lankershim
92,1005,895,1118935780400,16.375,791.432,6452260.896,1873508.549,14.3,6.7,2,51.79,2.67,2,102,208,0,3,2,1,85,186,58.81,1.14,lankershim
92,1006,895,1118935780500,17.085,797.904,6452263.465,1873514.522,14.3,6.7,2,51.77,9.04,2,102,208,0,3,2,1,85,186,59.12,1.14,lankershim
92,1007,895,1118935780600,17.777,804.522,6452266.119,1873520.623,14.3,6.7,2,51.75,5.02,2,102,208,0,3,2,1,85,186,59.21,1.14,lankershim
92,1008,895,1118935780700,18.447,811.223,6452268.743,1873526.914,14.3,6.7,2,51.74,-4.06,2,102,208,0,3,2,1,85,186,59.07,1.14,lankershim
92,1009,895,1118935780800,19.108,817.861,6452271.321,1873533.067,14.3,6.7,2,51.74,-8.89,2,102,208,0,3,2,1,85,186,58.83,1.14,lankershim
92,1010,895,1118935780900,19.78,824.373,6452273.887,1873539.042,14.3,6.7,2,51.75,-6.51,2,102,208,0,3,2,1,85,186,58.77,1.14,lankershim
92,1011,895,1118935781000,20.472,830.801,6452276.448,1873544.96,14.3,6.7,2,51.76,-1.81,2,102,208,0,3,2,1,85,186,58.79,1.14,lankershim
92,1012,895,1118935781100,21.179,837.175,6452279.013,1873550.91,14.3,6.7,2,51.75,7.25,2,102,208,0,3,2,1,85,186,58.87,1.14,lankershim
92,1013,895,1118935781200,21.877,843.688,6452281.578,1873556.86,14.3,6.7,2,51.71,9.92,2,102,208,0,3,2,1,85,186,58.86,1.14,lankershim
92,1014,895,1118935781300,22.511,850.353,6452284.143,1873562.809,14.3,6.7,2,51.63,-3.42,2,102,208,0,3,2,1,85,186,58.78,1.14,lankershim
92,1015,895,1118935781400,23.048,857.108,6452286.708,1873568.759,14.3,6.7,2,51.58,-6.47,2,102,208,0,3,2,1,0,186,0,0,lankershim
92,1016,895,1118935781500,23.518,863.792,6452289.242,1873574.687,14.3,6.7,2,51.56,-6.59,2,102,208,0,3,2,1,0,186,0,0,lankershim
92,1017,895,1118935781600,24.01,870.337,6452291.827,1873580.635,14.3,6.7,2,51.6,7.93,2,102,208,0,3,2,1,0,186,0,0,lankershim
92,1018,895,1118935781700,24.592,876.964,6452294.579,1873586.702,14.3,6.7,2,51.67,12.94,2,102,208,0,3,2,1,0,186,0,0,lankershim
92,1019,895,1118935781800,25.256,883.766,6452297.45,1873592.911,14.3,6.7,2,51.73,11.79,2,102,208,0,3,2,1,0,186,0,0,lankershim
92,1020,895,1118935781900,25.958,890.701,6452300.41,1873599.252,14.3,6.7,2,51.76,11.22,2,102,208,0,3,2,1,0,186,0,0,lankershim
92,1021,895,1118935782000,26.656,897.801,6452303.431,1873605.768,14.3,6.7,2,51.76,5.87,2,102,208,0,3,2,1,0,186,0,0,lankershim
92,1022,895,1118935782100,27.343,904.959,6452306.417,1873612.294,14.3,6.7,2,51.76,1.28,2,102,208,0,3,2,1,0,186,0,0,lankershim
92,1023,895,1118935782200,28.026,912.105,6452309.407,1873618.83,14.3,6.7,2,51.75,0.86,2,102,208,0,3,2,1,0,186,0,0,lankershim
92,1024,895,1118935782300,28.708,919.238,6452312.424,1873625.323,14.3,6.7,2,51.76,4.17,2,102,208,0,3,2,1,0,186,0,0,lankershim
92,1025,895,1118935782400,29.451,926.514,6452315.409,1873631.847,14.3,6.7,2,51.7,8.13,2,102,208,0,3,2,1,0,186,0,0,lankershim
92,1026,895,1118935782500,30.015,934.274,6452318.445,1873638.497,14.3,6.7,2,51.53,0,2,102,208,0,3,2,1,0,186,0,0,lankershim
92,1027,895,1118935782600,30.364,942.292,6452321.559,1873645.227,14.3,6.7,2,51.36,0,2,102,208,0,3,2,1,0,186,0,0,lankershim
92,1028,895,1118935782700,30.537,950.65,6452324.647,1873652.007,14.3,6.7,2,51.3,-15.84,2,102,208,0,3,2,1,0,186,0,0,lankershim
92,1029,895,1118935782800,30.473,958.774,6452327.7,1873658.698,14.3,6.7,2,51.31,-10.15,2,102,208,0,3,2,1,0,186,0,0,lankershim
92,1030,895,1118935782900,30.292,966.775,6452330.752,1873665.378,14.3,6.7,2,51.31,-11.59,2,102,208,0,3,2,1,0,186,0,0,lankershim
92,1031,895,1118935783000,30.203,974.293,6452333.924,1873672.298,14.3,6.7,2,51.31,11.05,2,102,208,0,3,2,1,0,186,0,0,lankershim
92,1032,895,1118935783100,30.136,982.084,6452337.23,1873679.369,14.3,6.7,2,51.31,11.21,2,102,208,0,3,2,1,0,186,0,0,lankershim
92,1033,895,1118935783200,30.062,990.031,6452340.667,1873686.636,14.3,6.7,2,51.31,10.92,2,102,208,0,3,2,1,0,186,0,0,lankershim
92,1034,895,1118935783300,30.012,998.282,6452344.047,1873694.056,14.3,6.7,2,51.33,15.79,2,102,208,0,3,2,1,0,186,0,0,lankershim
92,1035,895,1118935783400,29.685,"1,007.12",6452347.411,1873701.459,14.3,6.7,2,51.45,15.84,2,102,208,0,3,2,1,0,186,0,0,lankershim
92,1036,895,1118935783500,29.078,"1,016.26",6452350.78,1873708.852,14.3,6.7,2,51.83,15.84,2,102,208,0,3,2,1,0,186,0,0,lankershim
92,1037,895,1118935783600,28.177,"1,025.68",6452354.149,1873716.245,14.3,6.7,2,52.47,0,2,102,208,0,3,2,1,0,186,0,0,lankershim
92,1038,895,1118935783700,27.018,"1,034.74",6452357.497,1873723.674,14.3,6.7,2,53.04,0,2,102,208,3,0,2,1,0,186,0,0,lankershim
92,1039,895,1118935783800,25.493,"1,043.41",6452360.893,1873731.041,14.3,6.7,2,53.18,-12.4,2,102,208,3,0,2,1,0,186,0,0,lankershim
92,1040,895,1118935783900,24.095,"1,051.46",6452364.37,1873738.23,14.3,6.7,2,53.04,-13.35,2,102,208,3,0,2,1,0,186,0,0,lankershim
92,1041,895,1118935784000,22.814,"1,059.18",6452367.85,1873745.297,14.3,6.7,2,52.92,-11.47,2,102,208,3,0,2,1,0,186,0,0,lankershim
92,1042,895,1118935784100,21.55,"1,066.76",6452371.235,1873752.206,14.3,6.7,2,52.89,-11.17,2,102,208,3,0,2,1,0,188,0,0,lankershim
92,1043,895,1118935784200,20.258,"1,074.22",6452374.471,1873758.978,14.3,6.7,2,52.9,-10.38,2,102,208,3,0,2,1,0,188,0,0,lankershim
92,1044,895,1118935784300,18.935,"1,081.48",6452377.634,1873765.691,14.3,6.7,2,52.86,-11.77,2,102,208,3,0,2,1,0,188,0,0,lankershim
92,1045,895,1118935784400,17.681,"1,088.37",6452380.777,1873772.329,14.3,6.7,2,52.53,-15.84,2,102,208,3,0,2,1,0,188,0,0,lankershim
92,1046,895,1118935784500,16.8,"1,095.07",6452384.024,1873779.021,14.3,6.7,2,51.87,-15.84,2,102,208,3,0,2,1,0,188,0,0,lankershim
92,1047,895,1118935784600,16.309,"1,101.52",6452387.295,1873785.784,14.3,6.7,2,51.37,0,2,102,208,3,0,2,1,0,188,0,0,lankershim
100,928,937,1118935772700,39.037,311.463,6452064.451,1873069.432,12.7,6.4,2,9.3,0,3,102,207,0,2,2,1,95,142,53.92,5.8,lankershim
100,929,937,1118935772800,39.105,312.392,6452064.906,1873070.244,12.7,6.4,2,9.3,0,3,102,207,0,2,2,1,95,142,55.24,5.94,lankershim
100,930,937,1118935772900,39.173,313.32,6452065.36,1873071.057,12.7,6.4,2,9.3,0,3,102,207,0,2,2,1,95,142,56.54,6.08,lankershim
100,931,937,1118935773000,39.241,314.252,6452065.814,1873071.869,12.7,6.4,2,9.28,-0.59,3,102,207,0,2,2,1,95,142,57.88,6.24,lankershim
100,932,937,1118935773100,39.314,315.167,6452066.269,1873072.682,12.7,6.4,2,9.27,-0.53,3,102,207,0,2,2,1,95,142,59.32,6.4,lankershim
100,933,937,1118935773200,39.382,316.057,6452066.723,1873073.495,12.7,6.4,2,9.66,6,3,102,207,0,2,2,1,95,142,60.88,6.3,lankershim
100,934,937,1118935773300,39.428,317.044,6452067.152,1873074.242,12.7,6.4,2,10.78,11.09,3,102,207,0,2,2,1,95,142,62.39,5.79,lankershim
100,935,937,1118935773400,39.452,318.237,6452067.605,1873075.242,12.7,6.4,2,12.69,11.19,3,102,207,0,2,2,1,95,142,63.68,5.02,lankershim
100,936,937,1118935773500,39.475,319.638,6452068.223,1873076.488,12.7,6.4,2,15.21,11.21,3,102,207,0,2,2,1,95,142,64.75,4.26,lankershim
100,937,937,1118935773600,39.511,321.279,6452068.945,1873077.974,12.7,6.4,2,17.73,11.19,3,102,207,0,2,2,1,95,142,65.62,3.7,lankershim
100,938,937,1118935773700,39.546,323.128,6452069.831,1873079.705,12.7,6.4,2,19.65,11.08,3,102,207,0,2,2,1,95,142,66.36,3.38,lankershim
100,939,937,1118935773800,39.558,325.183,6452070.741,1873081.69,12.7,6.4,2,20.77,6.03,3,102,207,0,2,2,1,95,142,66.98,3.22,lankershim
100,940,937,1118935773900,39.549,327.335,6452071.626,1873083.609,12.7,6.4,2,21.17,0.7,3,102,207,0,2,2,1,95,142,67.55,3.19,lankershim
100,941,937,1118935774000,39.535,329.463,6452072.511,1873085.529,12.7,6.4,2,21.16,-0.74,3,102,207,0,2,2,1,95,142,68.16,3.22,lankershim
100,942,937,1118935774100,39.525,331.572,6452073.395,1873087.448,12.7,6.4,2,21.11,-0.21,3,102,207,0,2,2,1,95,142,68.83,3.26,lankershim
100,943,937,1118935774200,39.514,333.677,6452074.28,1873089.367,12.7,6.4,2,21.13,0.48,3,102,207,0,2,2,1,95,142,69.58,3.29,lankershim
100,944,937,1118935774300,39.502,335.779,6452075.157,1873091.276,12.7,6.4,2,21.3,2.5,3,102,207,0,2,2,1,95,142,70.43,3.31,lankershim
100,945,937,1118935774400,39.495,337.905,6452076.041,1873093.195,12.7,6.4,2,21.69,5.37,3,102,207,0,2,2,1,95,142,71.29,3.29,lankershim
100,946,937,1118935774500,39.501,340.091,6452076.968,1873095.169,12.7,6.4,2,22.26,6.7,3,102,207,0,2,2,1,95,142,72.11,3.24,lankershim
100,947,937,1118935774600,39.554,342.496,6452077.95,1873097.216,12.7,6.4,2,25.52,10.74,3,102,207,0,2,2,1,95,142,72.68,2.85,lankershim
100,948,937,1118935774700,39.58,345.512,6452078.975,1873099.318,12.7,6.4,2,32.14,15.09,3,102,207,0,2,2,1,95,142,72.63,2.26,lankershim
100,949,937,1118935774800,39.471,348.863,6452080.007,1873101.431,12.7,6.4,2,36.75,15.82,3,102,207,2,0,2,1,95,142,72.23,1.97,lankershim
100,950,937,1118935774900,39.226,352.533,6452081.031,1873103.533,12.7,6.4,2,36.77,-9.54,3,102,207,2,0,2,1,95,142,71.56,1.95,lankershim
100,951,937,1118935775000,38.907,355.892,6452082.054,1873105.634,12.7,6.4,2,32.32,-11.22,3,102,207,2,0,2,1,95,142,71.3,2.21,lankershim
100,952,937,1118935775100,38.621,358.94,6452083.078,1873107.736,12.7,6.4,2,26.06,-11.34,3,102,207,2,0,2,1,95,142,71.43,2.74,lankershim
100,953,937,1118935775200,38.377,361.341,6452084.102,1873109.838,12.7,6.4,2,23.36,0.09,3,102,207,2,0,2,1,95,142,72.26,3.09,lankershim
100,954,937,1118935775300,38.122,363.654,6452085.122,1873111.931,12.7,6.4,2,23.46,1.6,3,102,207,2,0,2,1,95,142,73.18,3.12,lankershim
100,955,937,1118935775400,37.865,365.972,6452086.145,1873114.033,12.7,6.4,2,23.82,5.07,3,102,207,2,0,2,1,95,142,74.14,3.11,lankershim
100,956,937,1118935775500,37.606,368.338,6452087.177,1873116.152,12.7,6.4,2,24.52,9.13,3,102,207,2,0,2,1,95,142,75.13,3.06,lankershim
100,957,937,1118935775600,37.35,370.809,6452088.263,1873118.381,12.7,6.4,2,25.5,11.19,3,102,207,2,0,2,1,95,142,76.09,2.98,lankershim
100,958,937,1118935775700,37.069,373.411,6452089.438,1873120.726,12.7,6.4,2,26.46,10.03,3,102,207,2,0,2,1,95,142,76.94,2.91,lankershim
100,959,937,1118935775800,36.721,376.108,6452090.611,1873123.198,12.7,6.4,2,27.14,7.52,3,102,207,2,0,2,1,95,142,77.8,2.87,lankershim
100,960,937,1118935775900,36.284,378.827,6452091.69,1873125.759,12.7,6.4,2,27.55,3.6,3,102,207,2,0,2,1,95,142,78.38,2.85,lankershim
100,961,937,1118935776000,35.809,381.547,6452092.705,1873128.296,12.7,6.4,2,27.91,3.54,3,102,207,2,0,2,1,95,142,78.73,2.82,lankershim
100,962,937,1118935776100,35.385,384.307,6452093.783,1873130.856,12.7,6.4,2,28.44,6.51,3,102,207,2,0,2,1,95,142,78.81,2.77,lankershim
100,963,937,1118935776200,35.025,387.158,6452095.044,1873133.443,12.7,6.4,2,29.11,7.27,3,102,207,2,0,2,1,95,142,78.95,2.71,lankershim
100,964,937,1118935776300,34.655,390.099,6452096.346,1873136.114,12.7,6.4,2,29.67,6.25,3,102,207,2,0,2,1,95,142,79.23,2.67,lankershim
100,965,937,1118935776400,34.206,393.077,6452097.536,1873138.904,12.7,6.4,2,29.99,3.13,3,102,207,2,0,2,1,95,142,79.75,2.66,lankershim
100,966,937,1118935776500,33.705,396.056,6452098.672,1873141.688,12.7,6.4,2,30.05,-2.89,3,102,207,2,0,2,1,95,142,80.61,2.68,lankershim
100,967,937,1118935776600,33.257,399.025,6452099.849,1873144.451,12.7,6.4,2,30,-4.46,3,102,207,2,0,2,1,95,142,81.48,2.72,lankershim
100,968,937,1118935776700,32.886,401.986,6452101.164,1873147.148,12.7,6.4,2,30.04,1.29,3,102,207,2,0,2,1,95,142,82.41,2.74,lankershim
100,969,937,1118935776800,32.514,404.954,6452102.466,1873149.818,12.7,6.4,2,30.35,6.26,3,102,207,2,0,2,1,95,142,83.39,2.75,lankershim
100,970,937,1118935776900,32.063,407.958,6452103.655,1873152.607,12.7,6.4,2,30.92,7.9,3,102,207,2,0,2,1,95,142,84.39,2.73,lankershim
100,971,937,1118935777000,31.545,411.047,6452104.844,1873155.501,12.7,6.4,2,31.6,6.99,3,102,207,2,0,2,1,95,142,85.3,2.7,lankershim
100,972,937,1118935777100,31.061,414.221,6452106.121,1873158.468,12.7,6.4,2,32.15,-2.55,3,102,207,2,0,2,1,95,142,86.13,2.68,lankershim
100,973,937,1118935777200,30.671,417.446,6452107.529,1873161.424,12.7,6.4,2,32.54,1.52,3,102,207,2,0,2,1,95,142,86.95,2.67,lankershim
100,974,937,1118935777300,30.324,420.699,6452108.995,1873164.298,12.7,6.4,2,32.83,4.06,3,102,207,2,0,2,1,95,142,87.81,2.67,lankershim
100,975,937,1118935777400,29.929,423.971,6452110.416,1873167.28,12.7,6.4,2,33.05,6.67,3,102,207,2,0,2,1,95,142,88.7,2.68,lankershim
100,976,937,1118935777500,29.434,427.259,6452111.746,1873170.357,12.7,6.4,2,33.25,3.41,3,102,207,2,0,2,1,95,142,89.58,2.69,lankershim
100,977,937,1118935777600,28.89,430.549,6452113.021,1873173.429,12.7,6.4,2,33.43,-1.93,3,102,207,2,0,2,1,95,142,90.51,2.71,lankershim
100,978,937,1118935777700,28.391,433.846,6452114.343,1873176.49,12.7,6.4,2,33.72,-2.69,3,102,207,2,0,2,1,95,142,91.52,2.71,lankershim
100,979,937,1118935777800,27.967,437.2,6452115.784,1873179.513,12.7,6.4,2,34.18,4.57,3,102,207,2,0,2,1,95,142,92.52,2.71,lankershim
100,980,937,1118935777900,27.598,440.635,6452117.331,1873182.621,12.7,6.4,2,34.63,4.07,3,102,207,2,0,2,1,95,142,93.39,2.7,lankershim
100,981,937,1118935778000,27.247,444.119,6452118.877,1873185.794,12.7,6.4,2,34.91,2.22,3,102,207,2,0,2,1,95,142,94.09,2.7,lankershim
100,982,937,1118935778100,26.872,447.6,6452120.436,1873188.927,12.7,6.4,2,35.07,5.03,3,102,207,2,0,2,1,95,142,94.65,2.7,lankershim
100,983,937,1118935778200,26.437,451.066,6452121.93,1873192.06,12.7,6.4,2,35.36,7.31,3,102,207,2,0,2,1,95,142,95.07,2.69,lankershim
100,984,937,1118935778300,25.908,454.674,6452123.339,1873195.298,12.7,6.4,2,34.62,-10.89,3,102,207,2,0,2,1,95,142,95.42,2.76,lankershim
100,985,937,1118935778400,25.315,457.898,6452124.747,1873198.642,12.7,6.4,2,32.06,-13.59,3,102,207,2,0,2,1,95,142,96.39,3.01,lankershim
100,986,937,1118935778500,24.877,460.991,6452126.242,1873202.059,12.7,6.4,2,29.88,-15.84,3,102,207,2,0,2,1,95,142,97.73,3.27,lankershim
100,987,937,1118935778600,24.596,463.812,6452127.882,1873205.491,12.7,6.4,2,29.63,0,3,102,207,2,0,2,1,95,142,99.6,3.36,lankershim
100,988,937,1118935778700,24.45,466.926,6452129.528,1873208.801,12.7,6.4,2,31.64,4.49,3,102,207,2,0,2,1,95,142,101.39,3.2,lankershim
100,989,937,1118935778800,24.488,470.193,6452131.127,1873212.084,12.7,6.4,2,34.87,11.46,3,102,207,2,0,2,1,95,142,103.28,2.96,lankershim
100,990,937,1118935778900,24.525,473.789,6452132.726,1873215.366,12.7,6.4,2,36.81,7.22,3,102,207,2,0,2,1,95,142,104.83,2.85,lankershim
100,991,937,1118935779000,24.538,477.506,6452134.332,1873218.663,12.7,6.4,2,37.57,7.75,3,102,207,2,0,2,1,95,142,106.12,2.82,lankershim
100,992,937,1118935779100,24.553,481.303,6452135.997,1873222.082,12.7,6.4,2,38.27,7.27,3,102,207,2,0,2,1,95,142,107.2,2.8,lankershim
100,993,937,1118935779200,24.569,485.196,6452137.708,1873225.595,12.7,6.4,2,38.74,2.66,3,102,207,0,3,2,1,95,142,108.16,2.79,lankershim
100,994,937,1118935779300,24.584,489.114,6452139.435,1873229.139,12.7,6.4,2,38.81,-1.84,3,102,207,0,3,2,1,95,142,109.1,2.81,lankershim
100,995,937,1118935779400,24.6,492.987,6452141.133,1873232.626,12.7,6.4,2,38.7,-1.58,3,102,207,0,3,2,1,95,142,110.09,2.84,lankershim
100,996,937,1118935779500,24.616,496.824,6452142.798,1873236.043,12.7,6.4,2,38.78,2.64,3,102,207,0,3,2,1,95,142,111.13,2.87,lankershim
100,997,937,1118935779600,24.631,500.693,6452144.483,1873239.503,12.7,6.4,2,39.15,5.73,3,102,207,0,3,2,1,95,142,112.13,2.86,lankershim
100,998,937,1118935779700,24.647,504.64,6452146.222,1873243.074,12.7,6.4,2,39.62,4.64,3,102,207,0,3,2,1,95,142,113.04,2.85,lankershim
100,999,937,1118935779800,24.664,508.648,6452147.987,1873246.696,12.7,6.4,2,39.93,1.29,3,102,207,0,3,2,1,95,142,113.86,2.85,lankershim
100,1000,937,1118935779900,24.68,512.661,6452149.739,1873250.292,12.7,6.4,2,40,-0.46,3,102,207,0,3,2,1,95,142,114.77,2.87,lankershim
100,1001,937,1118935780000,24.696,516.648,6452151.49,1873253.888,12.7,6.4,2,40.07,1.31,3,102,207,0,3,2,1,95,142,115.9,2.89,lankershim
100,1002,937,1118935780100,24.712,520.64,6452153.229,1873257.457,12.7,6.4,2,40.38,4.65,3,102,207,0,3,2,1,95,142,117.19,2.9,lankershim
100,1003,937,1118935780200,24.727,524.692,6452154.993,1873261.079,12.7,6.4,2,40.85,5.8,3,102,207,0,3,2,1,95,142,118.66,2.9,lankershim
100,1004,937,1118935780300,24.745,528.825,6452156.811,1873264.812,12.7,6.4,2,41.22,2.53,3,102,207,0,3,2,1,95,142,119.93,2.91,lankershim
100,1005,937,1118935780400,24.767,532.989,6452158.65,1873268.586,12.7,6.4,2,41.27,-2.01,3,102,207,0,3,2,1,95,142,120.9,2.93,lankershim
100,1006,937,1118935780500,24.79,537.108,6452160.467,1873272.296,12.7,6.4,2,41.15,-2.52,3,102,207,0,3,2,1,95,142,121.73,2.96,lankershim
100,1007,937,1118935780600,24.797,541.182,6452162.231,1873275.917,12.7,6.4,2,41.28,4.94,3,102,207,0,3,2,1,95,142,122.26,2.96,lankershim
100,1008,937,1118935780700,24.765,545.292,6452163.977,1873279.619,12.7,6.4,2,41.84,9.58,3,102,207,0,3,2,1,95,142,123.13,2.94,lankershim
100,1009,937,1118935780800,24.682,549.516,6452165.744,1873283.468,12.7,6.4,2,42.64,9.1,3,102,207,0,3,2,1,95,142,124.15,2.91,lankershim
100,1010,937,1118935780900,24.56,553.847,6452167.518,1873287.45,12.7,6.4,2,43.28,4.76,3,102,207,0,3,2,1,95,142,125.34,2.9,lankershim
100,1011,937,1118935781000,24.423,558.221,6452169.293,1873291.454,12.7,6.4,2,43.58,0.96,3,102,207,0,3,2,1,95,142,126.8,2.91,lankershim
100,1012,937,1118935781100,24.286,562.591,6452171.067,1873295.435,12.7,6.4,2,43.62,-0.38,3,102,207,0,3,2,1,95,142,128.38,2.94,lankershim
100,1013,937,1118935781200,24.155,566.949,6452172.841,1873299.417,12.7,6.4,2,43.6,-0.19,3,102,207,0,3,2,1,95,142,129.85,2.98,lankershim
100,1014,937,1118935781300,24.024,571.304,6452174.615,1873303.398,12.7,6.4,2,43.59,0,3,102,207,0,3,2,1,95,142,131.25,3.01,lankershim
100,1015,937,1118935781400,23.893,575.661,6452176.389,1873307.379,12.7,6.4,2,43.59,0,3,102,207,0,3,2,1,95,142,132.63,3.04,lankershim
100,1016,937,1118935781500,23.762,580.018,6452178.163,1873311.361,12.7,6.4,2,43.59,0,3,102,207,0,3,2,1,95,142,134,3.07,lankershim
100,1017,937,1118935781600,23.631,584.374,6452179.937,1873315.342,12.7,6.4,2,43.59,0,3,102,207,0,3,2,1,95,142,135.38,3.11,lankershim
100,1018,937,1118935781700,23.5,588.731,6452181.711,1873319.323,12.7,6.4,2,43.59,0,3,102,207,0,3,2,1,95,142,136.76,3.14,lankershim
100,1019,937,1118935781800,23.369,593.088,6452183.485,1873323.305,12.7,6.4,2,43.59,0,3,102,207,0,3,2,1,95,142,138.15,3.17,lankershim
100,1020,937,1118935781900,23.238,597.445,6452185.259,1873327.286,12.7,6.4,2,43.59,0,3,102,207,0,3,2,1,95,142,139.55,3.2,lankershim
100,1021,937,1118935782000,23.107,601.801,6452187.033,1873331.267,12.7,6.4,2,43.59,0,3,102,207,0,3,2,1,95,142,140.91,3.23,lankershim
100,1022,937,1118935782100,22.976,606.158,6452188.807,1873335.248,12.7,6.4,2,43.59,0,3,102,207,0,3,2,1,95,142,142.22,3.26,lankershim
100,1023,937,1118935782200,22.847,610.52,6452190.581,1873339.23,12.7,6.4,2,43.54,-0.74,3,102,207,0,3,2,1,95,142,143.41,3.29,lankershim
100,1024,937,1118935782300,22.706,614.854,6452192.355,1873343.211,12.7,6.4,2,43.58,0.83,3,102,207,0,3,2,1,95,142,144.2,3.31,lankershim
100,1025,937,1118935782400,22.555,619.161,6452194.129,1873347.192,12.7,6.4,2,44.19,8.57,3,102,207,0,3,2,1,95,142,144.77,3.28,lankershim
100,1026,937,1118935782500,22.441,623.673,6452195.829,1873351.105,12.7,6.4,2,45.78,5.93,3,102,207,0,3,2,1,95,142,144.82,3.16,lankershim
100,1027,937,1118935782600,22.454,628.405,6452197.853,1873355.291,12.7,6.4,2,48.4,15.84,3,102,207,0,3,2,1,95,142,144.95,2.99,lankershim
100,1028,937,1118935782700,22.606,633.415,6452200.153,1873359.731,12.7,6.4,2,51.35,15.84,3,102,207,0,3,2,1,95,142,145,2.82,lankershim
100,1029,937,1118935782800,22.895,638.703,6452202.742,1873364.422,12.7,6.4,2,51.43,15.84,3,102,207,0,3,2,1,95,142,145.22,2.82,lankershim
100,1030,937,1118935782900,23.34,644.295,6452205.607,1873369.367,12.7,6.4,2,51.5,5.64,3,102,207,0,3,2,1,95,142,145.26,2.82,lankershim
100,1031,937,1118935783000,23.89,649.764,6452208.796,1873374.501,12.7,6.4,2,51.51,-11.71,3,102,207,0,3,2,1,95,142,145.4,2.82,lankershim
100,1032,937,1118935783100,24.391,654.964,6452211.446,1873378.914,12.7,6.4,2,50.78,-15.39,3,102,207,0,3,2,1,95,142,145.81,2.87,lankershim
100,1033,937,1118935783200,24.747,659.955,6452213.853,1873383.041,12.7,6.4,2,48.19,-15.28,3,102,207,0,3,2,1,95,142,146.43,3.04,lankershim
100,1034,937,1118935783300,24.971,664.579,6452215.895,1873386.899,12.7,6.4,2,48.11,9.7,3,102,207,0,3,2,1,95,142,147.42,3.06,lankershim
100,1035,937,1118935783400,25.146,669.562,6452218.149,1873391.112,12.7,6.4,2,50.57,11.01,3,102,207,0,3,2,1,95,142,148.06,2.93,lankershim
100,1036,937,1118935783500,25.323,674.761,6452220.498,1873395.656,12.7,6.4,2,51.32,10.87,3,102,207,0,3,2,1,95,142,148.46,2.89,lankershim
100,1037,937,1118935783600,25.485,680.191,6452223.296,1873400.929,12.7,6.4,2,51.31,7.52,3,102,207,0,3,2,1,95,142,148.56,2.9,lankershim
100,1038,937,1118935783700,25.587,685.946,6452225.838,1873406.04,12.7,6.4,2,51.3,-13.23,3,102,207,0,3,2,1,95,142,148.27,2.89,lankershim
100,1039,937,1118935783800,25.602,691.446,6452228.262,1873411.019,12.7,6.4,2,51.3,-9.69,3,102,207,0,3,2,1,95,142,148.11,2.89,lankershim
100,1040,937,1118935783900,25.55,696.826,6452230.5,1873415.804,12.7,6.4,2,51.3,-9.61,3,102,207,0,3,2,1,95,142,148.29,2.89,lankershim
100,1041,937,1118935784000,25.478,702.041,6452232.68,1873420.506,12.7,6.4,2,51.3,-3.12,3,102,207,0,3,2,1,95,142,148.76,2.9,lankershim
100,1042,937,1118935784100,25.403,707.24,6452234.891,1873425.244,12.7,6.4,2,51.3,0.24,3,102,207,0,3,2,1,95,142,149.43,2.91,lankershim
100,1043,937,1118935784200,25.338,712.462,6452237.103,1873429.982,12.7,6.4,2,51.3,0.53,3,102,207,0,3,2,1,95,142,150.13,2.93,lankershim
100,1044,937,1118935784300,25.27,717.696,6452239.315,1873434.72,12.7,6.4,2,51.3,-0.07,3,102,207,0,3,2,1,95,142,150.72,2.94,lankershim
100,1045,937,1118935784400,25.2,722.929,6452241.527,1873439.459,12.7,6.4,2,51.3,-1.01,3,102,207,0,3,2,1,95,142,151.51,2.95,lankershim
100,1046,937,1118935784500,25.139,728.154,6452243.732,1873444.214,12.7,6.4,2,51.3,-1.79,3,102,207,0,3,2,1,95,142,152.42,2.97,lankershim
100,1047,937,1118935784600,25.096,733.364,6452245.96,1873448.914,12.7,6.4,2,51.3,-1.39,3,102,207,0,3,2,1,95,142,153.55,2.99,lankershim
95,928,937,1118935772700,37.869,365.387,6452085.84,1873113.548,11.5,6.5,2,22.45,1.09,3,102,207,2,0,2,1,84,100,49.6,2.21,lankershim
95,929,937,1118935772800,37.621,367.628,6452086.823,1873115.566,11.5,6.5,2,22.59,0.83,3,102,207,2,0,2,1,84,100,50.14,2.22,lankershim
95,930,937,1118935772900,37.375,369.857,6452087.798,1873117.567,11.5,6.5,2,22.86,4.18,3,102,207,2,0,2,1,84,100,50.69,2.22,lankershim
95,931,937,1118935773000,37.125,372.127,6452088.793,1873119.611,11.5,6.5,2,23.4,7.28,3,102,207,2,0,2,1,84,100,51.2,2.19,lankershim
95,932,937,1118935773100,36.862,374.488,6452089.834,1873121.749,11.5,6.5,2,24.09,7.28,3,102,207,2,0,2,1,84,100,51.61,2.14,lankershim
95,933,937,1118935773200,36.595,376.94,6452090.917,1873123.971,11.5,6.5,2,24.65,4.15,3,102,207,2,0,2,1,84,100,51.91,2.11,lankershim
95,934,937,1118935773300,36.337,379.432,6452092.025,1873126.245,11.5,6.5,2,24.93,1.88,3,102,207,2,0,2,1,84,100,52.17,2.09,lankershim
95,935,937,1118935773400,36.068,381.918,6452093.146,1873128.479,11.5,6.5,2,25.07,4.77,3,102,207,2,0,2,1,84,100,52.47,2.09,lankershim
95,936,937,1118935773500,35.744,384.391,6452094.202,1873130.713,11.5,6.5,2,25.37,7.28,3,102,207,2,0,2,1,84,100,52.93,2.09,lankershim
95,937,937,1118935773600,35.332,386.895,6452095.173,1873133.052,11.5,6.5,2,25.93,7.82,3,102,207,2,0,2,1,84,100,53.48,2.06,lankershim
95,938,937,1118935773700,34.868,389.487,6452096.143,1873135.497,11.5,6.5,2,26.61,6.99,3,102,207,2,0,2,1,84,100,54.07,2.03,lankershim
95,939,937,1118935773800,34.437,392.166,6452097.2,1873138.015,11.5,6.5,2,27.14,-2.65,3,102,207,2,0,2,1,84,100,54.63,2.01,lankershim
95,940,937,1118935773900,34.085,394.889,6452098.39,1873140.521,11.5,6.5,2,27.5,-3.03,3,102,207,2,0,2,1,84,100,55.13,2,lankershim
95,941,937,1118935774000,33.789,397.628,6452099.61,1873142.959,11.5,6.5,2,27.87,4.19,3,102,207,2,0,2,1,84,100,55.6,2,lankershim
95,942,937,1118935774100,33.5,400.402,6452100.825,1873145.452,11.5,6.5,2,28.42,7.03,3,102,207,2,0,2,1,84,100,56.04,1.97,lankershim
95,943,937,1118935774200,33.188,403.259,6452102.085,1873148.039,11.5,6.5,2,29.09,7.29,3,102,207,2,0,2,1,84,100,55.97,1.92,lankershim
95,944,937,1118935774300,32.859,406.204,6452103.386,1873150.711,11.5,6.5,2,29.66,4.42,3,102,207,2,0,2,1,84,100,55.68,1.88,lankershim
95,945,937,1118935774400,32.532,409.196,6452104.713,1873153.434,11.5,6.5,2,29.97,1.31,3,102,207,2,0,2,1,84,100,55.1,1.84,lankershim
95,946,937,1118935774500,32.218,412.196,6452106.027,1873156.131,11.5,6.5,2,30.02,1.36,3,102,207,2,0,2,1,84,100,54.9,1.83,lankershim
95,947,937,1118935774600,31.894,415.179,6452107.367,1873158.815,11.5,6.5,2,29.98,4.46,3,102,207,2,0,2,1,84,100,55,1.83,lankershim
95,948,937,1118935774700,31.516,418.139,6452108.655,1873161.525,11.5,6.5,2,30.05,6.11,3,102,207,2,0,2,1,84,100,55.57,1.85,lankershim
95,949,937,1118935774800,31.054,421.097,6452109.819,1873164.262,11.5,6.5,2,30.37,5.24,3,102,207,2,0,2,1,84,100,56.31,1.85,lankershim
95,950,937,1118935774900,30.545,424.095,6452110.967,1873167.071,11.5,6.5,2,30.93,7.26,3,102,207,2,0,2,1,84,100,57.01,1.84,lankershim
95,951,937,1118935775000,30.069,427.188,6452112.198,1873169.945,11.5,6.5,2,31.59,5.65,3,102,207,2,0,2,1,84,100,57.6,1.82,lankershim
95,952,937,1118935775100,29.666,430.373,6452113.586,1873172.858,11.5,6.5,2,32.13,2.14,3,102,207,2,0,2,1,84,100,58.1,1.81,lankershim
95,953,937,1118935775200,29.315,433.599,6452115.046,1873175.789,11.5,6.5,2,32.5,2.31,3,102,207,2,0,2,1,84,100,58.54,1.8,lankershim
95,954,937,1118935775300,28.977,436.837,6452116.459,1873178.689,11.5,6.5,2,32.87,4.16,3,102,207,2,0,2,1,84,100,58.96,1.79,lankershim
95,955,937,1118935775400,28.636,440.109,6452117.892,1873181.631,11.5,6.5,2,33.42,7.24,3,102,207,2,0,2,1,84,100,59.4,1.78,lankershim
95,956,937,1118935775500,28.27,443.463,6452119.398,1873184.655,11.5,6.5,2,34.08,8.44,3,102,207,2,0,2,1,84,100,59.88,1.76,lankershim
95,957,937,1118935775600,27.841,446.897,6452120.893,1873187.788,11.5,6.5,2,34.63,7.33,3,102,207,2,0,2,1,84,100,60.4,1.74,lankershim
95,958,937,1118935775700,27.324,450.355,6452122.302,1873191.028,11.5,6.5,2,35.04,4.04,3,102,207,2,0,2,1,84,100,61.03,1.74,lankershim
95,959,937,1118935775800,26.762,453.91,6452123.643,1873194.235,11.5,6.5,2,34.65,-8.46,3,102,207,2,0,2,1,84,100,61.61,1.78,lankershim
95,960,937,1118935775900,26.214,457.21,6452125.051,1873197.473,11.5,6.5,2,32.48,-14.36,3,102,207,2,0,2,1,84,100,62.44,1.92,lankershim
95,961,937,1118935776000,25.805,460.278,6452126.626,1873200.769,11.5,6.5,2,29.79,-15.84,3,102,207,2,0,2,1,84,100,63.49,2.13,lankershim
95,962,937,1118935776100,25.54,463.119,6452128.259,1873204.054,11.5,6.5,2,28.87,-10.5,3,102,207,2,0,2,1,84,100,64.76,2.24,lankershim
95,963,937,1118935776200,25.4,466.105,6452129.857,1873207.336,11.5,6.5,2,30.55,4.67,3,102,207,2,0,2,1,84,100,65.88,2.16,lankershim
95,964,937,1118935776300,25.417,469.324,6452131.482,1873210.671,11.5,6.5,2,34.12,10.59,3,102,207,2,0,2,1,84,100,66.76,1.96,lankershim
95,965,937,1118935776400,25.46,472.822,6452133.142,1873214.08,11.5,6.5,2,37.16,11.2,3,102,207,2,0,2,1,84,100,67.39,1.81,lankershim
95,966,937,1118935776500,25.488,476.666,6452134.828,1873217.54,11.5,6.5,2,38.33,2.48,3,102,207,2,0,2,1,84,100,67.74,1.77,lankershim
95,967,937,1118935776600,25.492,480.508,6452136.532,1873220.971,11.5,6.5,2,38.72,5.07,3,102,207,2,0,2,1,84,100,68.19,1.76,lankershim
95,968,937,1118935776700,25.454,484.393,6452138.165,1873224.455,11.5,6.5,2,39.19,5.63,3,102,207,0,3,2,1,84,100,68.64,1.75,lankershim
95,969,937,1118935776800,25.403,488.346,6452139.793,1873228.08,11.5,6.5,2,39.63,3.82,3,102,207,0,3,2,1,84,100,69.05,1.74,lankershim
95,970,937,1118935776900,25.382,492.347,6452141.543,1873231.71,11.5,6.5,2,39.91,0.7,3,102,207,0,3,2,1,84,100,69.44,1.74,lankershim
95,971,937,1118935777000,25.391,496.347,6452143.311,1873235.298,11.5,6.5,2,40.09,3.18,3,102,207,0,3,2,1,84,100,69.91,1.74,lankershim
95,972,937,1118935777100,25.357,500.346,6452145.024,1873238.88,11.5,6.5,2,40.38,5.93,3,102,207,0,3,2,1,84,100,70.49,1.75,lankershim
95,973,937,1118935777200,25.252,504.394,6452146.662,1873242.563,11.5,6.5,2,40.83,5.51,3,102,207,0,3,2,1,84,100,71.11,1.74,lankershim
95,974,937,1118935777300,25.144,508.51,6452148.317,1873246.376,11.5,6.5,2,41.28,-0.58,3,102,207,0,3,2,1,84,100,71.69,1.74,lankershim
95,975,937,1118935777400,25.097,512.667,6452150.117,1873250.136,11.5,6.5,2,41.67,-3.51,3,102,207,0,3,2,1,84,100,72.22,1.73,lankershim
95,976,937,1118935777500,25.114,516.842,6452151.961,1873253.855,11.5,6.5,2,42.07,4.81,3,102,207,0,3,2,1,84,100,72.73,1.73,lankershim
95,977,937,1118935777600,25.149,521.062,6452153.804,1873257.638,11.5,6.5,2,42.56,5.88,3,102,207,0,3,2,1,84,100,73.19,1.72,lankershim
95,978,937,1118935777700,25.172,525.365,6452155.683,1873261.496,11.5,6.5,2,42.94,2.87,3,102,207,0,3,2,1,84,100,73.56,1.71,lankershim
95,979,937,1118935777800,25.189,529.717,6452157.606,1873265.437,11.5,6.5,2,42.87,-3.84,3,102,207,0,3,2,1,84,100,73.89,1.72,lankershim
95,980,937,1118935777900,25.205,534.028,6452159.503,1873269.332,11.5,6.5,2,42.23,-9.97,3,102,207,0,3,2,1,84,100,74.26,1.76,lankershim
95,981,937,1118935778000,25.211,538.205,6452161.317,1873273.082,11.5,6.5,2,41.13,-11.26,3,102,207,0,3,2,1,84,100,74.76,1.82,lankershim
95,982,937,1118935778100,25.205,542.248,6452163.069,1873276.734,11.5,6.5,2,40.08,-9.1,3,102,207,0,3,2,1,84,100,75.4,1.88,lankershim
95,983,937,1118935778200,25.183,546.138,6452164.755,1873280.278,11.5,6.5,2,39.81,2.22,3,102,207,0,3,2,1,84,100,76.19,1.91,lankershim
95,984,937,1118935778300,25.145,550.094,6452166.376,1873283.696,11.5,6.5,2,40.71,11.2,3,102,207,0,3,2,1,84,100,76.91,1.89,lankershim
95,985,937,1118935778400,25.104,554.293,6452168.096,1873287.422,11.5,6.5,2,42.77,11.06,3,102,207,0,3,2,1,84,100,77.41,1.81,lankershim
95,986,937,1118935778500,25.086,558.718,6452170.01,1873291.402,11.5,6.5,2,45.61,11.53,3,102,207,0,3,2,1,84,100,77.66,1.7,lankershim
95,987,937,1118935778600,25.106,563.409,6452172.057,1873295.635,11.5,6.5,2,48.37,11.33,3,102,207,0,3,2,1,84,100,77.61,1.6,lankershim
95,988,937,1118935778700,25.146,568.311,6452174.307,1873300.14,11.5,6.5,2,50.25,11.2,3,102,207,0,3,2,1,84,100,77.4,1.54,lankershim
95,989,937,1118935778800,25.183,573.471,6452176.63,1873304.905,11.5,6.5,2,50.9,-1.3,3,102,207,0,3,2,1,84,100,76.94,1.51,lankershim
95,990,937,1118935778900,25.206,578.622,6452178.869,1873309.505,11.5,6.5,2,50.48,-9.77,3,102,207,0,3,2,1,84,100,76.6,1.52,lankershim
95,991,937,1118935779000,25.219,583.622,6452181.043,1873313.98,11.5,6.5,2,49.61,-8.93,3,102,207,0,3,2,1,84,100,76.7,1.55,lankershim
95,992,937,1118935779100,25.232,588.506,6452183.17,1873318.36,11.5,6.5,2,48.96,-4.04,3,102,207,0,3,2,1,84,100,77.25,1.58,lankershim
95,993,937,1118935779200,25.245,593.358,6452185.287,1873322.722,11.5,6.5,2,48.69,-0.77,3,102,207,0,3,2,1,84,100,78.25,1.61,lankershim
95,994,937,1118935779300,25.258,598.214,6452187.413,1873327.102,11.5,6.5,2,48.65,0.33,3,102,207,0,3,2,1,84,100,79.63,1.64,lankershim
95,995,937,1118935779400,25.272,603.082,6452189.54,1873331.482,11.5,6.5,2,48.68,0.19,3,102,207,0,3,2,1,84,100,81.39,1.67,lankershim
95,996,937,1118935779500,25.285,607.952,6452191.666,1873335.862,11.5,6.5,2,48.69,0,3,102,207,0,3,2,1,84,100,82.98,1.7,lankershim
95,997,937,1118935779600,25.298,612.825,6452193.793,1873340.242,11.5,6.5,2,48.65,-0.58,3,102,207,0,3,2,1,84,100,84.3,1.73,lankershim
95,998,937,1118935779700,25.314,617.681,6452195.919,1873344.622,11.5,6.5,2,48.65,-0.39,3,102,207,0,3,2,1,84,100,85.3,1.75,lankershim
95,999,937,1118935779800,25.322,622.512,6452198.045,1873349.002,11.5,6.5,2,49.01,5.7,3,102,207,0,3,2,1,84,100,86.02,1.76,lankershim
95,1000,937,1118935779900,25.319,627.427,6452200.139,1873353.324,11.5,6.5,2,50.07,11.21,3,102,207,0,3,2,1,84,100,86.43,1.73,lankershim
95,1001,937,1118935780000,25.313,632.546,6452202.291,1873357.857,11.5,6.5,2,51.3,11.49,3,102,207,0,3,2,1,84,100,86.46,1.69,lankershim
95,1002,937,1118935780100,25.34,637.827,6452204.629,1873362.625,11.5,6.5,2,51.3,11.81,3,102,207,0,3,2,1,84,100,86.34,1.68,lankershim
95,1003,937,1118935780200,25.424,643.356,6452207.083,1873367.606,11.5,6.5,2,51.3,-3.23,3,102,207,0,3,2,1,84,100,86,1.68,lankershim
95,1004,937,1118935780300,25.536,648.751,6452209.797,1873372.826,11.5,6.5,2,51.3,-11.97,3,102,207,0,3,2,1,84,100,85.79,1.67,lankershim
95,1005,937,1118935780400,25.601,653.89,6452212.039,1873377.384,11.5,6.5,2,50.16,-6.72,3,102,207,0,3,2,1,84,100,85.82,1.71,lankershim
95,1006,937,1118935780500,25.555,658.841,6452214.086,1873381.68,11.5,6.5,2,47.88,-5.75,3,102,207,0,3,2,1,84,100,86.07,1.8,lankershim
95,1007,937,1118935780600,25.395,663.444,6452215.801,1873385.697,11.5,6.5,2,47.96,13.32,3,102,207,0,3,2,1,84,100,86.74,1.81,lankershim
95,1008,937,1118935780700,25.162,668.425,6452217.659,1873390.064,11.5,6.5,2,50.6,12.15,3,102,207,0,3,2,1,84,100,87.16,1.72,lankershim
95,1009,937,1118935780800,24.879,673.664,6452219.634,1873394.795,11.5,6.5,2,51.37,11.4,3,102,207,0,3,2,1,84,100,86.79,1.69,lankershim
95,1010,937,1118935780900,24.566,679.19,6452221.943,1873400.257,11.5,6.5,2,51.37,10.97,3,102,207,0,3,2,1,84,100,85.95,1.67,lankershim
95,1011,937,1118935781000,24.268,685.025,6452224.233,1873405.797,11.5,6.5,2,51.35,-7.39,3,102,207,0,3,2,1,84,100,84.51,1.65,lankershim
95,1012,937,1118935781100,24.069,690.975,6452226.607,1873411.189,11.5,6.5,2,51.32,-12.77,3,102,207,0,3,2,1,84,100,83.25,1.62,lankershim
95,1013,937,1118935781200,24.006,696.8,6452229.091,1873416.47,11.5,6.5,2,51.3,-11.33,3,102,207,0,3,2,1,84,100,82.31,1.6,lankershim
95,1014,937,1118935781300,24.064,702.558,6452231.66,1873421.602,11.5,6.5,2,51.3,3.97,3,102,207,0,3,2,1,84,100,81.93,1.6,lankershim
95,1015,937,1118935781400,24.167,708.288,6452234.244,1873426.711,11.5,6.5,2,51.31,0.68,3,102,207,0,3,2,1,84,100,81.59,1.59,lankershim
95,1016,937,1118935781500,24.267,714.017,6452236.812,1873431.844,11.5,6.5,2,51.31,-0.37,3,102,207,0,3,2,1,84,100,81.26,1.58,lankershim
95,1017,937,1118935781600,24.352,719.754,6452239.38,1873436.977,11.5,6.5,2,51.31,-0.14,3,102,207,0,3,2,1,84,100,80.97,1.58,lankershim
95,1018,937,1118935781700,24.433,725.494,6452241.947,1873442.11,11.5,6.5,2,51.31,0.3,3,102,207,0,3,2,1,84,100,80.74,1.57,lankershim
95,1019,937,1118935781800,24.516,731.241,6452244.515,1873447.243,11.5,6.5,2,51.31,0.1,3,102,207,0,3,2,1,84,100,80.54,1.57,lankershim
95,1020,937,1118935781900,24.615,736.991,6452247.085,1873452.389,11.5,6.5,2,51.31,-2.77,3,102,207,0,3,2,1,84,100,80.36,1.57,lankershim
95,1021,937,1118935782000,24.717,742.714,6452249.681,1873457.512,11.5,6.5,2,51.3,-6.35,3,102,207,0,3,2,1,84,100,80.2,1.56,lankershim
95,1022,937,1118935782100,24.782,748.373,6452252.22,1873462.574,11.5,6.5,2,51.3,-8.88,3,102,207,0,3,2,1,84,100,80.1,1.56,lankershim
95,1023,937,1118935782200,24.746,753.934,6452254.619,1873467.609,11.5,6.5,2,51.3,-9.65,3,102,207,0,3,2,1,84,100,80.1,1.56,lankershim
95,1024,937,1118935782300,24.588,759.056,6452256.909,1873472.664,11.5,6.5,2,49.96,-13.08,3,102,207,0,3,2,1,84,100,80.46,1.61,lankershim
95,1025,937,1118935782400,24.621,763.932,6452259.172,1873477.781,11.5,6.5,2,46.69,0,3,102,207,0,3,2,1,84,100,81.33,1.74,lankershim
95,1026,937,1118935782500,24.865,768.496,6452261.499,1873482.936,11.5,6.5,2,46.53,15.84,3,102,207,0,3,2,1,84,100,82.64,1.78,lankershim
95,1027,937,1118935782600,25.293,773.355,6452263.869,1873488.082,11.5,6.5,2,49.59,15.84,3,102,207,0,3,2,1,84,100,83.84,1.69,lankershim
95,1028,937,1118935782700,25.956,778.417,6452266.223,1873493.226,11.5,6.5,2,51.77,12.48,3,102,207,0,3,2,1,84,100,84.93,1.64,lankershim
95,1029,937,1118935782800,26.725,783.919,6452268.576,1873498.37,11.5,6.5,2,51.82,3.73,3,102,207,0,3,2,1,84,100,85.4,1.65,lankershim
95,1030,937,1118935782900,27.452,789.553,6452270.93,1873503.513,11.5,6.5,2,51.81,0,3,102,207,0,3,2,1,84,100,85.68,1.65,lankershim
95,1031,937,1118935783000,28.18,795.163,6452273.283,1873508.657,11.5,6.5,2,51.81,0,3,102,207,0,3,2,1,84,100,86.08,1.66,lankershim
95,1032,937,1118935783100,28.909,800.772,6452275.637,1873513.801,11.5,6.5,2,51.81,0.09,3,102,207,0,3,2,1,84,100,86.48,1.67,lankershim
95,1033,937,1118935783200,29.637,806.382,6452277.99,1873518.944,11.5,6.5,2,51.81,0.17,3,102,207,0,3,2,1,84,100,86.87,1.68,lankershim
95,1034,937,1118935783300,30.361,811.998,6452280.344,1873524.088,11.5,6.5,2,51.81,-0.37,3,102,207,0,3,2,1,84,100,87.24,1.68,lankershim
95,1035,937,1118935783400,31.084,817.618,6452282.694,1873529.245,11.5,6.5,2,51.83,-2.03,3,102,207,0,3,2,1,84,100,87.62,1.69,lankershim
95,1036,937,1118935783500,31.819,823.216,6452285.047,1873534.389,11.5,6.5,2,51.86,-4.15,3,102,207,0,3,2,1,84,100,88.02,1.7,lankershim
95,1037,937,1118935783600,32.586,828.756,6452287.416,1873539.461,11.5,6.5,2,51.9,-5.16,3,102,207,0,3,2,1,84,100,88.47,1.7,lankershim
95,1038,937,1118935783700,33.395,834.221,6452289.805,1873544.437,11.5,6.5,2,51.95,-4.14,3,102,207,0,3,2,1,84,100,89,1.71,lankershim
95,1039,937,1118935783800,34.248,839.554,6452292.21,1873549.341,11.5,6.5,2,51.96,8.4,3,102,207,0,3,2,1,84,100,89.73,1.73,lankershim
95,1040,937,1118935783900,35.097,845.116,6452294.617,1873554.231,11.5,6.5,2,51.93,10.5,3,102,207,0,3,2,1,84,100,90.84,1.75,lankershim
95,1041,937,1118935784000,35.882,850.803,6452297.022,1873559.135,11.5,6.5,2,51.89,10.74,3,102,207,0,3,2,1,84,100,92.12,1.78,lankershim
95,1042,937,1118935784100,36.611,856.671,6452299.378,1873563.999,11.5,6.5,2,51.89,3.55,3,102,207,0,3,2,1,84,100,93.53,1.8,lankershim
95,1043,937,1118935784200,37.355,862.596,6452301.891,1873568.968,11.5,6.5,2,51.97,9.16,3,102,207,0,3,2,1,84,100,94.58,1.82,lankershim
95,1044,937,1118935784300,38.226,868.418,6452304.622,1873574.137,11.5,6.5,2,52.15,15.7,3,102,207,0,3,2,1,84,100,95.45,1.83,lankershim
95,1045,937,1118935784400,39.222,874.442,6452307.533,1873579.451,11.5,6.5,2,52.38,15.84,3,102,207,0,3,2,1,84,100,95.5,1.82,lankershim
95,1046,937,1118935784500,40.36,880.579,6452310.662,1873584.967,11.5,6.5,2,52.57,13.46,3,102,207,0,3,2,1,84,100,95.44,1.82,lankershim
95,1047,937,1118935784600,41.576,886.91,6452313.948,1873590.586,11.5,6.5,2,52.69,5.18,3,102,207,0,3,2,1,84,100,95.08,1.8,lankershim
186,928,323,1118935772700,29.199,338.581,6452066.949,1873098.107,18,7,2,34.18,11.43,2,101,208,0,2,2,1,92,188,46.43,1.36,lankershim
186,929,323,1118935772800,29.268,342.34,6452068.409,1873101.038,18,7,2,39.06,12.94,2,101,208,0,2,2,1,92,188,45.85,1.17,lankershim
186,930,323,1118935772900,29.239,346.343,6452069.834,1873103.965,18,7,2,42.38,15.84,2,101,208,0,2,2,1,92,188,45.13,1.06,lankershim
186,931,323,1118935773000,29.076,350.652,6452071.256,1873106.882,18,7,2,42.45,0,2,101,208,2,0,2,1,92,188,44.19,1.04,lankershim
186,932,323,1118935773100,28.765,354.685,6452072.668,1873109.782,18,7,2,39.47,-9.44,2,101,208,2,0,2,1,92,188,43.58,1.1,lankershim
186,933,323,1118935773200,28.402,358.519,6452074.101,1873112.725,18,7,2,35.35,-10.7,2,101,208,2,0,2,1,92,188,43.23,1.22,lankershim
186,934,323,1118935773300,28.029,361.843,6452075.62,1873115.775,18,7,2,33.73,5.32,2,101,208,2,0,2,1,92,188,43.43,1.29,lankershim
186,935,323,1118935773400,27.605,365.23,6452077.103,1873118.883,18,7,2,33.81,5.32,2,101,208,2,0,2,1,92,188,43.63,1.29,lankershim
186,936,323,1118935773500,27.101,368.568,6452078.445,1873121.986,18,7,2,33.75,2.15,2,101,208,2,0,2,1,92,188,43.96,1.3,lankershim
186,937,323,1118935773600,26.556,371.868,6452079.713,1873125.041,18,7,2,33.83,1.57,2,101,208,2,0,2,1,92,188,44.42,1.31,lankershim
186,938,323,1118935773700,26.055,375.218,6452081.042,1873128.117,18,7,2,34.11,-3.02,2,101,208,2,0,2,1,92,188,44.91,1.32,lankershim
186,939,323,1118935773800,25.642,378.647,6452082.55,1873131.277,18,7,2,34.26,-3.04,2,101,208,2,0,2,1,92,188,45.41,1.33,lankershim
186,940,323,1118935773900,25.275,382.083,6452084.136,1873134.399,18,7,2,34.09,-3.98,2,101,208,2,0,2,1,92,188,45.95,1.35,lankershim
186,941,323,1118935774000,24.87,385.443,6452085.577,1873137.421,18,7,2,33.78,4.18,2,101,208,2,0,2,1,92,188,46.62,1.38,lankershim
186,942,323,1118935774100,24.375,388.73,6452086.886,1873140.456,18,7,2,33.74,3.93,2,101,208,2,0,2,1,92,188,47.43,1.41,lankershim
186,943,323,1118935774200,23.829,392.038,6452088.174,1873143.553,18,7,2,34.21,7.53,2,101,208,2,0,2,1,92,188,48.29,1.41,lankershim
186,944,323,1118935774300,23.318,395.447,6452089.545,1873146.714,18,7,2,35,8.25,2,101,208,2,0,2,1,92,188,49.08,1.4,lankershim
186,945,323,1118935774400,22.877,398.974,6452091.077,1873149.925,18,7,2,35.78,6.77,2,101,208,2,0,2,1,92,188,49.77,1.39,lankershim
186,946,323,1118935774500,22.483,402.588,6452092.703,1873153.195,18,7,2,36.33,3.88,2,101,208,2,0,2,1,92,188,50.5,1.39,lankershim
186,947,323,1118935774600,22.099,406.242,6452094.31,1873156.494,18,7,2,36.59,1.05,2,101,208,2,0,2,1,92,188,51.03,1.39,lankershim
186,948,323,1118935774700,21.717,409.887,6452095.921,1873159.802,18,7,2,36.74,2.08,2,101,208,2,0,2,1,92,188,51.39,1.4,lankershim
186,949,323,1118935774800,21.32,413.527,6452097.547,1873163.072,18,7,2,37.02,6.07,2,101,208,2,0,2,1,92,188,51.84,1.4,lankershim
186,950,323,1118935774900,20.864,417.198,6452099.128,1873166.382,18,7,2,37.56,9.41,2,101,208,2,0,2,1,92,188,52.5,1.4,lankershim
186,951,323,1118935775000,20.316,420.939,6452100.656,1873169.866,18,7,2,38.35,9.27,2,101,208,2,0,2,1,92,188,53.28,1.39,lankershim
186,952,323,1118935775100,19.711,424.783,6452102.176,1873173.439,18,7,2,39.12,7,2,101,208,2,0,2,1,92,188,54.27,1.39,lankershim
186,953,323,1118935775200,19.145,428.711,6452103.778,1873177.076,18,7,2,39.65,-3.47,2,101,208,2,0,2,1,92,188,55.17,1.39,lankershim
186,954,323,1118935775300,18.673,432.676,6452105.518,1873180.711,18,7,2,40,0.89,2,101,208,2,0,2,1,92,188,56.1,1.4,lankershim
186,955,323,1118935775400,18.246,436.66,6452107.31,1873184.255,18,7,2,40.36,5.01,2,101,208,2,0,2,1,92,188,57.13,1.42,lankershim
186,956,323,1118935775500,17.769,440.667,6452109.048,1873187.889,18,7,2,40.91,9.39,2,101,208,2,0,2,1,92,188,58.24,1.42,lankershim
186,957,323,1118935775600,17.187,444.741,6452110.717,1873191.662,18,7,2,41.68,9.1,2,101,208,2,0,2,1,92,188,59.28,1.42,lankershim
186,958,323,1118935775700,16.546,448.913,6452112.376,1873195.522,18,7,2,42.42,7,2,101,208,2,0,2,1,92,188,60.21,1.42,lankershim
186,959,323,1118935775800,15.927,453.255,6452114.137,1873199.483,18,7,2,42.16,-11.11,2,101,208,2,0,2,1,92,188,60.98,1.45,lankershim
186,960,323,1118935775900,15.404,457.353,6452116.003,1873203.379,18,7,2,40.62,-15.84,2,101,208,2,0,2,1,92,188,62.08,1.53,lankershim
186,961,323,1118935776000,15.045,461.327,6452117.934,1873207.275,18,7,2,39.6,-13.17,2,101,208,2,0,2,1,92,188,63.41,1.6,lankershim
186,962,323,1118935776100,14.807,465.182,6452119.91,1873211.332,18,7,2,40.13,0,2,101,208,2,0,2,1,92,188,64.91,1.62,lankershim
186,963,323,1118935776200,14.744,469.33,6452121.889,1873215.328,18,7,2,42.27,10.66,2,101,208,2,0,2,1,92,188,66.12,1.56,lankershim
186,964,323,1118935776300,14.724,473.657,6452123.847,1873219.412,18,7,2,45.13,11.8,2,101,208,2,0,2,1,92,188,67.05,1.49,lankershim
186,965,323,1118935776400,14.623,478.256,6452125.74,1873223.656,18,7,2,46.92,9.91,2,101,208,2,0,2,1,92,188,67.64,1.44,lankershim
186,966,323,1118935776500,14.465,483.019,6452127.639,1873227.995,18,7,2,47.61,4.55,2,101,208,0,3,2,1,92,188,68.17,1.43,lankershim
186,967,323,1118935776600,14.351,487.834,6452129.647,1873232.465,18,7,2,47.94,-5.85,2,101,208,0,3,2,1,92,188,68.84,1.44,lankershim
186,968,323,1118935776700,14.32,492.637,6452131.716,1873236.778,18,7,2,48.14,-4.45,2,101,208,0,3,2,1,92,188,69.71,1.45,lankershim
186,969,323,1118935776800,14.345,497.424,6452133.82,1873241.03,18,7,2,48.55,6.73,2,101,208,0,3,2,1,92,188,70.76,1.46,lankershim
186,970,323,1118935776900,14.381,502.281,6452135.943,1873245.389,18,7,2,49.41,11.2,2,101,208,0,3,2,1,92,188,71.93,1.46,lankershim
186,971,323,1118935777000,14.405,507.279,6452138.133,1873249.884,18,7,2,50.55,11.2,2,101,208,0,3,2,1,92,188,73.02,1.44,lankershim
186,972,323,1118935777100,14.424,512.408,6452140.389,1873254.515,18,7,2,51.3,8.31,2,101,208,0,3,2,1,92,188,73.96,1.44,lankershim
186,973,323,1118935777200,14.445,517.633,6452142.678,1873259.214,18,7,2,51.3,3.95,2,101,208,0,3,2,1,92,188,74.78,1.46,lankershim
186,974,323,1118935777300,14.466,522.88,6452144.988,1873263.955,18,7,2,51.3,2.36,2,101,208,0,3,2,1,92,188,75.59,1.47,lankershim
186,975,323,1118935777400,14.487,528.134,6452147.276,1873268.653,18,7,2,51.3,4.21,2,101,208,0,3,2,1,92,188,76.39,1.49,lankershim
186,976,323,1118935777500,14.509,533.423,6452149.585,1873273.394,18,7,2,51.3,7.03,2,101,208,0,3,2,1,92,188,77.15,1.5,lankershim
186,977,323,1118935777600,14.531,538.797,6452151.941,1873278.229,18,7,2,51.3,7.26,2,101,208,0,3,2,1,92,188,77.83,1.52,lankershim
186,978,323,1118935777700,14.553,544.261,6452154.337,1873283.148,18,7,2,51.3,4.39,2,101,208,0,3,2,1,92,188,78.42,1.53,lankershim
186,979,323,1118935777800,14.575,549.775,6452156.758,1873288.119,18,7,2,51.3,0.56,2,101,208,0,3,2,1,92,188,78.96,1.54,lankershim
186,980,323,1118935777900,14.598,555.27,6452159.167,1873293.063,18,7,2,51.3,0.35,2,101,208,0,3,2,1,92,188,79.52,1.55,lankershim
186,981,323,1118935778000,14.614,560.73,6452161.575,1873298.008,18,7,2,51.3,7.55,2,101,208,0,3,2,1,92,188,80.11,1.56,lankershim
186,982,323,1118935778100,14.623,566.327,6452163.94,1873302.879,18,7,2,51.3,11.31,2,101,208,0,3,2,1,92,188,80.56,1.57,lankershim
186,983,323,1118935778200,14.647,572.124,6452166.432,1873308.049,18,7,2,51.3,11.69,2,101,208,0,3,2,1,92,188,80.83,1.58,lankershim
186,984,323,1118935778300,14.715,578.128,6452169.11,1873313.449,18,7,2,51.31,11.65,2,101,208,0,3,2,1,92,188,80.93,1.58,lankershim
186,985,323,1118935778400,14.83,584.314,6452171.936,1873319.012,18,7,2,51.31,11.2,2,101,208,0,3,2,1,92,188,80.76,1.57,lankershim
186,986,323,1118935778500,14.949,590.765,6452174.939,1873324.942,18,7,2,51.31,-4.82,2,101,208,0,3,2,1,92,188,80.19,1.56,lankershim
186,987,323,1118935778600,15.022,597.135,6452177.774,1873330.635,18,7,2,51.3,-11.75,2,101,208,0,3,2,1,92,188,79.61,1.55,lankershim
186,988,323,1118935778700,15.049,603.355,6452180.441,1873336.174,18,7,2,51.3,-10.74,2,101,208,0,3,2,1,92,188,79.34,1.55,lankershim
186,989,323,1118935778800,15.055,609.413,6452183.067,1873341.594,18,7,2,51.3,-3.28,2,101,208,0,3,2,1,92,188,79.41,1.55,lankershim
186,990,323,1118935778900,15.067,615.459,6452185.722,1873347.057,18,7,2,51.3,0.38,2,101,208,0,3,2,1,92,188,79.66,1.55,lankershim
186,991,323,1118935779000,15.09,621.53,6452188.377,1873352.52,18,7,2,51.3,-0.36,2,101,208,0,3,2,1,92,188,80.07,1.56,lankershim
186,992,323,1118935779100,15.103,627.579,6452191.032,1873357.982,18,7,2,51.3,2.32,2,101,208,0,3,2,1,92,188,80.58,1.57,lankershim
186,993,323,1118935779200,15.106,633.668,6452193.687,1873363.445,18,7,2,51.3,4.14,2,101,208,0,3,2,1,92,188,81.01,1.58,lankershim
186,994,323,1118935779300,15.129,639.845,6452196.27,1873368.865,18,7,2,51.3,-2.45,2,101,208,0,3,2,1,92,188,81.33,1.59,lankershim
186,995,323,1118935779400,15.208,645.966,6452199.151,1873374.661,18,7,2,51.3,-11.16,2,101,208,0,3,2,1,92,188,81.71,1.59,lankershim
186,996,323,1118935779500,15.287,651.904,6452201.797,1873379.862,18,7,2,51.3,-8.68,2,101,208,0,3,2,1,92,188,82.27,1.6,lankershim
186,997,323,1118935779600,15.27,657.834,6452204.3,1873384.963,18,7,2,51.31,15.53,2,101,208,0,3,2,1,92,188,82.89,1.62,lankershim
186,998,323,1118935779700,15.119,664.166,6452206.649,1873390.458,18,7,2,51.33,13.97,2,101,208,0,3,2,1,92,188,83.19,1.62,lankershim
186,999,323,1118935779800,14.873,670.94,6452209.359,1873396.521,18,7,2,51.36,12.12,2,101,208,0,3,2,1,92,188,83.12,1.62,lankershim
186,1000,323,1118935779900,14.594,678.262,6452212.25,1873403.184,18,7,2,51.38,11.8,2,101,208,0,3,2,1,92,188,82.13,1.6,lankershim
186,1001,323,1118935780000,14.285,686.086,6452215.593,1873410.791,18,7,2,51.4,11.74,2,101,208,0,3,2,1,92,188,80.51,1.57,lankershim
186,1002,323,1118935780100,13.928,694.281,6452218.946,1873418.592,18,7,2,51.42,11.28,2,101,208,0,3,2,1,92,188,78.22,1.52,lankershim
186,1003,323,1118935780200,13.553,702.843,6452222.3,1873426.394,18,7,2,51.42,-5.43,2,101,208,0,3,2,1,92,188,75.81,1.47,lankershim
186,1004,323,1118935780300,13.202,711.268,6452225.669,1873434.267,18,7,2,51.4,-12.04,2,101,208,0,3,2,1,92,188,73.62,1.43,lankershim
186,1005,323,1118935780400,12.905,719.48,6452229.023,1873441.851,18,7,2,51.37,-12.21,2,101,208,0,3,2,1,92,188,71.95,1.4,lankershim
186,1006,323,1118935780500,12.66,727.482,6452232.298,1873449.178,18,7,2,51.35,-12.13,2,101,208,0,3,2,1,92,188,70.42,1.37,lankershim
186,1007,323,1118935780600,12.462,735.243,6452235.47,1873456.243,18,7,2,51.33,-12.21,2,101,208,0,3,2,1,92,188,69.28,1.35,lankershim
186,1008,323,1118935780700,12.316,742.795,6452238.563,1873463.05,18,7,2,51.32,-12.05,2,101,208,0,3,2,1,92,188,68.43,1.33,lankershim
186,1009,323,1118935780800,12.19,750.12,6452241.641,1873469.568,18,7,2,51.3,-13.26,2,101,208,0,3,2,1,92,188,67.74,1.32,lankershim
186,1010,323,1118935780900,12.172,757.164,6452244.735,1873476.157,18,7,2,51.31,0,2,101,208,0,3,2,1,92,188,67.21,1.31,lankershim
186,1011,323,1118935781000,12.405,764.049,6452247.828,1873482.746,18,7,2,51.4,0,2,101,208,0,3,2,1,92,188,66.75,1.3,lankershim
186,1012,323,1118935781100,12.87,770.64,6452250.922,1873489.335,18,7,2,51.66,15.84,2,101,208,0,3,2,1,92,188,66.53,1.29,lankershim
186,1013,323,1118935781200,13.559,777.5,6452254.015,1873495.925,18,7,2,52,15.84,2,101,208,0,3,2,1,92,188,66.19,1.27,lankershim
186,1014,323,1118935781300,14.542,784.476,6452257.126,1873502.493,18,7,2,52.16,11.2,2,101,208,0,3,2,1,92,188,65.88,1.26,lankershim
186,1015,323,1118935781400,15.556,791.716,6452260.22,1873509.081,18,7,2,52.1,-4.39,2,101,208,0,3,2,1,92,188,65.39,1.26,lankershim
186,1016,323,1118935781500,16.427,799.028,6452263.218,1873515.807,18,7,2,51.97,3.59,2,101,208,0,3,2,1,92,188,64.76,1.25,lankershim
186,1017,323,1118935781600,17.183,806.464,6452266.111,1873522.659,18,7,2,51.87,4.96,2,101,208,0,3,2,1,92,188,63.87,1.23,lankershim
186,1018,323,1118935781700,17.894,813.974,6452268.996,1873529.716,18,7,2,51.85,1.81,2,101,208,0,3,2,1,92,188,62.99,1.21,lankershim
186,1019,323,1118935781800,18.634,821.478,6452271.941,1873536.648,18,7,2,51.87,3.13,2,101,208,0,3,2,1,92,188,62.29,1.2,lankershim
186,1020,323,1118935781900,19.421,828.963,6452274.904,1873543.52,18,7,2,51.91,3.18,2,101,208,0,3,2,1,92,188,61.74,1.19,lankershim
186,1021,323,1118935782000,20.245,836.439,6452277.895,1873550.431,18,7,2,51.92,8.77,2,101,208,0,3,2,1,92,188,61.36,1.18,lankershim
186,1022,323,1118935782100,21.067,844.042,6452280.912,1873557.485,18,7,2,51.88,9.33,2,101,208,0,3,2,1,92,188,60.92,1.17,lankershim
186,1023,323,1118935782200,21.829,851.796,6452283.955,1873564.461,18,7,2,51.8,-5.81,2,101,208,0,3,2,1,92,188,60.31,1.16,lankershim
186,1024,323,1118935782300,22.501,859.565,6452286.977,1873571.211,18,7,2,51.74,-5.45,2,101,208,0,3,2,1,92,188,59.67,1.15,lankershim
186,1025,323,1118935782400,23.12,867.28,6452289.993,1873578.062,18,7,2,51.74,-5.25,2,101,208,0,3,2,1,92,188,59.23,1.14,lankershim
186,1026,323,1118935782500,23.783,874.906,6452293.113,1873585.042,18,7,2,51.79,5.33,2,101,208,0,3,2,1,92,188,59.37,1.15,lankershim
186,1027,323,1118935782600,24.54,882.505,6452296.378,1873592.025,18,7,2,51.84,2.4,2,101,208,0,3,2,1,92,188,59.79,1.15,lankershim
186,1028,323,1118935782700,25.327,890.125,6452299.664,1873598.963,18,7,2,51.85,-3.67,2,101,208,0,3,2,1,92,188,60.52,1.17,lankershim
186,1029,323,1118935782800,26.075,897.702,6452302.844,1873605.815,18,7,2,51.83,-3.65,2,101,208,0,3,2,1,92,188,61.07,1.18,lankershim
186,1030,323,1118935782900,26.783,905.241,6452305.973,1873612.741,18,7,2,51.84,-1.73,2,101,208,0,3,2,1,92,188,61.53,1.19,lankershim
186,1031,323,1118935783000,27.523,912.749,6452309.131,1873619.617,18,7,2,51.89,4.48,2,101,208,0,3,2,1,92,188,61.54,1.19,lankershim
186,1032,323,1118935783100,28.352,920.218,6452312.371,1873626.365,18,7,2,51.94,11.35,2,101,208,0,3,2,1,92,188,61.87,1.19,lankershim
186,1033,323,1118935783200,29.241,928.185,6452315.675,1873633.118,18,7,2,51.88,7.09,2,101,208,0,3,2,1,92,188,61.85,1.19,lankershim
186,1034,323,1118935783300,29.95,936.36,6452318.925,1873639.894,18,7,2,51.7,0,2,101,208,0,3,2,1,92,188,61.92,1.2,lankershim
186,1035,323,1118935783400,30.508,944.83,6452322.228,1873646.648,18,7,2,51.52,-15.84,2,101,208,0,3,2,1,92,188,62.28,1.21,lankershim
186,1036,323,1118935783500,30.917,952.951,6452325.646,1873653.356,18,7,2,51.42,-14.12,2,101,208,0,3,2,1,92,188,63.31,1.23,lankershim
186,1037,323,1118935783600,31.138,960.725,6452329.116,1873660.095,18,7,2,51.4,-10.68,2,101,208,0,3,2,1,92,188,64.95,1.26,lankershim
186,1038,323,1118935783700,31.432,967.928,6452332.532,1873666.386,18,7,2,51.46,0,2,101,208,0,3,2,1,92,188,66.81,1.3,lankershim
186,1039,323,1118935783800,31.946,974.667,6452335.654,1873672.314,18,7,2,51.63,0,2,101,208,0,3,2,1,92,188,68.74,1.33,lankershim
186,1040,323,1118935783900,32.597,981.054,6452339.11,1873677.839,18,7,2,51.83,0,2,101,208,0,3,2,1,92,188,70.4,1.36,lankershim
186,1041,323,1118935784000,33.452,987.182,6452342.566,1873682.731,18,7,2,51.95,-7.22,2,101,208,0,3,2,1,92,188,71.99,1.39,lankershim
186,1042,323,1118935784100,34.356,993.148,6452345.795,1873687.251,18,7,2,51.92,7.19,3,101,208,0,3,2,1,85,84,117.99,2.27,lankershim
186,1043,323,1118935784200,35.118,999.854,6452348.983,1873692.538,18,7,2,51.74,0,3,101,208,0,3,2,1,85,84,117.57,2.27,lankershim
186,1044,323,1118935784300,35.628,"1,007.73",6452352.587,1873698.414,18,7,2,51.47,0,3,101,208,0,3,2,1,85,84,116.59,2.27,lankershim
186,1045,323,1118935784400,35.815,"1,016.63",6452356.404,1873704.966,18,7,2,51.3,0,3,101,208,0,3,2,1,85,84,114.62,2.23,lankershim
186,1046,323,1118935784500,35.666,"1,026.39",6452360.76,1873712.47,18,7,2,51.43,3.44,3,101,208,0,3,2,1,85,84,111.81,2.17,lankershim
186,1047,323,1118935784600,35.193,"1,036.23",6452365.166,1873720.157,18,7,2,51.76,0,3,101,208,3,0,2,1,85,84,108.9,2.1,lankershim
86,928,957,1118935772700,7.582,450.843,6452105.85,1873201.953,13.7,6.5,2,35.82,9.48,1,102,208,2,0,2,1,0,87,0,0,lankershim
86,929,957,1118935772800,7.122,454.488,6452107.418,1873205.231,13.7,6.5,2,36.19,5.1,1,102,208,2,0,2,1,0,87,0,0,lankershim
86,930,957,1118935772900,6.568,458.111,6452108.901,1873208.622,13.7,6.5,2,35.9,-6.96,1,102,208,2,0,2,1,0,87,0,0,lankershim
86,931,957,1118935773000,6.068,461.611,6452110.351,1873212.083,13.7,6.5,2,35.66,-11.23,1,102,208,2,0,2,1,0,87,0,0,lankershim
86,932,957,1118935773100,5.751,465.094,6452111.827,1873215.532,13.7,6.5,2,35.93,-6.61,1,102,208,2,0,2,1,0,87,0,0,lankershim
86,933,957,1118935773200,5.548,468.706,6452113.418,1873218.968,13.7,6.5,2,36.76,2.53,1,102,208,2,0,2,1,0,87,0,0,lankershim
86,934,957,1118935773300,5.536,472.459,6452115.08,1873222.422,13.7,6.5,2,37.75,5.96,1,102,208,2,0,2,1,0,87,0,0,lankershim
86,935,957,1118935773400,5.532,476.321,6452116.71,1873225.871,13.7,6.5,2,38.16,0.18,1,102,208,2,0,2,1,0,87,0,0,lankershim
86,936,957,1118935773500,5.506,480.141,6452118.339,1873229.32,13.7,6.5,2,38.13,-0.54,1,102,208,2,0,2,1,0,87,0,0,lankershim
86,937,957,1118935773600,5.475,483.947,6452119.969,1873232.769,13.7,6.5,2,38.09,0.29,1,102,208,0,3,2,1,0,87,0,0,lankershim
86,938,957,1118935773700,5.438,487.729,6452121.598,1873236.218,13.7,6.5,2,38.34,3.93,1,102,208,0,3,2,1,0,87,0,0,lankershim
86,939,957,1118935773800,5.397,491.537,6452123.198,1873239.623,13.7,6.5,2,39.13,11.1,1,102,208,0,3,2,1,0,87,0,0,lankershim
86,940,957,1118935773900,5.367,495.541,6452124.843,1873243.154,13.7,6.5,2,40.59,11.71,1,102,208,0,3,2,1,0,87,0,0,lankershim
86,941,957,1118935774000,5.377,499.706,6452126.672,1873246.893,13.7,6.5,2,42.57,12.06,1,102,208,0,3,2,1,0,87,0,0,lankershim
86,942,957,1118935774100,5.443,504.055,6452128.609,1873250.79,13.7,6.5,2,44.55,11.72,1,102,208,0,3,2,1,0,87,0,0,lankershim
86,943,957,1118935774200,5.549,508.564,6452130.73,1873254.895,13.7,6.5,2,46.01,11.3,1,102,208,0,3,2,1,0,87,0,0,lankershim
86,944,957,1118935774300,5.668,513.269,6452132.897,1873259.124,13.7,6.5,2,46.8,3.89,1,102,208,0,3,2,1,0,87,0,0,lankershim
86,945,957,1118935774400,5.781,517.999,6452135.033,1873263.31,13.7,6.5,2,47.04,-0.37,1,102,208,0,3,2,1,0,87,0,0,lankershim
86,946,957,1118935774500,5.887,522.705,6452137.169,1873267.496,13.7,6.5,2,47.02,-0.44,1,102,208,0,3,2,1,0,87,0,0,lankershim
86,947,957,1118935774600,5.993,527.4,6452139.306,1873271.681,13.7,6.5,2,46.99,0.09,1,102,208,0,3,2,1,0,87,0,0,lankershim
86,948,957,1118935774700,6.103,532.1,6452141.442,1873275.866,13.7,6.5,2,46.98,-0.25,1,102,208,0,3,2,1,0,87,0,0,lankershim
86,949,957,1118935774800,6.214,536.8,6452143.584,1873280.052,13.7,6.5,2,46.93,-1.27,1,102,208,0,3,2,1,0,87,0,0,lankershim
86,950,957,1118935774900,6.315,541.494,6452145.72,1873284.237,13.7,6.5,2,46.82,-2.56,1,102,208,0,3,2,1,0,87,0,0,lankershim
86,951,957,1118935775000,6.393,546.17,6452147.823,1873288.415,13.7,6.5,2,46.64,-3.19,1,102,208,0,3,2,1,0,87,0,0,lankershim
86,952,957,1118935775100,6.441,550.822,6452149.884,1873292.585,13.7,6.5,2,46.48,-2.57,1,102,208,0,3,2,1,0,87,0,0,lankershim
86,953,957,1118935775200,6.464,555.457,6452151.912,1873296.749,13.7,6.5,2,46.36,-1.24,1,102,208,0,3,2,1,0,87,0,0,lankershim
86,954,957,1118935775300,6.478,560.085,6452153.934,1873300.912,13.7,6.5,2,46.32,-0.22,1,102,208,0,3,2,1,0,87,0,0,lankershim
86,955,957,1118935775400,6.494,564.715,6452155.962,1873305.076,13.7,6.5,2,46.31,0.11,1,102,208,0,3,2,1,0,87,0,0,lankershim
86,956,957,1118935775500,6.512,569.349,6452157.991,1873309.24,13.7,6.5,2,46.29,-0.35,1,102,208,0,3,2,1,0,87,0,0,lankershim
86,957,957,1118935775600,6.533,573.974,6452160.019,1873313.404,13.7,6.5,2,46.28,-0.21,1,102,208,0,3,2,1,0,87,0,0,lankershim
86,958,957,1118935775700,6.557,578.58,6452162.047,1873317.568,13.7,6.5,2,46.49,3.19,1,102,208,0,3,2,1,0,87,0,0,lankershim
86,959,957,1118935775800,6.567,583.205,6452164.064,1873321.688,13.7,6.5,2,47.17,9.97,1,102,208,0,3,2,1,0,87,0,0,lankershim
86,960,957,1118935775900,6.554,587.983,6452166.092,1873325.937,13.7,6.5,2,48.42,11.51,1,102,208,0,3,2,1,0,87,0,0,lankershim
86,961,957,1118935776000,6.512,592.915,6452168.178,1873330.394,13.7,6.5,2,50.11,11.53,1,102,208,0,3,2,1,0,87,0,0,lankershim
86,962,957,1118935776100,6.44,598.004,6452170.341,1873335.013,13.7,6.5,2,51.31,11.52,1,102,208,0,3,2,1,0,87,0,0,lankershim
86,963,957,1118935776200,6.34,603.248,6452172.563,1873339.841,13.7,6.5,2,51.31,9.96,1,102,208,0,3,2,1,0,87,0,0,lankershim
86,964,957,1118935776300,6.214,608.644,6452174.795,1873344.798,13.7,6.5,2,51.32,3.59,1,102,208,0,3,2,1,0,87,0,0,lankershim
86,965,957,1118935776400,6.076,614.059,6452177.015,1873349.71,13.7,6.5,2,51.32,0.15,1,102,208,0,3,2,1,0,87,0,0,lankershim
86,966,957,1118935776500,5.94,619.459,6452179.236,1873354.623,13.7,6.5,2,51.32,-0.91,1,102,208,0,3,2,1,0,87,0,0,lankershim
86,967,957,1118935776600,5.809,624.835,6452181.457,1873359.535,13.7,6.5,2,51.32,0.38,1,102,208,0,3,2,1,0,87,0,0,lankershim
86,968,957,1118935776700,5.671,630.189,6452183.677,1873364.447,13.7,6.5,2,51.32,4.92,1,102,208,0,3,2,1,0,87,0,0,lankershim
86,969,957,1118935776800,5.524,635.6,6452185.867,1873369.307,13.7,6.5,2,51.32,11.17,1,102,208,0,3,2,1,0,87,0,0,lankershim
86,970,957,1118935776900,5.382,641.212,6452188.108,1873374.341,13.7,6.5,2,51.31,10.89,1,102,208,0,3,2,1,0,87,0,0,lankershim
86,971,957,1118935777000,5.269,647.006,6452190.533,1873379.597,13.7,6.5,2,51.31,10.53,1,102,208,0,3,2,1,0,87,0,0,lankershim
86,972,957,1118935777100,5.208,653.013,6452193.072,1873385.042,13.7,6.5,2,51.3,10.87,1,102,208,0,3,2,1,0,87,0,0,lankershim
86,973,957,1118935777200,5.183,659.197,6452195.796,1873390.71,13.7,6.5,2,51.3,11.2,1,102,208,0,3,2,1,0,87,0,0,lankershim
86,974,957,1118935777300,5.153,665.626,6452198.601,1873396.566,13.7,6.5,2,51.3,-0.68,1,102,208,0,3,2,1,0,87,0,0,lankershim
86,975,957,1118935777400,5.09,671.998,6452201.33,1873402.393,13.7,6.5,2,51.31,-11,1,102,208,0,3,2,1,0,87,0,0,lankershim
86,976,957,1118935777500,4.992,678.181,6452203.914,1873407.991,13.7,6.5,2,51.31,-11.2,1,102,208,0,3,2,1,0,87,0,0,lankershim
86,977,957,1118935777600,4.887,684.218,6452206.435,1873413.462,13.7,6.5,2,51.31,-11.2,1,102,208,0,3,2,1,0,87,0,0,lankershim
86,978,957,1118935777700,4.828,690.098,6452208.936,1873418.786,13.7,6.5,2,51.31,-10.94,1,102,208,0,3,2,1,0,87,0,0,lankershim
86,979,957,1118935777800,4.756,695.83,6452211.342,1873423.942,13.7,6.5,2,51.32,-10.33,1,102,208,0,3,2,1,0,87,0,0,lankershim
86,980,957,1118935777900,4.585,701.426,6452213.632,1873429.086,13.7,6.5,2,51.32,-11.06,1,102,208,0,3,2,1,0,87,0,0,lankershim
86,981,957,1118935778000,4.338,706.892,6452215.768,1873434.085,13.7,6.5,2,51.32,-10.83,1,102,208,0,3,2,1,0,87,0,0,lankershim
86,982,957,1118935778100,4.175,712.232,6452217.937,1873438.958,13.7,6.5,2,51.31,-8.87,1,102,208,0,3,2,1,0,87,0,0,lankershim
86,983,957,1118935778200,4.153,717.509,6452220.208,1873443.72,13.7,6.5,2,51.3,-4.93,1,102,208,0,3,2,1,0,87,0,0,lankershim
86,984,957,1118935778300,4.149,722.774,6452222.491,1873448.463,13.7,6.5,2,51.3,-1.11,1,102,208,0,3,2,1,0,87,0,0,lankershim
86,985,957,1118935778400,4.126,728.043,6452224.761,1873453.226,13.7,6.5,2,51.3,0.39,1,102,208,0,3,2,1,0,87,0,0,lankershim
86,986,957,1118935778500,4.102,733.319,6452227.031,1873457.988,13.7,6.5,2,51.3,-0.03,1,102,208,0,3,2,1,0,87,0,0,lankershim
86,987,957,1118935778600,4.079,738.595,6452229.301,1873462.751,13.7,6.5,2,51.3,-0.44,1,102,208,0,3,2,1,0,87,0,0,lankershim
86,988,957,1118935778700,4.056,743.862,6452231.572,1873467.514,13.7,6.5,2,51.3,1.07,1,102,208,0,3,2,1,0,87,0,0,lankershim
86,989,957,1118935778800,4.055,749.128,6452233.856,1873472.254,13.7,6.5,2,51.3,5.2,1,102,208,0,3,2,1,0,87,0,0,lankershim
86,990,957,1118935778900,4.032,754.45,6452236.127,1873477.016,13.7,6.5,2,51.31,5.09,1,102,208,0,3,2,1,0,87,0,0,lankershim
86,991,957,1118935779000,3.889,759.776,6452238.326,1873481.907,13.7,6.5,2,51.31,-3.73,1,102,208,0,3,2,1,0,87,0,0,lankershim
86,992,957,1118935779100,3.608,765.058,6452240.432,1873486.921,13.7,6.5,2,51.3,11.3,1,102,208,0,3,2,1,0,87,0,0,lankershim
86,993,957,1118935779200,3.644,770.355,6452242.467,1873492.064,13.7,6.5,2,51.32,13.1,1,102,208,0,3,2,1,0,87,0,0,lankershim
86,994,957,1118935779300,4.048,775.725,6452244.488,1873497.229,13.7,6.5,2,51.39,14.31,1,102,208,0,3,2,1,0,87,0,0,lankershim
86,995,957,1118935779400,4.473,781.221,6452246.523,1873502.372,13.7,6.5,2,51.46,5.57,1,102,208,0,3,2,1,0,87,0,0,lankershim
86,996,957,1118935779500,4.898,786.766,6452248.559,1873507.514,13.7,6.5,2,51.47,-0.05,1,102,208,0,3,2,1,0,87,0,0,lankershim
86,997,957,1118935779600,5.323,792.281,6452250.594,1873512.657,13.7,6.5,2,51.47,-0.25,1,102,208,0,3,2,1,0,87,0,0,lankershim
86,998,957,1118935779700,5.746,797.793,6452252.629,1873517.799,13.7,6.5,2,51.47,-0.3,1,102,208,0,3,2,1,0,87,0,0,lankershim
86,999,957,1118935779800,6.167,803.292,6452254.662,1873522.944,13.7,6.5,2,51.48,1.31,1,102,208,0,3,2,1,0,87,0,0,lankershim
86,1000,957,1118935779900,6.595,808.8,6452256.686,1873528.059,13.7,6.5,2,51.48,3.77,1,102,208,0,3,2,1,0,87,0,0,lankershim
86,1001,957,1118935780000,7.033,814.351,6452258.74,1873533.214,13.7,6.5,2,51.5,4.97,1,102,208,0,3,2,1,0,87,0,0,lankershim
86,1002,957,1118935780100,7.48,819.962,6452260.852,1873538.467,13.7,6.5,2,51.51,4.16,1,102,208,0,3,2,1,0,87,0,0,lankershim
86,1003,957,1118935780200,7.948,825.612,6452262.951,1873543.732,13.7,6.5,2,51.55,5.03,1,102,208,0,3,2,1,0,87,0,0,lankershim
86,1004,957,1118935780300,8.463,831.258,6452265.11,1873548.984,13.7,6.5,2,51.62,7.72,1,102,208,0,3,2,1,0,87,0,0,lankershim
86,1005,957,1118935780400,9.076,836.879,6452267.344,1873554.177,13.7,6.5,2,51.7,8.84,1,102,208,0,3,2,1,0,87,0,0,lankershim
86,1006,957,1118935780500,9.795,842.568,6452269.691,1873559.373,13.7,6.5,2,51.73,9.21,1,102,208,0,3,2,1,0,87,0,0,lankershim
86,1007,957,1118935780600,10.521,848.39,6452272.139,1873564.612,13.7,6.5,2,51.68,-7.49,1,102,208,0,3,2,1,0,87,0,0,lankershim
86,1008,957,1118935780700,11.11,854.275,6452274.508,1873569.861,13.7,6.5,2,51.57,-11.38,1,102,208,0,3,2,1,0,87,0,0,lankershim
86,1009,957,1118935780800,11.545,860.134,6452276.75,1873575.151,13.7,6.5,2,51.5,-8.11,1,102,208,0,3,2,1,0,87,0,0,lankershim
86,1010,957,1118935780900,11.903,865.891,6452278.934,1873580.476,13.7,6.5,2,51.49,3.13,1,102,208,0,3,2,1,0,87,0,0,lankershim
86,1011,957,1118935781000,12.349,871.589,6452281.229,1873585.745,13.7,6.5,2,51.54,7.45,1,102,208,0,3,2,1,0,87,0,0,lankershim
86,1012,957,1118935781100,12.912,877.307,6452283.702,1873590.921,13.7,6.5,2,51.58,4.99,1,102,208,0,3,2,1,0,87,0,0,lankershim
86,1013,957,1118935781200,13.5,883.074,6452286.165,1873596.152,13.7,6.5,2,51.58,6.69,1,102,208,0,3,2,1,0,87,0,0,lankershim
86,1014,957,1118935781300,14.023,888.947,6452288.564,1873601.522,13.7,6.5,2,51.54,3.81,1,102,208,0,3,2,1,0,87,0,0,lankershim
86,1015,957,1118935781400,14.48,894.902,6452290.955,1873607.028,13.7,6.5,2,51.51,-2.02,1,102,208,0,3,2,1,0,87,0,0,lankershim
86,1016,957,1118935781500,14.918,900.845,6452293.335,1873612.539,13.7,6.5,2,51.5,-4.45,1,102,208,0,3,2,1,0,87,0,0,lankershim
86,1017,957,1118935781600,15.358,906.713,6452295.696,1873617.892,13.7,6.5,2,51.51,-2.46,1,102,208,0,3,2,1,0,87,0,0,lankershim
86,1018,957,1118935781700,15.819,912.54,6452298.013,1873623.213,13.7,6.5,2,51.53,3.07,1,102,208,0,3,2,1,0,87,0,0,lankershim
86,1019,957,1118935781800,16.317,918.394,6452300.401,1873628.587,13.7,6.5,2,51.55,3.03,1,102,208,0,3,2,1,0,87,0,0,lankershim
86,1020,957,1118935781900,16.855,924.207,6452302.885,1873633.994,13.7,6.5,2,51.57,11.21,1,102,208,0,3,2,1,0,87,0,0,lankershim
86,1021,957,1118935782000,17.436,930.36,6452305.326,1873639.346,13.7,6.5,2,51.53,8.16,1,102,208,0,3,2,1,0,87,0,0,lankershim
86,1022,957,1118935782100,17.869,936.669,6452307.718,1873644.605,13.7,6.5,2,51.42,0,1,102,208,0,3,2,1,0,87,0,0,lankershim
86,1023,957,1118935782200,18.121,943.249,6452310.171,1873649.984,13.7,6.5,2,51.33,-13.05,1,102,208,0,3,2,1,0,87,0,0,lankershim
86,1024,957,1118935782300,18.24,949.7,6452312.673,1873655.515,13.7,6.5,2,51.3,-15.84,1,102,208,0,3,2,1,0,87,0,0,lankershim
86,1025,957,1118935782400,18.118,956.035,6452315.184,1873661.116,13.7,6.5,2,51.3,-11.31,1,102,208,0,3,2,1,0,87,0,0,lankershim
86,1026,957,1118935782500,18.019,962.006,6452317.694,1873666.592,13.7,6.5,2,51.3,14.38,1,102,208,0,3,2,1,0,87,0,0,lankershim
86,1027,957,1118935782600,18.087,968.206,6452320.351,1873671.993,13.7,6.5,2,51.32,15.84,1,102,208,0,3,2,1,0,87,0,0,lankershim
86,1028,957,1118935782700,18.273,974.571,6452323.284,1873677.697,13.7,6.5,2,51.36,11.2,1,102,208,0,3,2,1,0,87,0,0,lankershim
86,1029,957,1118935782800,18.626,980.898,6452326.443,1873683.599,13.7,6.5,2,51.4,-10.6,1,102,208,0,3,2,1,0,87,0,0,lankershim
86,1030,957,1118935782900,19.037,986.999,6452329.507,1873688.817,13.7,6.5,2,51.38,-13.87,1,102,208,0,3,2,1,0,87,0,0,lankershim
86,1031,957,1118935783000,19.283,992.93,6452332.249,1873693.917,13.7,6.5,2,51.33,-12.43,1,102,208,0,3,2,1,0,87,0,0,lankershim
86,1032,957,1118935783100,19.39,998.744,6452334.782,1873698.902,13.7,6.5,2,51.3,0,1,102,208,0,3,2,1,0,87,0,0,lankershim
86,1033,957,1118935783200,19.336,"1,005.11",6452337.136,1873704.339,13.7,6.5,2,51.32,15.84,1,102,208,0,3,2,1,0,87,0,0,lankershim
86,1034,957,1118935783300,19.056,"1,012.14",6452339.796,1873710.209,13.7,6.5,2,51.43,15.84,1,102,208,0,3,2,1,0,87,0,0,lankershim
86,1035,957,1118935783400,18.565,"1,019.71",6452342.875,1873716.968,13.7,6.5,2,51.65,15.84,1,102,208,0,3,2,1,0,87,0,0,lankershim
86,1036,957,1118935783500,17.897,"1,027.79",6452346.206,1873723.618,13.7,6.5,2,51.92,0,1,102,208,3,0,2,1,0,87,0,0,lankershim
86,1037,957,1118935783600,16.994,"1,035.62",6452349.829,1873730.077,13.7,6.5,2,52.15,-9.53,1,102,208,3,0,2,1,0,87,0,0,lankershim
86,1038,957,1118935783700,16.008,"1,043.11",6452353.119,1873736.346,13.7,6.5,2,52.26,-10.12,1,102,208,3,0,2,1,0,87,0,0,lankershim
86,1039,957,1118935783800,15.013,"1,050.07",6452356.248,1873742.477,13.7,6.5,2,52.38,-7.86,1,102,208,3,0,2,1,0,87,0,0,lankershim
86,1040,957,1118935783900,13.901,"1,056.71",6452359.151,1873748.421,13.7,6.5,2,52.51,-9.68,1,102,208,3,0,2,1,0,87,0,0,lankershim
86,1041,957,1118935784000,12.725,"1,063.16",6452361.871,1873754.311,13.7,6.5,2,52.59,-5.96,1,102,208,3,0,2,1,0,87,0,0,lankershim
86,1042,957,1118935784100,11.53,"1,069.57",6452364.649,1873760.265,13.7,6.5,2,52.58,-6.74,1,102,208,3,0,2,1,0,87,0,0,lankershim
86,1043,957,1118935784200,10.372,"1,075.95",6452367.423,1873766.156,13.7,6.5,2,52.49,-11.84,1,102,208,3,0,2,1,0,87,0,0,lankershim
86,1044,957,1118935784300,9.283,"1,082.19",6452370.173,1873771.86,13.7,6.5,2,52.37,-12.94,1,102,208,3,0,2,1,0,87,0,0,lankershim
86,1045,957,1118935784400,8.253,"1,088.26",6452372.891,1873777.444,13.7,6.5,2,52.14,-15.84,1,102,208,3,0,2,1,0,87,0,0,lankershim
86,1046,957,1118935784500,7.502,"1,094.09",6452375.586,1873782.839,13.7,6.5,2,51.73,-15.84,1,102,208,3,0,2,1,0,87,0,0,lankershim
86,1047,957,1118935784600,7.056,"1,099.78",6452378.276,1873788.173,13.7,6.5,2,51.38,-15.84,1,102,208,3,0,2,1,0,87,0,0,lankershim
87,928,958,1118935772700,13.343,405.733,6452086.633,1873160.74,14.8,6.7,2,29.55,4.2,1,102,208,2,0,2,1,86,90,45.11,1.53,lankershim
87,929,958,1118935772800,13.034,408.679,6452087.926,1873163.395,14.8,6.7,2,30.09,6.72,1,102,208,2,0,2,1,86,90,45.81,1.52,lankershim
87,930,958,1118935772900,12.707,411.698,6452089.274,1873166.094,14.8,6.7,2,30.73,8.41,1,102,208,2,0,2,1,86,90,46.41,1.51,lankershim
87,931,958,1118935773000,12.315,414.788,6452090.629,1873168.94,14.8,6.7,2,31.37,8.28,1,102,208,2,0,2,1,86,90,46.82,1.49,lankershim
87,932,958,1118935773100,11.834,417.922,6452091.885,1873171.866,14.8,6.7,2,31.99,6.19,1,102,208,2,0,2,1,86,90,47.17,1.47,lankershim
87,933,958,1118935773200,11.305,421.099,6452093.094,1873174.801,14.8,6.7,2,32.6,6.72,1,102,208,2,0,2,1,86,90,47.61,1.46,lankershim
87,934,958,1118935773300,10.811,424.344,6452094.404,1873177.836,14.8,6.7,2,33.32,7.38,1,102,208,2,0,2,1,86,90,48.12,1.44,lankershim
87,935,958,1118935773400,10.391,427.688,6452095.857,1873180.885,14.8,6.7,2,34.16,8.29,1,102,208,2,0,2,1,86,90,48.63,1.42,lankershim
87,936,958,1118935773500,10.016,431.127,6452097.391,1873183.967,14.8,6.7,2,35.02,8.68,1,102,208,2,0,2,1,86,90,49.01,1.4,lankershim
87,937,958,1118935773600,9.646,434.652,6452098.949,1873187.165,14.8,6.7,2,35.87,8.57,1,102,208,2,0,2,1,86,90,49.3,1.37,lankershim
87,938,958,1118935773700,9.267,438.271,6452100.536,1873190.422,14.8,6.7,2,36.63,7.28,1,102,208,2,0,2,1,86,90,49.46,1.35,lankershim
87,939,958,1118935773800,8.864,441.967,6452102.194,1873193.759,14.8,6.7,2,37.18,6.24,1,102,208,2,0,2,1,86,90,49.57,1.33,lankershim
87,940,958,1118935773900,8.402,445.698,6452103.822,1873197.165,14.8,6.7,2,37.46,6.09,1,102,208,2,0,2,1,86,90,49.84,1.33,lankershim
87,941,958,1118935774000,7.855,449.422,6452105.33,1873200.607,14.8,6.7,2,37.52,2.71,1,102,208,2,0,2,1,86,90,50.28,1.34,lankershim
87,942,958,1118935774100,7.262,453.158,6452106.791,1873204.061,14.8,6.7,2,37.21,-5.81,1,102,208,2,0,2,1,86,90,50.9,1.37,lankershim
87,943,958,1118935774200,6.698,456.82,6452108.286,1873207.477,14.8,6.7,2,36.61,-12.52,1,102,208,2,0,2,1,86,90,51.74,1.41,lankershim
87,944,958,1118935774300,6.319,460.373,6452109.913,1873210.882,14.8,6.7,2,36.52,-10.77,1,102,208,2,0,2,1,86,90,52.9,1.45,lankershim
87,945,958,1118935774400,6.067,463.991,6452111.638,1873214.355,14.8,6.7,2,37.21,0,1,102,208,2,0,2,1,86,90,54.01,1.45,lankershim
87,946,958,1118935774500,5.957,467.774,6452113.377,1873217.926,14.8,6.7,2,38.41,6.43,1,102,208,2,0,2,1,86,90,54.93,1.43,lankershim
87,947,958,1118935774600,5.999,471.69,6452115.142,1873221.548,14.8,6.7,2,39.59,7.25,1,102,208,2,0,2,1,86,90,55.71,1.41,lankershim
87,948,958,1118935774700,6.039,475.746,6452116.92,1873225.131,14.8,6.7,2,40.04,4.65,1,102,208,2,0,2,1,86,90,56.35,1.41,lankershim
87,949,958,1118935774800,6.004,479.749,6452118.646,1873228.74,14.8,6.7,2,40.03,5.99,1,102,208,2,0,2,1,86,90,57.05,1.43,lankershim
87,950,958,1118935774900,5.886,483.748,6452120.261,1873232.402,14.8,6.7,2,40.02,2.85,1,102,208,0,3,2,1,86,90,57.75,1.44,lankershim
87,951,958,1118935775000,5.724,487.75,6452121.834,1873236.085,14.8,6.7,2,40.01,-2.9,1,102,208,0,3,2,1,86,90,58.42,1.46,lankershim
87,952,958,1118935775100,5.606,491.747,6452123.449,1873239.747,14.8,6.7,2,39.97,-5.99,1,102,208,0,3,2,1,86,90,59.07,1.48,lankershim
87,953,958,1118935775200,5.572,495.732,6452125.176,1873243.356,14.8,6.7,2,40.04,-4.46,1,102,208,0,3,2,1,86,90,59.72,1.49,lankershim
87,954,958,1118935775300,5.592,499.725,6452126.941,1873246.912,14.8,6.7,2,40.32,4.53,1,102,208,0,3,2,1,86,90,60.36,1.5,lankershim
87,955,958,1118935775400,5.628,503.756,6452128.705,1873250.534,14.8,6.7,2,40.88,7.31,1,102,208,0,3,2,1,86,90,60.96,1.49,lankershim
87,956,958,1118935775500,5.664,507.87,6452130.511,1873254.24,14.8,6.7,2,41.67,8.63,1,102,208,0,3,2,1,86,90,61.48,1.48,lankershim
87,957,958,1118935775600,5.686,512.091,6452132.375,1873258.001,14.8,6.7,2,42.45,8.61,1,102,208,0,3,2,1,86,90,61.88,1.46,lankershim
87,958,958,1118935775700,5.652,516.393,6452134.247,1873261.908,14.8,6.7,2,43,7.16,1,102,208,0,3,2,1,86,90,62.19,1.45,lankershim
87,959,958,1118935775800,5.535,520.732,6452136.015,1873265.884,14.8,6.7,2,43.28,3.06,1,102,208,0,3,2,1,86,90,62.47,1.44,lankershim
87,960,958,1118935775900,5.375,525.065,6452137.728,1873269.855,14.8,6.7,2,43.43,-2.58,1,102,208,0,3,2,1,86,90,62.92,1.45,lankershim
87,961,958,1118935776000,5.258,529.397,6452139.488,1873273.815,14.8,6.7,2,43.7,-4.57,1,102,208,0,3,2,1,86,90,63.52,1.45,lankershim
87,962,958,1118935776100,5.225,533.774,6452141.367,1873277.736,14.8,6.7,2,44.13,2.94,1,102,208,0,3,2,1,86,90,64.23,1.46,lankershim
87,963,958,1118935776200,5.247,538.211,6452143.351,1873281.743,14.8,6.7,2,44.68,5.99,1,102,208,0,3,2,1,86,90,65.04,1.46,lankershim
87,964,958,1118935776300,5.285,542.706,6452145.322,1873285.789,14.8,6.7,2,45.29,5.97,1,102,208,0,3,2,1,86,90,65.94,1.46,lankershim
87,965,958,1118935776400,5.323,547.259,6452147.305,1873289.86,14.8,6.7,2,45.94,6.82,1,102,208,0,3,2,1,86,90,66.8,1.45,lankershim
87,966,958,1118935776500,5.347,551.888,6452149.356,1873294.003,14.8,6.7,2,46.61,8.42,1,102,208,0,3,2,1,86,90,67.57,1.45,lankershim
87,967,958,1118935776600,5.315,556.6,6452151.401,1873298.265,14.8,6.7,2,47.16,7.43,1,102,208,0,3,2,1,86,90,68.24,1.45,lankershim
87,968,958,1118935776700,5.2,561.361,6452153.355,1873302.623,14.8,6.7,2,47.46,3.06,1,102,208,0,3,2,1,86,90,68.83,1.45,lankershim
87,969,958,1118935776800,5.041,566.123,6452155.259,1873306.985,14.8,6.7,2,47.51,-2.92,1,102,208,0,3,2,1,86,90,69.48,1.46,lankershim
87,970,958,1118935776900,4.898,570.862,6452157.2,1873311.317,14.8,6.7,2,47.56,-5.91,1,102,208,0,3,2,1,86,90,70.35,1.48,lankershim
87,971,958,1118935777000,4.889,575.601,6452159.244,1873315.578,14.8,6.7,2,47.84,-1.53,1,102,208,0,3,2,1,86,90,71.4,1.49,lankershim
87,972,958,1118935777100,4.938,580.386,6452161.361,1873319.856,14.8,6.7,2,48.42,7.71,1,102,208,0,3,2,1,86,90,72.63,1.5,lankershim
87,973,958,1118935777200,4.958,585.266,6452163.497,1873324.241,14.8,6.7,2,49.12,7.28,1,102,208,0,3,2,1,86,90,73.93,1.51,lankershim
87,974,958,1118935777300,4.977,590.243,6452165.674,1873328.711,14.8,6.7,2,49.57,2.6,1,102,208,0,3,2,1,86,90,75.38,1.52,lankershim
87,975,958,1118935777400,4.998,595.245,6452167.89,1873333.26,14.8,6.7,2,49.63,-2.1,1,102,208,0,3,2,1,86,90,76.75,1.55,lankershim
87,976,958,1118935777500,5.02,600.197,6452170.054,1873337.703,14.8,6.7,2,49.52,-1.64,1,102,208,0,3,2,1,86,90,77.98,1.57,lankershim
87,977,958,1118935777600,5.039,605.098,6452172.189,1873342.086,14.8,6.7,2,49.76,5.31,1,102,208,0,3,2,1,86,90,79.12,1.59,lankershim
87,978,958,1118935777700,5.047,610.078,6452174.346,1873346.513,14.8,6.7,2,50.74,11.15,1,102,208,0,3,2,1,86,90,80.02,1.58,lankershim
87,979,958,1118935777800,5.041,615.254,6452176.543,1873351.118,14.8,6.7,2,51.3,11.21,1,102,208,0,3,2,1,86,90,80.58,1.57,lankershim
87,980,958,1118935777900,5.032,620.619,6452178.853,1873355.928,14.8,6.7,2,51.3,11.2,1,102,208,0,3,2,1,86,90,80.81,1.58,lankershim
87,981,958,1118935778000,5.029,626.203,6452181.281,1873360.976,14.8,6.7,2,51.3,11.21,1,102,208,0,3,2,1,86,90,80.69,1.57,lankershim
87,982,958,1118935778100,5.021,631.99,6452183.816,1873366.219,14.8,6.7,2,51.3,11.24,1,102,208,0,3,2,1,86,90,80.24,1.56,lankershim
87,983,958,1118935778200,5.001,638.01,6452186.437,1873371.7,14.8,6.7,2,51.3,1.37,1,102,208,0,3,2,1,86,90,79.5,1.55,lankershim
87,984,958,1118935778300,4.949,644.011,6452189.057,1873377.276,14.8,6.7,2,51.3,-11.12,1,102,208,0,3,2,1,86,90,78.76,1.54,lankershim
87,985,958,1118935778400,4.954,649.671,6452191.686,1873382.716,14.8,6.7,2,51.3,-10.47,1,102,208,0,3,2,1,86,90,78.37,1.53,lankershim
87,986,958,1118935778500,4.888,655.037,6452193.901,1873387.463,14.8,6.7,2,51.31,-8.3,1,102,208,0,3,2,1,86,90,78.28,1.53,lankershim
87,987,958,1118935778600,4.764,660.129,6452195.9,1873391.894,14.8,6.7,2,49.04,-8,1,102,208,0,3,2,1,86,90,78.47,1.6,lankershim
87,988,958,1118935778700,4.469,664.844,6452197.574,1873396.046,14.8,6.7,2,49.03,12.28,1,102,208,0,3,2,1,86,90,79.02,1.61,lankershim
87,989,958,1118935778800,4.156,669.928,6452199.391,1873400.535,14.8,6.7,2,51.38,11.2,1,102,208,0,3,2,1,86,90,79.2,1.54,lankershim
87,990,958,1118935778900,3.874,675.27,6452201.402,1873405.356,14.8,6.7,2,51.36,9.29,1,102,208,0,3,2,1,86,90,79.18,1.54,lankershim
87,991,958,1118935779000,3.541,680.907,6452203.73,1873410.952,14.8,6.7,2,51.33,0,1,102,208,0,3,2,1,86,90,78.87,1.54,lankershim
87,992,958,1118935779100,3.43,686.833,6452206.259,1873416.452,14.8,6.7,2,51.3,-8.44,1,102,208,0,3,2,1,86,90,78.23,1.52,lankershim
87,993,958,1118935779200,3.524,692.935,6452208.972,1873421.862,14.8,6.7,2,51.3,7.77,1,102,208,0,3,2,1,86,90,77.42,1.51,lankershim
87,994,958,1118935779300,3.667,698.99,6452211.73,1873427.254,14.8,6.7,2,51.31,1.87,1,102,208,0,3,2,1,86,90,76.74,1.5,lankershim
87,995,958,1118935779400,3.775,705.047,6452214.458,1873432.664,14.8,6.7,2,51.31,-0.44,1,102,208,0,3,2,1,86,90,76.17,1.48,lankershim
87,996,958,1118935779500,3.883,711.105,6452217.186,1873438.074,14.8,6.7,2,51.31,-0.3,1,102,208,0,3,2,1,86,90,75.66,1.47,lankershim
87,997,958,1118935779600,3.991,717.161,6452219.915,1873443.484,14.8,6.7,2,51.31,0.38,1,102,208,0,3,2,1,86,90,75.12,1.46,lankershim
87,998,958,1118935779700,4.099,723.224,6452222.643,1873448.894,14.8,6.7,2,51.31,0.26,1,102,208,0,3,2,1,86,90,74.57,1.45,lankershim
87,999,958,1118935779800,4.207,729.301,6452225.372,1873454.306,14.8,6.7,2,51.31,-2.36,1,102,208,0,3,2,1,86,90,73.99,1.44,lankershim
87,1000,958,1118935779900,4.342,735.362,6452228.138,1873459.732,14.8,6.7,2,51.31,-6.86,1,102,208,0,3,2,1,86,90,73.44,1.43,lankershim
87,1001,958,1118935780000,4.424,741.358,6452230.825,1873465.116,14.8,6.7,2,51.3,-9.98,1,102,208,0,3,2,1,86,90,72.99,1.42,lankershim
87,1002,958,1118935780100,4.423,747.264,6452233.374,1873470.406,14.8,6.7,2,51.3,3.79,1,102,208,0,3,2,1,86,90,72.7,1.42,lankershim
87,1003,958,1118935780200,4.319,753.137,6452235.815,1873475.708,14.8,6.7,2,51.31,-7.8,1,102,208,0,3,2,1,86,90,72.48,1.41,lankershim
87,1004,958,1118935780300,4.168,758.923,6452238.206,1873481.016,14.8,6.7,2,51.3,-15.55,1,102,208,0,3,2,1,86,90,72.34,1.41,lankershim
87,1005,958,1118935780400,4.035,764.549,6452240.616,1873486.319,14.8,6.7,2,51.33,10.35,1,102,208,0,3,2,1,86,90,72.33,1.41,lankershim
87,1006,958,1118935780500,4.32,770.108,6452243.04,1873491.629,14.8,6.7,2,51.47,14.56,1,102,208,0,3,2,1,86,90,72.46,1.41,lankershim
87,1007,958,1118935780600,5.063,775.861,6452245.45,1873496.934,14.8,6.7,2,51.68,15.84,1,102,208,0,3,2,1,86,90,72.53,1.4,lankershim
87,1008,958,1118935780700,5.788,781.738,6452247.938,1873502.401,14.8,6.7,2,51.83,12.32,1,102,208,0,3,2,1,86,90,72.54,1.4,lankershim
87,1009,958,1118935780800,6.587,787.807,6452250.484,1873508.034,14.8,6.7,2,51.87,5.96,1,102,208,0,3,2,1,86,90,72.33,1.39,lankershim
87,1010,958,1118935780900,7.371,793.95,6452253.035,1873513.657,14.8,6.7,2,51.86,0.24,1,102,208,0,3,2,1,86,90,71.94,1.39,lankershim
87,1011,958,1118935781000,8.137,800.093,6452255.607,1873519.283,14.8,6.7,2,51.83,-3.16,1,102,208,0,3,2,1,86,90,71.5,1.38,lankershim
87,1012,958,1118935781100,8.861,806.221,6452258.108,1873524.938,14.8,6.7,2,51.79,-2.86,1,102,208,0,3,2,1,86,90,71.09,1.37,lankershim
87,1013,958,1118935781200,9.542,812.35,6452260.551,1873530.572,14.8,6.7,2,51.78,0.22,1,102,208,0,3,2,1,86,90,70.72,1.37,lankershim
87,1014,958,1118935781300,10.224,818.485,6452263.01,1873536.244,14.8,6.7,2,51.79,2.86,1,102,208,0,3,2,1,86,90,70.46,1.36,lankershim
87,1015,958,1118935781400,10.948,824.624,6452265.511,1873541.899,14.8,6.7,2,51.83,2.52,1,102,208,0,3,2,1,86,90,70.28,1.36,lankershim
87,1016,958,1118935781500,11.716,830.739,6452268.08,1873547.515,14.8,6.7,2,51.87,-2.62,1,102,208,0,3,2,1,86,90,70.11,1.35,lankershim
87,1017,958,1118935781600,12.515,836.775,6452270.614,1873553.095,14.8,6.7,2,51.86,2.46,1,102,208,0,3,2,1,86,90,69.94,1.35,lankershim
87,1018,958,1118935781700,13.299,842.858,6452273.14,1873558.606,14.8,6.7,2,51.78,6.3,1,102,208,0,3,2,1,86,90,69.68,1.35,lankershim
87,1019,958,1118935781800,13.962,849.105,6452275.647,1873564.196,14.8,6.7,2,51.64,-9.21,1,102,208,0,3,2,1,86,90,69.29,1.34,lankershim
87,1020,958,1118935781900,14.489,855.445,6452278.086,1873569.896,14.8,6.7,2,51.51,-12.51,1,102,208,0,3,2,1,86,90,68.76,1.33,lankershim
87,1021,958,1118935782000,14.867,861.693,6452280.42,1873575.588,14.8,6.7,2,51.43,-12.96,1,102,208,0,3,2,1,86,90,68.67,1.34,lankershim
87,1022,958,1118935782100,15.142,867.797,6452282.627,1873581.198,14.8,6.7,2,51.41,-9.16,1,102,208,0,3,2,1,86,90,68.87,1.34,lankershim
87,1023,958,1118935782200,15.464,873.749,6452284.893,1873586.722,14.8,6.7,2,51.44,5.54,1,102,208,0,3,2,1,86,90,69.5,1.35,lankershim
87,1024,958,1118935782300,15.872,879.703,6452287.285,1873592.226,14.8,6.7,2,51.47,5.07,1,102,208,0,3,2,1,86,90,70,1.36,lankershim
87,1025,958,1118935782400,16.339,885.678,6452289.682,1873597.697,14.8,6.7,2,51.51,5.41,1,102,208,0,3,2,1,86,90,70.36,1.37,lankershim
87,1026,958,1118935782500,16.826,891.722,6452292.111,1873603.218,14.8,6.7,2,51.51,5.42,1,102,208,0,3,2,1,86,90,70.28,1.36,lankershim
87,1027,958,1118935782600,17.31,897.849,6452294.593,1873608.863,14.8,6.7,2,51.5,-2.62,1,102,208,0,3,2,1,86,90,70.36,1.37,lankershim
87,1028,958,1118935782700,17.771,903.996,6452297.075,1873614.546,14.8,6.7,2,51.47,-9.3,1,102,208,0,3,2,1,86,90,70.58,1.37,lankershim
87,1029,958,1118935782800,18.165,910.048,6452299.443,1873620.14,14.8,6.7,2,51.42,-13.4,1,102,208,0,3,2,1,86,90,70.85,1.38,lankershim
87,1030,958,1118935782900,18.469,915.954,6452301.682,1873625.598,14.8,6.7,2,51.38,-10.83,1,102,208,0,3,2,1,86,90,71.05,1.38,lankershim
87,1031,958,1118935783000,18.705,921.751,6452303.764,1873630.972,14.8,6.7,2,51.36,-4.8,1,102,208,0,3,2,1,86,90,71.18,1.39,lankershim
87,1032,958,1118935783100,18.944,927.47,6452305.877,1873636.352,14.8,6.7,2,51.34,10.35,1,102,208,0,3,2,1,86,90,71.27,1.39,lankershim
87,1033,958,1118935783200,19.157,933.561,6452307.997,1873641.742,14.8,6.7,2,51.31,0,1,102,208,0,3,2,1,86,90,71.54,1.39,lankershim
87,1034,958,1118935783300,19.167,939.779,6452310.116,1873647.131,14.8,6.7,2,51.3,15.84,1,102,208,0,3,2,1,86,90,72.36,1.41,lankershim
87,1035,958,1118935783400,19.05,946.278,6452312.235,1873652.519,14.8,6.7,2,51.34,0,1,102,208,0,3,2,1,86,90,73.43,1.43,lankershim
87,1036,958,1118935783500,18.721,952.516,6452314.354,1873657.906,14.8,6.7,2,51.38,-11.18,1,102,208,0,3,2,1,86,90,75.28,1.47,lankershim
87,1037,958,1118935783600,18.35,958.627,6452316.414,1873663.288,14.8,6.7,2,51.36,-12.44,1,102,208,0,3,2,1,86,90,76.99,1.5,lankershim
87,1038,958,1118935783700,18.18,964.531,6452318.819,1873668.62,14.8,6.7,2,51.31,0,1,102,208,0,3,2,1,86,90,78.58,1.53,lankershim
87,1039,958,1118935783800,18.134,970.743,6452321.461,1873674.194,14.8,6.7,2,51.3,15.84,1,102,208,0,3,2,1,86,90,79.32,1.55,lankershim
87,1040,958,1118935783900,18.265,977.201,6452324.311,1873679.991,14.8,6.7,2,51.31,12.21,1,102,208,0,3,2,1,86,90,79.51,1.55,lankershim
87,1041,958,1118935784000,18.458,983.901,6452327.528,1873686.003,14.8,6.7,2,51.31,10.62,1,102,208,0,3,2,1,86,90,79.26,1.54,lankershim
87,1042,958,1118935784100,18.593,990.794,6452330.668,1873692.254,14.8,6.7,2,51.31,7.84,1,102,208,0,3,2,1,86,90,78.78,1.54,lankershim
87,1043,958,1118935784200,18.626,997.911,6452333.663,1873698.7,14.8,6.7,2,51.3,-4.98,1,102,208,0,3,2,1,86,90,78.03,1.52,lankershim
87,1044,958,1118935784300,18.652,"1,004.89",6452336.743,1873705.138,14.8,6.7,2,51.31,15.84,1,102,208,0,3,2,1,86,90,77.29,1.51,lankershim
87,1045,958,1118935784400,18.394,"1,012.25",6452339.75,1873711.443,14.8,6.7,2,51.4,15.84,1,102,208,0,3,2,1,86,90,76.01,1.48,lankershim
87,1046,958,1118935784500,17.905,"1,019.71",6452342.604,1873717.567,14.8,6.7,2,51.68,12.38,1,102,208,0,3,2,1,86,90,74.38,1.44,lankershim
87,1047,958,1118935784600,17.196,"1,027.18",6452345.374,1873723.544,14.8,6.7,2,52.06,0,1,102,208,3,0,2,1,86,90,72.6,1.39,lankershim
90,928,954,1118935772700,17.198,362.106,6452066.591,1873121.781,14.6,6.5,2,28.04,-3.29,1,102,208,2,0,2,1,87,144,43.63,1.56,lankershim
90,929,954,1118935772800,16.893,364.911,6452067.865,1873124.329,14.6,6.5,2,28.22,-0.73,1,102,208,2,0,2,1,87,144,43.77,1.55,lankershim
90,930,954,1118935772900,16.603,367.725,6452069.1,1873126.864,14.6,6.5,2,28.4,1.55,1,102,208,2,0,2,1,87,144,43.97,1.55,lankershim
90,931,954,1118935773000,16.312,370.542,6452070.34,1873129.409,14.6,6.5,2,28.71,4.56,1,102,208,2,0,2,1,87,144,44.25,1.54,lankershim
90,932,954,1118935773100,16,373.407,6452071.613,1873131.957,14.6,6.5,2,29.16,7.19,1,102,208,2,0,2,1,87,144,44.52,1.53,lankershim
90,933,954,1118935773200,15.626,376.333,6452072.889,1873134.641,14.6,6.5,2,29.62,7.27,1,102,208,2,0,2,1,87,144,44.77,1.51,lankershim
90,934,954,1118935773300,15.164,379.29,6452074.079,1873137.431,14.6,6.5,2,30.01,4.04,1,102,208,2,0,2,1,87,144,45.05,1.5,lankershim
90,935,954,1118935773400,14.657,382.261,6452075.202,1873140.188,14.6,6.5,2,30.39,3.45,1,102,208,2,0,2,1,87,144,45.43,1.49,lankershim
90,936,954,1118935773500,14.19,385.264,6452076.391,1873142.977,14.6,6.5,2,30.89,5.27,1,102,208,2,0,2,1,87,144,45.86,1.48,lankershim
90,937,954,1118935773600,13.797,388.348,6452077.733,1873145.797,14.6,6.5,2,31.63,8.16,1,102,208,2,0,2,1,87,144,46.3,1.46,lankershim
90,938,954,1118935773700,13.456,391.534,6452079.16,1873148.658,14.6,6.5,2,32.5,8.93,1,102,208,2,0,2,1,87,144,46.74,1.44,lankershim
90,939,954,1118935773800,13.127,394.814,6452080.606,1873151.628,14.6,6.5,2,33.36,8.78,1,102,208,2,0,2,1,87,144,47.15,1.41,lankershim
90,940,954,1118935773900,12.764,398.184,6452082.112,1873154.651,14.6,6.5,2,34.14,8.59,1,102,208,2,0,2,1,87,144,47.51,1.39,lankershim
90,941,954,1118935774000,12.332,401.625,6452083.607,1873157.785,14.6,6.5,2,34.7,7.29,1,102,208,2,0,2,1,87,144,47.8,1.38,lankershim
90,942,954,1118935774100,11.813,405.099,6452085.016,1873161.024,14.6,6.5,2,34.97,3.05,1,102,208,2,0,2,1,87,144,48.06,1.37,lankershim
90,943,954,1118935774200,11.251,408.569,6452086.37,1873164.258,14.6,6.5,2,35.02,-2.92,1,102,208,2,0,2,1,87,144,48.25,1.38,lankershim
90,944,954,1118935774300,10.734,412.022,6452087.766,1873167.471,14.6,6.5,2,35.07,-5.61,1,102,208,2,0,2,1,87,144,48.35,1.38,lankershim
90,945,954,1118935774400,10.301,415.486,6452089.261,1873170.603,14.6,6.5,2,35.33,2.08,1,102,208,2,0,2,1,87,144,48.5,1.37,lankershim
90,946,954,1118935774500,9.92,418.998,6452090.832,1873173.762,14.6,6.5,2,35.86,7.15,1,102,208,2,0,2,1,87,144,48.78,1.36,lankershim
90,947,954,1118935774600,9.541,422.587,6452092.419,1873177.019,14.6,6.5,2,36.65,8.83,1,102,208,2,0,2,1,87,144,49.1,1.34,lankershim
90,948,954,1118935774700,9.137,426.273,6452094.038,1873180.343,14.6,6.5,2,37.53,9.05,1,102,208,2,0,2,1,87,144,49.47,1.32,lankershim
90,949,954,1118935774800,8.717,430.061,6452095.703,1873183.761,14.6,6.5,2,38.31,7.01,1,102,208,2,0,2,1,87,144,49.69,1.3,lankershim
90,950,954,1118935774900,8.29,433.935,6452097.414,1873187.274,14.6,6.5,2,38.74,2.15,1,102,208,2,0,2,1,87,144,49.81,1.29,lankershim
90,951,954,1118935775000,7.862,437.822,6452099.141,1873190.819,14.6,6.5,2,38.79,-1.76,1,102,208,2,0,2,1,87,144,49.93,1.29,lankershim
90,952,954,1118935775100,7.435,441.66,6452100.839,1873194.305,14.6,6.5,2,38.8,0.25,1,102,208,2,0,2,1,87,144,50.09,1.29,lankershim
90,953,954,1118935775200,7.013,445.478,6452102.491,1873197.696,14.6,6.5,2,39.17,6.74,1,102,208,2,0,2,1,87,144,50.25,1.28,lankershim
90,954,954,1118935775300,6.599,449.375,6452104.189,1873201.221,14.6,6.5,2,39.98,11.03,1,102,208,2,0,2,1,87,144,50.35,1.26,lankershim
90,955,954,1118935775400,6.141,453.444,6452106.021,1873204.875,14.6,6.5,2,40.61,4.9,1,102,208,2,0,2,1,87,144,50.31,1.24,lankershim
90,956,954,1118935775500,5.609,457.552,6452107.834,1873208.662,14.6,6.5,2,40.53,-6.58,1,102,208,2,0,2,1,87,144,50.32,1.24,lankershim
90,957,954,1118935775600,5.147,461.55,6452109.502,1873212.5,14.6,6.5,2,40.17,-11.84,1,102,208,2,0,2,1,87,144,50.54,1.26,lankershim
90,958,954,1118935775700,4.695,465.482,6452111.179,1873216.332,14.6,6.5,2,40.12,-10.07,1,102,208,2,0,2,1,87,144,50.91,1.27,lankershim
90,959,954,1118935775800,4.712,469.463,6452112.992,1873220.053,14.6,6.5,2,40.73,0,1,102,208,2,0,2,1,87,144,51.27,1.26,lankershim
90,960,954,1118935775900,4.928,473.599,6452114.989,1873223.698,14.6,6.5,2,41.75,9.22,1,102,208,2,0,2,1,87,144,51.47,1.23,lankershim
90,961,954,1118935776000,5.016,477.852,6452116.969,1873227.447,14.6,6.5,2,42.53,-8.71,1,102,208,2,0,2,1,87,144,51.55,1.21,lankershim
90,962,954,1118935776100,4.991,482.151,6452118.738,1873231.327,14.6,6.5,2,42.88,6.4,1,102,208,2,0,2,1,87,144,51.62,1.2,lankershim
90,963,954,1118935776200,4.752,486.473,6452120.424,1873235.376,14.6,6.5,2,42.94,-5.58,1,102,208,0,3,2,1,87,144,51.74,1.2,lankershim
90,964,954,1118935776300,4.663,490.766,6452122.216,1873239.298,14.6,6.5,2,42.88,11.1,1,102,208,0,3,2,1,87,144,51.94,1.21,lankershim
90,965,954,1118935776400,4.786,495.034,6452124.146,1873243.016,14.6,6.5,2,42.87,7.44,1,102,208,0,3,2,1,87,144,52.23,1.22,lankershim
90,966,954,1118935776500,5.001,499.309,6452126.235,1873246.785,14.6,6.5,2,43.03,2.69,1,102,208,0,3,2,1,87,144,52.58,1.22,lankershim
90,967,954,1118935776600,5.154,503.63,6452128.276,1873250.628,14.6,6.5,2,43.26,-3.85,1,102,208,0,3,2,1,87,144,52.97,1.22,lankershim
90,968,954,1118935776700,5.237,507.977,6452130.167,1873254.512,14.6,6.5,2,43.36,-1.81,1,102,208,0,3,2,1,87,144,53.38,1.23,lankershim
90,969,954,1118935776800,5.303,512.313,6452132.102,1873258.42,14.6,6.5,2,43.35,-0.3,1,102,208,0,3,2,1,87,144,53.81,1.24,lankershim
90,970,954,1118935776900,5.388,516.645,6452134.105,1873262.249,14.6,6.5,2,43.34,-2.88,1,102,208,0,3,2,1,87,144,54.22,1.25,lankershim
90,971,954,1118935777000,5.446,520.98,6452136.038,1873266.113,14.6,6.5,2,43.33,-5.5,1,102,208,0,3,2,1,87,144,54.62,1.26,lankershim
90,972,954,1118935777100,5.421,525.313,6452137.906,1873270.053,14.6,6.5,2,43.32,3.11,1,102,208,0,3,2,1,87,144,55.07,1.27,lankershim
90,973,954,1118935777200,5.355,529.644,6452139.687,1873273.991,14.6,6.5,2,43.31,-1.38,1,102,208,0,3,2,1,87,144,55.62,1.28,lankershim
90,974,954,1118935777300,5.316,533.963,6452141.526,1873277.9,14.6,6.5,2,43.38,-2.72,1,102,208,0,3,2,1,87,144,56.28,1.3,lankershim
90,975,954,1118935777400,5.322,538.289,6452143.45,1873281.78,14.6,6.5,2,43.69,4.85,1,102,208,0,3,2,1,87,144,56.96,1.3,lankershim
90,976,954,1118935777500,5.356,542.671,6452145.354,1873285.689,14.6,6.5,2,44.17,5.75,1,102,208,0,3,2,1,87,144,57.53,1.3,lankershim
90,977,954,1118935777600,5.395,547.123,6452147.312,1873289.709,14.6,6.5,2,44.64,4.02,1,102,208,0,3,2,1,87,144,57.97,1.3,lankershim
90,978,954,1118935777700,5.418,551.627,6452149.322,1873293.768,14.6,6.5,2,44.95,4.9,1,102,208,0,3,2,1,87,144,58.45,1.3,lankershim
90,979,954,1118935777800,5.383,556.144,6452151.267,1873297.826,14.6,6.5,2,45.04,5.73,1,102,208,0,3,2,1,87,144,59.11,1.31,lankershim
90,980,954,1118935777900,5.272,560.648,6452153.101,1873301.938,14.6,6.5,2,45.03,2.88,1,102,208,0,3,2,1,87,144,59.97,1.33,lankershim
90,981,954,1118935778000,5.124,565.149,6452154.894,1873306.071,14.6,6.5,2,45,-1.36,1,102,208,0,3,2,1,87,144,61.05,1.36,lankershim
90,982,954,1118935778100,5.001,569.646,6452156.755,1873310.17,14.6,6.5,2,44.98,-3.12,1,102,208,0,3,2,1,87,144,62.34,1.39,lankershim
90,983,954,1118935778200,4.927,574.131,6452158.648,1873314.254,14.6,6.5,2,45.07,-0.85,1,102,208,0,3,2,1,87,144,63.88,1.42,lankershim
90,984,954,1118935778300,4.88,578.627,6452160.547,1873318.301,14.6,6.5,2,45.36,4.37,1,102,208,0,3,2,1,87,144,65.38,1.44,lankershim
90,985,954,1118935778400,4.823,583.174,6452162.463,1873322.405,14.6,6.5,2,45.83,5.78,1,102,208,0,3,2,1,87,144,66.5,1.45,lankershim
90,986,954,1118935778500,4.737,587.794,6452164.405,1873326.633,14.6,6.5,2,46.3,4.18,1,102,208,0,3,2,1,87,144,67.24,1.45,lankershim
90,987,954,1118935778600,4.681,592.464,6452166.383,1873330.863,14.6,6.5,2,46.58,-0.23,1,102,208,0,3,2,1,87,144,67.66,1.45,lankershim
90,988,954,1118935778700,4.606,597.13,6452168.348,1873335.112,14.6,6.5,2,46.75,-4.25,1,102,208,0,3,2,1,87,144,67.71,1.45,lankershim
90,989,954,1118935778800,4.537,601.794,6452170.306,1873339.331,14.6,6.5,2,47.05,8.6,1,102,208,0,3,2,1,87,144,68.13,1.45,lankershim
90,990,954,1118935778900,4.614,606.509,6452172.402,1873343.502,14.6,6.5,2,47.51,9.45,1,102,208,0,3,2,1,87,144,68.76,1.45,lankershim
90,991,954,1118935779000,4.786,611.294,6452174.655,1873347.78,14.6,6.5,2,47.97,5.05,1,102,208,0,3,2,1,87,144,69.61,1.45,lankershim
90,992,954,1118935779100,5.003,616.131,6452176.957,1873352.053,14.6,6.5,2,48.25,-2.95,1,102,208,0,3,2,1,87,144,70.7,1.47,lankershim
90,993,954,1118935779200,5.15,620.958,6452179.204,1873356.319,14.6,6.5,2,48.41,-6.35,1,102,208,0,3,2,1,87,144,71.98,1.49,lankershim
90,994,954,1118935779300,5.218,625.761,6452181.345,1873360.65,14.6,6.5,2,48.96,6.22,1,102,208,0,3,2,1,87,144,73.23,1.5,lankershim
90,995,954,1118935779400,5.213,630.724,6452183.429,1873364.995,14.6,6.5,2,50.39,10.96,1,102,208,0,3,2,1,87,144,74.32,1.47,lankershim
90,996,954,1118935779500,5.191,635.912,6452185.582,1873369.556,14.6,6.5,2,51.3,11.2,1,102,208,0,3,2,1,87,144,75.19,1.47,lankershim
90,997,954,1118935779600,5.176,641.378,6452187.941,1873374.423,14.6,6.5,2,51.3,11.15,1,102,208,0,3,2,1,87,144,75.78,1.48,lankershim
90,998,954,1118935779700,5.175,647.166,6452190.459,1873379.643,14.6,6.5,2,51.3,11.31,1,102,208,0,3,2,1,87,144,76.06,1.48,lankershim
90,999,954,1118935779800,5.195,653.193,6452193.13,1873385.203,14.6,6.5,2,51.3,11.29,1,102,208,0,3,2,1,87,144,76.11,1.48,lankershim
90,1000,954,1118935779900,5.234,659.566,6452196.081,1873391.198,14.6,6.5,2,51.3,-11.2,1,102,208,0,3,2,1,87,144,75.8,1.48,lankershim
90,1001,954,1118935780000,5.281,665.594,6452198.827,1873396.744,14.6,6.5,2,51.3,-11.47,1,102,208,0,3,2,1,87,144,75.76,1.48,lankershim
90,1002,954,1118935780100,5.299,671.385,6452201.337,1873401.954,14.6,6.5,2,51.3,-10.41,1,102,208,0,3,2,1,87,144,75.88,1.48,lankershim
90,1003,954,1118935780200,5.258,676.905,6452203.698,1873406.88,14.6,6.5,2,51.3,-10.79,1,102,208,0,3,2,1,87,144,76.23,1.49,lankershim
90,1004,954,1118935780300,5.178,682.137,6452205.729,1873411.337,14.6,6.5,2,51.3,-1.13,1,102,208,0,3,2,1,87,144,76.79,1.5,lankershim
90,1005,954,1118935780400,5.099,687.288,6452207.871,1873415.992,14.6,6.5,2,51.3,9.3,1,102,208,0,3,2,1,87,144,77.26,1.51,lankershim
90,1006,954,1118935780500,5.057,692.604,6452210.23,1873420.954,14.6,6.5,2,51.3,5.78,1,102,208,0,3,2,1,87,144,77.5,1.51,lankershim
90,1007,954,1118935780600,5.057,698.009,6452212.571,1873425.808,14.6,6.5,2,51.3,0.55,1,102,208,0,3,2,1,87,144,77.85,1.52,lankershim
90,1008,954,1118935780700,5.049,703.374,6452214.884,1873430.591,14.6,6.5,2,51.3,3.99,1,102,208,0,3,2,1,87,144,78.36,1.53,lankershim
90,1009,954,1118935780800,5.015,708.751,6452217.171,1873435.435,14.6,6.5,2,51.31,6.87,1,102,208,0,3,2,1,87,144,79.06,1.54,lankershim
90,1010,954,1118935780900,4.886,714.22,6452219.432,1873440.422,14.6,6.5,2,51.31,3.45,1,102,208,0,3,2,1,87,144,79.73,1.55,lankershim
90,1011,954,1118935781000,4.771,719.735,6452221.745,1873445.484,14.6,6.5,2,51.31,-3.58,1,102,208,0,3,2,1,87,144,80.36,1.57,lankershim
90,1012,954,1118935781100,4.643,725.206,6452224.007,1873450.471,14.6,6.5,2,51.3,-7.09,1,102,208,0,3,2,1,87,144,81.01,1.58,lankershim
90,1013,954,1118935781200,4.599,730.584,6452226.294,1873455.315,14.6,6.5,2,51.3,-3.41,1,102,208,0,3,2,1,87,144,81.77,1.59,lankershim
90,1014,954,1118935781300,4.635,735.914,6452228.634,1873460.087,14.6,6.5,2,51.3,4.11,1,102,208,0,3,2,1,87,144,82.57,1.61,lankershim
90,1015,954,1118935781400,4.579,741.288,6452230.91,1873464.935,14.6,6.5,2,51.31,8.26,1,102,208,0,3,2,1,87,144,83.34,1.62,lankershim
90,1016,954,1118935781500,4.435,746.743,6452233.157,1873469.929,14.6,6.5,2,51.32,6.15,1,102,208,0,3,2,1,87,144,84,1.64,lankershim
90,1017,954,1118935781600,4.223,752.286,6452235.369,1873475.005,14.6,6.5,2,51.33,-4.33,1,102,208,0,3,2,1,87,144,84.49,1.65,lankershim
90,1018,954,1118935781700,4.036,757.76,6452237.589,1873480.04,14.6,6.5,2,51.32,-13.04,1,102,208,0,3,2,1,87,144,85.1,1.66,lankershim
90,1019,954,1118935781800,3.855,763.069,6452239.801,1873485.045,14.6,6.5,2,51.3,-13.8,1,102,208,0,3,2,1,87,144,86.04,1.68,lankershim
90,1020,954,1118935781900,3.708,768.273,6452241.911,1873490.049,14.6,6.5,2,51.33,11.26,1,102,208,0,3,2,1,87,144,87.17,1.7,lankershim
90,1021,954,1118935782000,4.206,773.493,6452243.975,1873495.037,14.6,6.5,2,51.43,13.3,1,102,208,0,3,2,1,87,144,88.2,1.71,lankershim
90,1022,954,1118935782100,4.737,778.831,6452246.069,1873500.008,14.6,6.5,2,51.53,7.65,1,102,208,0,3,2,1,87,144,88.97,1.73,lankershim
90,1023,954,1118935782200,5.263,784.232,6452248.16,1873504.986,14.6,6.5,2,51.57,0.21,1,102,208,0,3,2,1,87,144,89.52,1.74,lankershim
90,1024,954,1118935782300,5.792,789.607,6452250.252,1873509.964,14.6,6.5,2,51.57,-0.13,1,102,208,0,3,2,1,87,144,90.1,1.75,lankershim
90,1025,954,1118935782400,6.319,794.979,6452252.344,1873514.942,14.6,6.5,2,51.57,-0.28,1,102,208,0,3,2,1,87,144,90.7,1.76,lankershim
90,1026,954,1118935782500,6.845,800.343,6452254.435,1873519.919,14.6,6.5,2,51.57,0.61,1,102,208,0,3,2,1,87,144,91.38,1.77,lankershim
90,1027,954,1118935782600,7.37,805.703,6452256.52,1873524.882,14.6,6.5,2,51.57,3.2,1,102,208,0,3,2,1,87,144,92.15,1.79,lankershim
90,1028,954,1118935782700,7.899,811.092,6452258.611,1873529.86,14.6,6.5,2,51.58,6.51,1,102,208,0,3,2,1,87,144,92.9,1.8,lankershim
90,1029,954,1118935782800,8.441,816.554,6452260.74,1873534.913,14.6,6.5,2,51.59,8.09,1,102,208,0,3,2,1,87,144,93.49,1.81,lankershim
90,1030,954,1118935782900,9,822.113,6452262.919,1873540.064,14.6,6.5,2,51.61,6.47,1,102,208,0,3,2,1,87,144,93.84,1.82,lankershim
90,1031,954,1118935783000,9.571,827.746,6452265.137,1873545.29,14.6,6.5,2,51.62,3.14,1,102,208,0,3,2,1,87,144,94,1.82,lankershim
90,1032,954,1118935783100,10.147,833.407,6452267.361,1873550.531,14.6,6.5,2,51.62,0.59,1,102,208,0,3,2,1,87,144,94.06,1.82,lankershim
90,1033,954,1118935783200,10.732,839.038,6452269.577,1873555.756,14.6,6.5,2,51.61,3.28,1,102,208,0,3,2,1,87,144,94.52,1.83,lankershim
90,1034,954,1118935783300,11.308,844.71,6452271.794,1873560.982,14.6,6.5,2,51.58,5.66,1,102,208,0,3,2,1,87,144,95.07,1.84,lankershim
90,1035,954,1118935783400,11.834,850.49,6452274.011,1873566.208,14.6,6.5,2,51.53,-5.02,1,102,208,0,3,2,1,87,144,95.79,1.86,lankershim
90,1036,954,1118935783500,12.283,856.314,6452276.228,1873571.434,14.6,6.5,2,51.48,-5.9,1,102,208,0,3,2,1,87,144,96.2,1.87,lankershim
90,1037,954,1118935783600,12.667,862.103,6452278.44,1873576.656,14.6,6.5,2,51.45,-6.04,1,102,208,0,3,2,1,87,144,96.52,1.88,lankershim
90,1038,954,1118935783700,13.033,867.797,6452280.657,1873581.882,14.6,6.5,2,51.45,-1.45,1,102,208,0,3,2,1,87,144,96.73,1.88,lankershim
90,1039,954,1118935783800,13.418,873.465,6452282.895,1873587.128,14.6,6.5,2,51.45,2.89,1,102,208,0,3,2,1,87,144,97.28,1.89,lankershim
90,1040,954,1118935783900,13.821,879.189,6452285.163,1873592.402,14.6,6.5,2,51.46,2.33,1,102,208,0,3,2,1,87,144,98.01,1.9,lankershim
90,1041,954,1118935784000,14.238,884.936,6452287.452,1873597.695,14.6,6.5,2,51.47,1.15,1,102,208,0,3,2,1,87,144,98.96,1.92,lankershim
90,1042,954,1118935784100,14.659,890.693,6452289.746,1873602.993,14.6,6.5,2,51.47,0.21,1,102,208,0,3,2,1,87,144,100.1,1.94,lankershim
90,1043,954,1118935784200,15.08,896.448,6452292.035,1873608.287,14.6,6.5,2,51.47,-0.11,1,102,208,0,3,2,1,87,144,101.46,1.97,lankershim
90,1044,954,1118935784300,15.499,902.202,6452294.325,1873613.581,14.6,6.5,2,51.47,-0.17,1,102,208,0,3,2,1,87,144,102.69,2,lankershim
90,1045,954,1118935784400,15.92,907.953,6452296.614,1873618.874,14.6,6.5,2,51.47,-0.26,1,102,208,0,3,2,1,87,144,104.29,2.03,lankershim
90,1046,954,1118935784500,16.341,913.695,6452298.903,1873624.168,14.6,6.5,2,51.47,0.28,1,102,208,0,3,2,1,87,144,106.02,2.06,lankershim
90,1047,954,1118935784600,16.747,919.44,6452301.195,1873629.446,14.6,6.5,2,51.46,2.91,1,102,208,0,3,2,1,87,144,107.74,2.09,lankershim
144,928,614,1118935772700,18.829,291.284,6452037.616,1873059.673,12.3,7,2,8.27,11.2,1,102,208,0,2,2,1,90,154,0,0,lankershim
144,929,614,1118935772800,18.824,292.201,6452037.934,1873060.422,12.3,7,2,9.72,11.32,1,102,208,0,2,2,1,90,154,0,0,lankershim
144,930,614,1118935772900,18.838,293.277,6452038.401,1873061.383,12.3,7,2,11.68,11.5,1,102,208,0,2,2,1,90,154,74.45,6.37,lankershim
144,931,614,1118935773000,18.889,294.537,6452038.98,1873062.511,12.3,7,2,13.65,11.32,1,102,208,0,2,2,1,90,154,76,5.57,lankershim
144,932,614,1118935773100,18.959,295.955,6452039.708,1873063.852,12.3,7,2,15.09,11.2,1,102,208,0,2,2,1,90,154,77.45,5.13,lankershim
144,933,614,1118935773200,19.026,297.569,6452040.459,1873065.332,12.3,7,2,15.88,3.84,1,102,208,0,2,2,1,90,154,78.76,4.96,lankershim
144,934,614,1118935773300,19.082,299.206,6452041.185,1873066.766,12.3,7,2,16.12,-0.39,1,102,208,0,2,2,1,90,154,80.08,4.97,lankershim
144,935,614,1118935773400,19.132,300.822,6452041.912,1873068.199,12.3,7,2,16.09,-0.69,1,102,208,0,2,2,1,90,154,81.44,5.06,lankershim
144,936,614,1118935773500,19.184,302.424,6452042.638,1873069.633,12.3,7,2,16.02,-0.45,1,102,208,0,2,2,1,90,154,82.84,5.17,lankershim
144,937,614,1118935773600,19.238,304.012,6452043.365,1873071.066,12.3,7,2,16.09,1.14,1,102,208,0,2,2,1,90,154,84.34,5.24,lankershim
144,938,614,1118935773700,19.29,305.6,6452044.081,1873072.475,12.3,7,2,16.44,5.27,1,102,208,0,2,2,1,90,154,85.93,5.23,lankershim
144,939,614,1118935773800,19.338,307.236,6452044.807,1873073.908,12.3,7,2,17.2,10.23,1,102,208,0,2,2,1,90,154,87.58,5.09,lankershim
144,940,614,1118935773900,19.383,309.005,6452045.586,1873075.492,12.3,7,2,18.31,11.19,1,102,208,0,2,2,1,90,154,89.18,4.87,lankershim
144,941,614,1118935774000,19.424,310.895,6452046.432,1873077.187,12.3,7,2,19.4,10.24,1,102,208,0,2,2,1,90,154,90.73,4.68,lankershim
144,942,614,1118935774100,19.463,312.918,6452047.332,1873079.034,12.3,7,2,20.16,5.26,1,102,208,0,2,2,1,90,154,92.18,4.57,lankershim
144,943,614,1118935774200,19.497,314.989,6452048.241,1873080.904,12.3,7,2,20.51,1.14,1,102,208,0,2,2,1,90,154,93.58,4.56,lankershim
144,944,614,1118935774300,19.531,317.059,6452049.14,1873082.749,12.3,7,2,20.57,-0.43,1,102,208,0,2,2,1,90,154,94.96,4.62,lankershim
144,945,614,1118935774400,19.565,319.116,6452050.039,1873084.595,12.3,7,2,20.52,-0.62,1,102,208,0,2,2,1,90,154,96.37,4.7,lankershim
144,946,614,1118935774500,19.603,321.16,6452050.939,1873086.441,12.3,7,2,20.49,-0.24,1,102,208,0,2,2,1,90,154,97.84,4.77,lankershim
144,947,614,1118935774600,19.641,323.185,6452051.838,1873088.287,12.3,7,2,20.73,3.56,1,102,208,0,2,2,1,90,154,99.4,4.8,lankershim
144,948,614,1118935774700,19.666,325.234,6452052.724,1873090.086,12.3,7,2,21.47,10.26,1,102,208,0,2,2,1,90,154,101.04,4.71,lankershim
144,949,614,1118935774800,19.666,327.455,6452053.623,1873092.031,12.3,7,2,22.8,11.45,1,102,208,0,2,2,1,90,154,102.61,4.5,lankershim
144,950,614,1118935774900,19.642,329.831,6452054.587,1873094.189,12.3,7,2,24.6,11.43,1,102,208,0,2,2,1,90,154,104.1,4.23,lankershim
144,951,614,1118935775000,19.593,332.375,6452055.637,1873096.52,12.3,7,2,26.4,11.45,1,102,208,0,2,2,1,90,154,105.45,3.99,lankershim
144,952,614,1118935775100,19.52,335.074,6452056.751,1873099.065,12.3,7,2,27.74,10.72,1,102,208,0,2,2,1,90,154,106.59,3.84,lankershim
144,953,614,1118935775200,19.421,337.944,6452057.878,1873101.755,12.3,7,2,28.49,3.96,1,102,208,0,2,2,1,90,154,107.53,3.77,lankershim
144,954,614,1118935775300,19.328,340.808,6452058.992,1873104.399,12.3,7,2,30.02,11.64,1,102,208,0,2,2,1,90,154,108.57,3.62,lankershim
144,955,614,1118935775400,19.22,344.021,6452060.106,1873107.042,12.3,7,2,32.98,14.13,1,102,208,0,2,2,1,90,154,109.42,3.32,lankershim
144,956,614,1118935775500,19.004,347.372,6452061.22,1873109.685,12.3,7,2,35.05,15.84,1,102,208,0,2,2,1,90,154,110.18,3.14,lankershim
144,957,614,1118935775600,18.656,350.998,6452062.334,1873112.328,12.3,7,2,35.07,-6.53,1,102,208,2,0,2,1,90,154,110.55,3.15,lankershim
144,958,614,1118935775700,18.191,354.344,6452063.44,1873114.963,12.3,7,2,33.08,-10.77,1,102,208,2,0,2,1,90,154,111.14,3.36,lankershim
144,959,614,1118935775800,17.703,357.562,6452064.554,1873117.605,12.3,7,2,30.42,-11.22,1,102,208,2,0,2,1,90,154,111.9,3.68,lankershim
144,960,614,1118935775900,17.245,360.372,6452065.707,1873120.29,12.3,7,2,29.58,5.37,1,102,208,2,0,2,1,90,154,113.23,3.83,lankershim
144,961,614,1118935776000,16.8,363.329,6452066.913,1873123.031,12.3,7,2,30.04,4.31,1,102,208,2,0,2,1,90,154,114.52,3.81,lankershim
144,962,614,1118935776100,16.366,366.336,6452068.158,1873125.813,12.3,7,2,30.34,2.1,1,102,208,2,0,2,1,90,154,115.82,3.82,lankershim
144,963,614,1118935776200,15.935,369.363,6452069.411,1873128.604,12.3,7,2,30.48,0.4,1,102,208,2,0,2,1,90,154,117.11,3.84,lankershim
144,964,614,1118935776300,15.503,372.387,6452070.656,1873131.387,12.3,7,2,30.5,-0.18,1,102,208,2,0,2,1,90,154,118.38,3.88,lankershim
144,965,614,1118935776400,15.07,375.406,6452071.901,1873134.169,12.3,7,2,30.48,-0.27,1,102,208,2,0,2,1,90,154,119.63,3.92,lankershim
144,966,614,1118935776500,14.637,378.422,6452073.146,1873136.952,12.3,7,2,30.45,-0.33,1,102,208,2,0,2,1,90,154,120.89,3.97,lankershim
144,967,614,1118935776600,14.203,381.427,6452074.39,1873139.734,12.3,7,2,30.48,0.71,1,102,208,2,0,2,1,90,154,122.2,4.01,lankershim
144,968,614,1118935776700,13.768,384.428,6452075.623,1873142.501,12.3,7,2,30.73,3.81,1,102,208,2,0,2,1,90,154,123.55,4.02,lankershim
144,969,614,1118935776800,13.337,387.464,6452076.867,1873145.283,12.3,7,2,31.3,7.84,1,102,208,2,0,2,1,90,154,124.85,3.99,lankershim
144,970,614,1118935776900,12.914,390.589,6452078.174,1873148.146,12.3,7,2,32.13,9.77,1,102,208,2,0,2,1,90,154,126.06,3.92,lankershim
144,971,614,1118935777000,12.501,393.835,6452079.562,1873151.116,12.3,7,2,32.96,7.85,1,102,208,2,0,2,1,90,154,127.15,3.86,lankershim
144,972,614,1118935777100,12.096,397.171,6452081.012,1873154.168,12.3,7,2,33.54,3.83,1,102,208,2,0,2,1,90,154,128.14,3.82,lankershim
144,973,614,1118935777200,11.694,400.541,6452082.474,1873157.235,12.3,7,2,33.78,0.7,1,102,208,2,0,2,1,90,154,129.1,3.82,lankershim
144,974,614,1118935777300,11.291,403.907,6452083.923,1873160.287,12.3,7,2,33.81,-0.34,1,102,208,2,0,2,1,90,154,130.06,3.85,lankershim
144,975,614,1118935777400,10.888,407.264,6452085.372,1873163.338,12.3,7,2,33.76,-0.54,1,102,208,2,0,2,1,90,154,131.02,3.88,lankershim
144,976,614,1118935777500,10.487,410.611,6452086.822,1873166.389,12.3,7,2,33.73,-0.14,1,102,208,2,0,2,1,90,154,132.06,3.92,lankershim
144,977,614,1118935777600,10.088,413.939,6452088.271,1873169.44,12.3,7,2,33.91,3.05,1,102,208,2,0,2,1,90,154,133.18,3.93,lankershim
144,978,614,1118935777700,9.675,417.28,6452089.704,1873172.452,12.3,7,2,34.55,9.2,1,102,208,2,0,2,1,90,154,134.35,3.89,lankershim
144,979,614,1118935777800,9.243,420.76,6452091.153,1873175.565,12.3,7,2,35.76,11.35,1,102,208,2,0,2,1,90,154,135.38,3.79,lankershim
144,980,614,1118935777900,8.791,424.398,6452092.689,1873178.879,12.3,7,2,37.42,11.33,1,102,208,2,0,2,1,90,154,136.25,3.64,lankershim
144,981,614,1118935778000,8.323,428.188,6452094.341,1873182.337,12.3,7,2,39.08,11.34,1,102,208,2,0,2,1,90,154,136.96,3.5,lankershim
144,982,614,1118935778100,7.836,432.137,6452096.08,1873185.995,12.3,7,2,40.3,9.2,1,102,208,2,0,2,1,90,154,137.51,3.41,lankershim
144,983,614,1118935778200,7.328,436.223,6452097.836,1873189.756,12.3,7,2,40.94,3.04,1,102,208,2,0,2,1,90,154,137.91,3.37,lankershim
144,984,614,1118935778300,6.808,440.324,6452099.575,1873193.476,12.3,7,2,41.12,-0.16,1,102,208,2,0,2,1,90,154,138.3,3.36,lankershim
144,985,614,1118935778400,6.289,444.404,6452101.313,1873197.197,12.3,7,2,41.09,-0.51,1,102,208,2,0,2,1,90,154,138.77,3.38,lankershim
144,986,614,1118935778500,5.773,448.475,6452103.052,1873200.918,12.3,7,2,41.04,-0.26,1,102,208,2,0,2,1,90,154,139.32,3.39,lankershim
144,987,614,1118935778600,5.243,452.565,6452104.791,1873204.639,12.3,7,2,40.83,-3.59,1,102,208,2,0,2,1,90,154,139.9,3.43,lankershim
144,988,614,1118935778700,4.734,456.599,6452106.515,1873208.348,12.3,7,2,40.46,-9,1,102,208,2,0,2,1,90,154,140.53,3.47,lankershim
144,989,614,1118935778800,4.218,460.557,6452108.253,1873212.068,12.3,7,2,40.51,-10.39,1,102,208,2,0,2,1,90,154,141.24,3.49,lankershim
144,990,614,1118935778900,3.905,464.582,6452110.069,1873215.848,12.3,7,2,41.22,0,1,102,208,2,0,2,1,90,154,141.93,3.44,lankershim
144,991,614,1118935779000,3.959,468.763,6452111.988,1873219.705,12.3,7,2,42.39,0,1,102,208,2,0,2,1,90,154,142.53,3.36,lankershim
144,992,614,1118935779100,4.056,473.079,6452113.985,1873223.622,12.3,7,2,43.49,8.48,1,102,208,2,0,2,1,90,154,143.05,3.29,lankershim
144,993,614,1118935779200,4.162,477.515,6452115.996,1873227.55,12.3,7,2,43.95,0.65,1,102,208,2,0,2,1,90,154,143.44,3.26,lankershim
144,994,614,1118935779300,4.259,481.919,6452117.992,1873231.466,12.3,7,2,43.98,-0.34,1,102,208,2,0,2,1,90,154,143.84,3.27,lankershim
144,995,614,1118935779400,4.355,486.314,6452119.987,1873235.382,12.3,7,2,43.96,-0.17,1,102,208,0,3,2,1,90,154,144.41,3.29,lankershim
144,996,614,1118935779500,4.453,490.707,6452121.983,1873239.297,12.3,7,2,43.94,0.22,1,102,208,0,3,2,1,90,154,145.21,3.3,lankershim
144,997,614,1118935779600,4.55,495.099,6452123.979,1873243.213,12.3,7,2,43.94,-0.45,1,102,208,0,3,2,1,90,154,146.28,3.33,lankershim
144,998,614,1118935779700,4.66,499.49,6452125.984,1873247.12,12.3,7,2,43.97,-2.37,1,102,208,0,3,2,1,90,154,147.68,3.36,lankershim
144,999,614,1118935779800,4.758,503.885,6452127.98,1873251.034,12.3,7,2,44.04,-4.85,1,102,208,0,3,2,1,90,154,149.31,3.39,lankershim
144,1000,614,1118935779900,4.791,508.292,6452129.924,1873254.989,12.3,7,2,44.15,6.32,1,102,208,0,3,2,1,90,154,151.27,3.43,lankershim
144,1001,614,1118935780000,4.741,512.716,6452131.8,1873258.996,12.3,7,2,44.26,5.13,1,102,208,0,3,2,1,90,154,152.88,3.45,lankershim
144,1002,614,1118935780100,4.625,517.151,6452133.623,1873263.044,12.3,7,2,44.33,2.6,1,102,208,0,3,2,1,90,154,154.23,3.48,lankershim
144,1003,614,1118935780200,4.499,521.583,6452135.438,1873267.099,12.3,7,2,44.39,0.63,1,102,208,0,3,2,1,90,154,155.32,3.5,lankershim
144,1004,614,1118935780300,4.374,526.011,6452137.247,1873271.138,12.3,7,2,44.58,1.75,1,102,208,0,3,2,1,90,154,156.13,3.5,lankershim
144,1005,614,1118935780400,4.259,530.462,6452139.07,1873275.185,12.3,7,2,45,4.03,1,102,208,0,3,2,1,90,154,156.83,3.49,lankershim
144,1006,614,1118935780500,4.195,534.979,6452140.972,1873279.277,12.3,7,2,45.6,5.22,1,102,208,0,3,2,1,90,154,157.63,3.46,lankershim
144,1007,614,1118935780600,4.197,539.582,6452142.975,1873283.428,12.3,7,2,46.22,6.91,1,102,208,0,3,2,1,90,154,158.43,3.43,lankershim
144,1008,614,1118935780700,4.25,544.252,6452145.057,1873287.623,12.3,7,2,46.64,3.37,1,102,208,0,3,2,1,90,154,159.12,3.41,lankershim
144,1009,614,1118935780800,4.311,548.946,6452147.152,1873291.827,12.3,7,2,46.82,0.64,1,102,208,0,3,2,1,90,154,159.8,3.41,lankershim
144,1010,614,1118935780900,4.364,553.637,6452149.233,1873296.022,12.3,7,2,46.85,-0.29,1,102,208,0,3,2,1,90,154,160.58,3.43,lankershim
144,1011,614,1118935781000,4.417,558.323,6452151.314,1873300.217,12.3,7,2,46.81,-0.43,1,102,208,0,3,2,1,90,154,161.41,3.45,lankershim
144,1012,614,1118935781100,4.469,563,6452153.394,1873304.412,12.3,7,2,46.78,-0.33,1,102,208,0,3,2,1,90,154,162.21,3.47,lankershim
144,1013,614,1118935781200,4.521,567.661,6452155.475,1873308.607,12.3,7,2,46.9,2.05,1,102,208,0,3,2,1,90,154,162.92,3.47,lankershim
144,1014,614,1118935781300,4.578,572.329,6452157.545,1873312.769,12.3,7,2,47.4,7.18,1,102,208,0,3,2,1,90,154,163.59,3.45,lankershim
144,1015,614,1118935781400,4.617,577.087,6452159.626,1873316.996,12.3,7,2,48.39,11.08,1,102,208,0,3,2,1,90,154,164.2,3.39,lankershim
144,1016,614,1118935781500,4.62,582,6452161.759,1873321.414,12.3,7,2,49.76,11.06,1,102,208,0,3,2,1,90,154,164.74,3.31,lankershim
144,1017,614,1118935781600,4.633,587.039,6452163.962,1873325.953,12.3,7,2,51.13,11.32,1,102,208,0,3,2,1,90,154,165.25,3.23,lankershim
144,1018,614,1118935781700,4.611,592.232,6452166.218,1873330.683,12.3,7,2,51.3,7.37,1,102,208,0,3,2,1,90,154,165.53,3.23,lankershim
144,1019,614,1118935781800,4.57,597.515,6452168.484,1873335.478,12.3,7,2,51.3,2.2,1,102,208,0,3,2,1,90,154,165.55,3.23,lankershim
144,1020,614,1118935781900,4.533,602.805,6452170.739,1873340.24,12.3,7,2,51.3,-0.32,1,102,208,0,3,2,1,90,154,165.47,3.23,lankershim
144,1021,614,1118935782000,4.496,608.078,6452172.994,1873345.001,12.3,7,2,51.3,-0.33,1,102,208,0,3,2,1,90,154,165.42,3.22,lankershim
144,1022,614,1118935782100,4.46,613.344,6452175.25,1873349.763,12.3,7,2,51.3,0.19,1,102,208,0,3,2,1,90,154,165.49,3.23,lankershim
144,1023,614,1118935782200,4.424,618.61,6452177.505,1873354.525,12.3,7,2,51.3,-0.45,1,102,208,0,3,2,1,90,154,165.62,3.23,lankershim
144,1024,614,1118935782300,4.374,623.874,6452179.746,1873359.287,12.3,7,2,51.3,-2.38,1,102,208,0,3,2,1,90,154,165.73,3.23,lankershim
144,1025,614,1118935782400,4.337,629.146,6452182,1873364.048,12.3,7,2,51.3,5.4,1,102,208,0,3,2,1,90,154,165.83,3.23,lankershim
144,1026,614,1118935782500,4.368,634.42,6452184.327,1873368.802,12.3,7,2,51.31,8.31,1,102,208,0,3,2,1,90,154,165.92,3.23,lankershim
144,1027,614,1118935782600,4.489,639.743,6452186.749,1873373.547,12.3,7,2,51.32,12.92,1,102,208,0,3,2,1,90,154,165.96,3.23,lankershim
144,1028,614,1118935782700,4.652,645.232,6452189.219,1873378.295,12.3,7,2,51.33,12.04,1,102,208,0,3,2,1,90,154,165.86,3.23,lankershim
144,1029,614,1118935782800,4.876,650.829,6452191.895,1873383.33,12.3,7,2,51.34,11.11,1,102,208,0,3,2,1,90,154,165.73,3.23,lankershim
144,1030,614,1118935782900,5.144,656.596,6452194.726,1873388.498,12.3,7,2,51.32,7.94,1,102,208,0,3,2,1,90,154,165.52,3.23,lankershim
144,1031,614,1118935783000,5.273,662.588,6452197.255,1873393.424,12.3,7,2,51.31,5.95,1,102,208,0,3,2,1,90,154,165.16,3.22,lankershim
144,1032,614,1118935783100,5.287,668.814,6452199.942,1873399.158,12.3,7,2,51.3,13.09,1,102,208,0,3,2,1,90,154,164.59,3.21,lankershim
144,1033,614,1118935783200,5.232,675.252,6452202.746,1873405.08,12.3,7,2,51.3,12.2,1,102,208,0,3,2,1,90,154,163.79,3.19,lankershim
144,1034,614,1118935783300,5.142,682.026,6452205.732,1873411.324,12.3,7,2,51.31,-4.37,1,102,208,0,3,2,1,90,154,162.68,3.17,lankershim
144,1035,614,1118935783400,4.988,688.583,6452208.503,1873417.52,12.3,7,2,51.33,-9.71,1,102,208,0,3,2,1,90,154,161.91,3.15,lankershim
144,1036,614,1118935783500,4.78,694.925,6452211.123,1873423.432,12.3,7,2,51.34,-10.93,1,102,208,0,3,2,1,90,154,161.39,3.14,lankershim
144,1037,614,1118935783600,4.509,701.057,6452213.395,1873428.768,12.3,7,2,51.35,-11.2,1,102,208,0,3,2,1,90,154,161.05,3.14,lankershim
144,1038,614,1118935783700,4.297,706.936,6452215.732,1873434.105,12.3,7,2,51.35,-5.22,1,102,208,0,3,2,1,90,154,160.86,3.13,lankershim
144,1039,614,1118935783800,4.085,712.717,6452218.069,1873439.44,12.3,7,2,51.35,-0.42,1,102,208,0,3,2,1,90,154,160.75,3.13,lankershim
144,1040,614,1118935783900,3.873,718.54,6452220.406,1873444.775,12.3,7,2,51.34,0.04,1,102,208,0,3,2,1,90,154,160.65,3.13,lankershim
144,1041,614,1118935784000,3.661,724.36,6452222.743,1873450.11,12.3,7,2,51.34,-0.22,1,102,208,0,3,2,1,90,154,160.58,3.13,lankershim
144,1042,614,1118935784100,3.443,730.178,6452225.074,1873455.446,12.3,7,2,51.34,-1.07,1,102,208,0,3,2,1,90,154,160.51,3.13,lankershim
144,1043,614,1118935784200,3.232,735.997,6452227.41,1873460.779,12.3,7,2,51.33,-2.14,1,102,208,0,3,2,1,90,154,160.45,3.13,lankershim
144,1044,614,1118935784300,3.048,741.819,6452229.772,1873466.102,12.3,7,2,51.33,-2.64,1,102,208,0,3,2,1,90,154,160.38,3.12,lankershim
144,1045,614,1118935784400,2.9,747.645,6452232.17,1873471.415,12.3,7,2,51.32,-2.13,1,102,208,0,3,2,1,90,154,160.31,3.12,lankershim
144,1046,614,1118935784500,2.78,753.499,6452234.594,1873476.719,12.3,7,2,51.31,-6.2,1,102,208,0,3,2,1,90,154,160.2,3.12,lankershim
144,1047,614,1118935784600,2.666,759.31,6452237.023,1873482.021,12.3,7,2,51.3,8.85,1,102,208,0,3,2,1,90,154,160.13,3.12,lankershim
142,928,"1,156",1118935772700,39.862,279.046,6452051.493,1873039.703,15,6.5,2,7.74,-0.38,3,101,208,0,2,2,1,100,184,32.42,4.19,lankershim
142,929,"1,156",1118935772800,39.875,279.816,6452051.831,1873040.397,15,6.5,2,7.72,0,3,101,208,0,2,2,1,100,184,32.58,4.22,lankershim
142,930,"1,156",1118935772900,39.889,280.588,6452052.17,1873041.091,15,6.5,2,7.72,0,3,101,208,0,2,2,1,100,184,32.73,4.24,lankershim
142,931,"1,156",1118935773000,39.902,281.36,6452052.508,1873041.785,15,6.5,2,7.72,-0.03,3,101,208,0,2,2,1,100,184,32.89,4.26,lankershim
142,932,"1,156",1118935773100,39.915,282.131,6452052.846,1873042.479,15,6.5,2,7.72,0,3,101,208,0,2,2,1,100,184,33.04,4.28,lankershim
142,933,"1,156",1118935773200,39.927,282.906,6452053.184,1873043.173,15,6.5,2,7.69,-0.48,3,101,208,0,2,2,1,100,184,33.15,4.31,lankershim
142,934,"1,156",1118935773300,39.943,283.669,6452053.522,1873043.867,15,6.5,2,7.68,-0.44,3,101,208,0,2,2,1,100,184,33.38,4.35,lankershim
142,935,"1,156",1118935773400,39.954,284.408,6452053.86,1873044.561,15,6.5,2,7.96,4.45,3,101,208,0,2,2,1,100,184,33.83,4.25,lankershim
142,936,"1,156",1118935773500,39.95,285.191,6452054.174,1873045.204,15,6.5,2,8.84,11.19,3,101,208,0,2,2,1,100,184,34.45,3.9,lankershim
142,937,"1,156",1118935773600,39.937,286.172,6452054.511,1873046.018,15,6.5,2,10.41,11.24,3,101,208,0,2,2,1,100,184,35.11,3.37,lankershim
142,938,"1,156",1118935773700,39.936,287.325,6452054.997,1873047.053,15,6.5,2,12.52,11.36,3,101,208,0,2,2,1,100,184,35.8,2.86,lankershim
142,939,"1,156",1118935773800,39.963,288.676,6452055.594,1873048.276,15,6.5,2,14.63,11.24,3,101,208,0,2,2,1,100,184,36.51,2.5,lankershim
142,940,"1,156",1118935773900,40.003,290.2,6452056.34,1873049.721,15,6.5,2,16.21,11.19,3,101,208,0,2,2,1,100,184,37.13,2.29,lankershim
142,941,"1,156",1118935774000,40.034,291.922,6452057.11,1873051.336,15,6.5,2,17.08,4.44,3,101,208,0,2,2,1,100,184,37.54,2.2,lankershim
142,942,"1,156",1118935774100,40.051,293.687,6452057.855,1873052.9,15,6.5,2,17.37,-0.46,3,101,208,0,2,2,1,100,184,37.88,2.18,lankershim
142,943,"1,156",1118935774200,40.062,295.429,6452058.6,1873054.465,15,6.5,2,17.36,-0.48,3,101,208,0,2,2,1,100,184,38.25,2.2,lankershim
142,944,"1,156",1118935774300,40.076,297.158,6452059.345,1873056.029,15,6.5,2,17.33,0,3,101,208,0,2,2,1,100,184,38.62,2.23,lankershim
142,945,"1,156",1118935774400,40.09,298.891,6452060.09,1873057.593,15,6.5,2,17.33,0,3,101,208,0,2,2,1,100,184,39.01,2.25,lankershim
142,946,"1,156",1118935774500,40.104,300.624,6452060.836,1873059.157,15,6.5,2,17.32,0,3,101,208,0,2,2,1,100,184,39.47,2.28,lankershim
142,947,"1,156",1118935774600,40.118,302.356,6452061.581,1873060.721,15,6.5,2,17.32,0,3,101,208,0,2,2,1,100,184,40.14,2.32,lankershim
142,948,"1,156",1118935774700,40.132,304.088,6452062.326,1873062.285,15,6.5,2,17.32,0,3,101,208,0,2,2,1,100,184,41.42,2.39,lankershim
142,949,"1,156",1118935774800,40.146,305.82,6452063.071,1873063.849,15,6.5,2,17.32,0,3,101,208,0,2,2,1,100,184,43.04,2.49,lankershim
142,950,"1,156",1118935774900,40.16,307.553,6452063.816,1873065.413,15,6.5,2,17.32,0,3,101,208,0,2,2,1,100,184,44.98,2.6,lankershim
142,951,"1,156",1118935775000,40.174,309.285,6452064.561,1873066.977,15,6.5,2,17.32,0,3,101,208,0,2,2,1,100,184,46.61,2.69,lankershim
142,952,"1,156",1118935775100,40.188,311.017,6452065.306,1873068.541,15,6.5,2,17.32,0,3,101,208,0,2,2,1,100,184,47.92,2.77,lankershim
142,953,"1,156",1118935775200,40.2,312.751,6452066.051,1873070.105,15,6.5,2,17.31,0.19,3,101,208,0,2,2,1,100,184,48.59,2.81,lankershim
142,954,"1,156",1118935775300,40.218,314.482,6452066.796,1873071.669,15,6.5,2,17.29,-0.19,3,101,208,0,2,2,1,100,184,49.17,2.84,lankershim
142,955,"1,156",1118935775400,40.248,316.205,6452067.541,1873073.233,15,6.5,2,17.32,-1.51,3,101,208,0,2,2,1,100,184,49.77,2.87,lankershim
142,956,"1,156",1118935775500,40.266,317.923,6452068.305,1873074.77,15,6.5,2,17.52,5.46,3,101,208,0,2,2,1,100,184,50.42,2.88,lankershim
142,957,"1,156",1118935775600,40.227,319.66,6452069.024,1873076.345,15,6.5,2,18.09,9.44,3,101,208,0,2,2,1,100,184,51.15,2.83,lankershim
142,958,"1,156",1118935775700,40.11,321.486,6452069.659,1873078.044,15,6.5,2,19.07,11.35,3,101,208,0,2,2,1,100,184,51.93,2.72,lankershim
142,959,"1,156",1118935775800,39.965,323.447,6452070.33,1873079.862,15,6.5,2,20.18,10.56,3,101,208,0,2,2,1,100,184,52.66,2.61,lankershim
142,960,"1,156",1118935775900,39.884,325.542,6452071.136,1873081.861,15,6.5,2,21.09,5.66,3,101,208,0,2,2,1,100,184,53.29,2.53,lankershim
142,961,"1,156",1118935776000,39.878,327.723,6452072.094,1873083.825,15,6.5,2,21.58,2.04,3,101,208,0,2,2,1,100,184,53.82,2.49,lankershim
142,962,"1,156",1118935776100,39.869,329.899,6452073.05,1873085.785,15,6.5,2,21.8,4.55,3,101,208,0,2,2,1,100,184,54.41,2.5,lankershim
142,963,"1,156",1118935776200,39.787,332.066,6452073.855,1873087.785,15,6.5,2,22.09,5.08,3,101,208,0,2,2,1,100,184,55.09,2.49,lankershim
142,964,"1,156",1118935776300,39.65,334.282,6452074.626,1873089.82,15,6.5,2,22.54,5.01,3,101,208,0,2,2,1,100,184,55.82,2.48,lankershim
142,965,"1,156",1118935776400,39.551,336.57,6452075.511,1873091.983,15,6.5,2,22.96,-4.8,3,101,208,0,2,2,1,100,184,56.51,2.46,lankershim
142,966,"1,156",1118935776500,39.544,338.905,6452076.515,1873094.108,15,6.5,2,23.26,4.91,3,101,208,0,2,2,1,100,184,57.15,2.46,lankershim
142,967,"1,156",1118935776600,39.627,341.335,6452077.557,1873096.18,15,6.5,2,26.13,10.65,3,101,208,0,2,2,1,100,184,57.69,2.21,lankershim
142,968,"1,156",1118935776700,39.652,344.428,6452078.604,1873098.263,15,6.5,2,32.73,15.84,3,101,208,0,2,2,1,100,184,57.56,1.76,lankershim
142,969,"1,156",1118935776800,39.488,347.878,6452079.594,1873100.401,15,6.5,2,37.9,15.84,3,101,208,2,0,2,1,100,184,57.08,1.51,lankershim
142,970,"1,156",1118935776900,39.212,351.703,6452080.552,1873102.694,15,6.5,2,38.79,-3.84,3,101,208,2,0,2,1,100,184,56.26,1.45,lankershim
142,971,"1,156",1118935777000,38.735,355.284,6452081.548,1873105.171,15,6.5,2,35.11,-11.22,3,101,208,2,0,2,1,100,184,55.76,1.59,lankershim
142,972,"1,156",1118935777100,38.291,358.614,6452082.58,1873107.637,15,6.5,2,29.3,-12.74,3,101,208,2,0,2,1,100,184,55.61,1.9,lankershim
142,973,"1,156",1118935777200,37.95,361.319,6452083.729,1873110.06,15,6.5,2,26.79,-4.07,3,101,208,2,0,2,1,100,184,56.13,2.1,lankershim
142,974,"1,156",1118935777300,37.66,363.98,6452084.916,1873112.43,15,6.5,2,26.96,2.01,3,101,208,2,0,2,1,100,184,56.72,2.1,lankershim
142,975,"1,156",1118935777400,37.383,366.67,6452086.097,1873114.855,15,6.5,2,27.18,2.6,3,101,208,2,0,2,1,100,184,57.3,2.11,lankershim
142,976,"1,156",1118935777500,37.104,369.384,6452087.312,1873117.349,15,6.5,2,27.46,3.36,3,101,208,2,0,2,1,100,184,57.88,2.11,lankershim
142,977,"1,156",1118935777600,36.806,372.12,6452088.532,1873119.786,15,6.5,2,27.86,6.43,3,101,208,2,0,2,1,100,184,58.43,2.1,lankershim
142,978,"1,156",1118935777700,36.45,374.888,6452089.721,1873122.292,15,6.5,2,28.43,9.23,3,101,208,2,0,2,1,100,184,58.96,2.07,lankershim
142,979,"1,156",1118935777800,36.001,377.731,6452090.845,1873124.945,15,6.5,2,29.11,7.58,3,101,208,2,0,2,1,100,184,59.47,2.04,lankershim
142,980,"1,156",1118935777900,35.5,380.654,6452091.968,1873127.703,15,6.5,2,29.65,3.77,3,101,208,2,0,2,1,100,184,59.98,2.02,lankershim
142,981,"1,156",1118935778000,35.036,383.616,6452093.158,1873130.493,15,6.5,2,30.01,-4.93,3,101,208,2,0,2,1,100,184,60.5,2.02,lankershim
142,982,"1,156",1118935778100,34.659,386.597,6452094.433,1873133.176,15,6.5,2,30.37,1.71,3,101,208,2,0,2,1,100,184,61,2.01,lankershim
142,983,"1,156",1118935778200,34.348,389.621,6452095.786,1873135.886,15,6.5,2,30.92,7.03,3,101,208,2,0,2,1,100,184,61.44,1.99,lankershim
142,984,"1,156",1118935778300,34.028,392.728,6452097.18,1873138.68,15,6.5,2,31.6,8.77,3,101,208,2,0,2,1,100,184,61.95,1.96,lankershim
142,985,"1,156",1118935778400,33.628,395.918,6452098.567,1873141.594,15,6.5,2,32.18,7.65,3,101,208,2,0,2,1,100,184,61.98,1.93,lankershim
142,986,"1,156",1118935778500,33.135,399.144,6452099.865,1873144.604,15,6.5,2,32.47,3.06,3,101,208,2,0,2,1,100,184,61.85,1.9,lankershim
142,987,"1,156",1118935778600,32.6,402.366,6452101.112,1873147.617,15,6.5,2,32.53,-2.91,3,101,208,2,0,2,1,100,184,61.45,1.89,lankershim
142,988,"1,156",1118935778700,32.111,405.569,6452102.396,1873150.601,15,6.5,2,32.58,-5.49,3,101,208,2,0,2,1,100,184,61.36,1.88,lankershim
142,989,"1,156",1118935778800,31.704,408.786,6452103.783,1873153.513,15,6.5,2,32.88,2.73,3,101,208,2,0,2,1,100,184,61.41,1.87,lankershim
142,990,"1,156",1118935778900,31.351,412.069,6452105.243,1873156.443,15,6.5,2,33.35,5.81,3,101,208,2,0,2,1,100,184,61.72,1.85,lankershim
142,991,"1,156",1118935779000,31.013,415.434,6452106.735,1873159.506,15,6.5,2,33.72,3.2,3,101,208,2,0,2,1,100,184,62.07,1.84,lankershim
142,992,"1,156",1118935779100,30.648,418.828,6452108.27,1873162.589,15,6.5,2,33.8,4.21,3,101,208,2,0,2,1,100,184,62.48,1.85,lankershim
142,993,"1,156",1118935779200,30.225,422.177,6452109.723,1873165.638,15,6.5,2,33.72,5.33,3,101,208,2,0,2,1,100,184,63.02,1.87,lankershim
142,994,"1,156",1118935779300,29.725,425.479,6452111.032,1873168.673,15,6.5,2,33.81,3.89,3,101,208,2,0,2,1,100,184,63.63,1.88,lankershim
142,995,"1,156",1118935779400,29.177,428.807,6452112.32,1873171.769,15,6.5,2,34.17,5.5,3,101,208,2,0,2,1,100,184,64.18,1.88,lankershim
142,996,"1,156",1118935779500,28.669,432.22,6452113.704,1873174.957,15,6.5,2,34.63,-2.04,3,101,208,2,0,2,1,100,184,64.6,1.87,lankershim
142,997,"1,156",1118935779600,28.25,435.702,6452115.224,1873178.142,15,6.5,2,34.93,-2.44,3,101,208,2,0,2,1,100,184,64.99,1.86,lankershim
142,998,"1,156",1118935779700,27.877,439.195,6452116.81,1873181.263,15,6.5,2,35,2.92,3,101,208,2,0,2,1,100,184,65.44,1.87,lankershim
142,999,"1,156",1118935779800,27.46,442.657,6452118.317,1873184.422,15,6.5,2,35.08,6.37,3,101,208,2,0,2,1,100,184,65.99,1.88,lankershim
142,1000,"1,156",1118935779900,26.947,446.116,6452119.7,1873187.608,15,6.5,2,35.38,5.41,3,101,208,2,0,2,1,100,184,66.54,1.88,lankershim
142,1001,"1,156",1118935780000,26.377,449.622,6452121.067,1873190.867,15,6.5,2,35.85,5.54,3,101,208,2,0,2,1,100,184,67.03,1.87,lankershim
142,1002,"1,156",1118935780100,25.853,453.265,6452122.53,1873194.217,15,6.5,2,35.78,-6.61,3,101,208,2,0,2,1,100,184,67.38,1.88,lankershim
142,1003,"1,156",1118935780200,25.389,456.74,6452124.111,1873197.528,15,6.5,2,33.86,-12.62,3,101,208,2,0,2,1,100,184,67.95,2.01,lankershim
142,1004,"1,156",1118935780300,24.983,459.919,6452125.776,1873200.811,15,6.5,2,30.9,-13.19,3,101,208,2,0,2,1,100,184,68.91,2.23,lankershim
142,1005,"1,156",1118935780400,24.654,462.914,6452127.349,1873204.105,15,6.5,2,29.5,-8.34,3,101,208,2,0,2,1,100,184,70.08,2.38,lankershim
142,1006,"1,156",1118935780500,24.399,465.857,6452128.832,1873207.496,15,6.5,2,30.62,7.82,3,101,208,2,0,2,1,100,184,71.25,2.33,lankershim
142,1007,"1,156",1118935780600,24.233,469.063,6452130.306,1873210.976,15,6.5,2,33.67,8.82,3,101,208,2,0,2,1,100,184,72.12,2.14,lankershim
142,1008,"1,156",1118935780700,24.141,472.502,6452131.814,1873214.418,15,6.5,2,36.54,9.46,3,101,208,2,0,2,1,100,184,72.79,1.99,lankershim
142,1009,"1,156",1118935780800,24.104,476.3,6452133.429,1873217.797,15,6.5,2,37.59,-4.73,3,101,208,2,0,2,1,100,184,73.22,1.95,lankershim
142,1010,"1,156",1118935780900,24.129,480.054,6452135.087,1873221.134,15,6.5,2,37.8,3.57,3,101,208,2,0,2,1,100,184,73.79,1.95,lankershim
142,1011,"1,156",1118935781000,24.176,483.851,6452136.752,1873224.552,15,6.5,2,38.05,1.93,3,101,208,0,3,2,1,100,184,74.37,1.95,lankershim
142,1012,"1,156",1118935781100,24.201,487.686,6452138.464,1873228,15,6.5,2,38.15,4.88,3,101,208,0,3,2,1,100,184,74.91,1.96,lankershim
142,1013,"1,156",1118935781200,24.164,491.509,6452140.124,1873231.473,15,6.5,2,38.13,5.84,3,101,208,0,3,2,1,100,184,75.44,1.98,lankershim
142,1014,"1,156",1118935781300,24.046,495.3,6452141.64,1873234.931,15,6.5,2,38.18,3.15,3,101,208,0,3,2,1,100,184,76,1.99,lankershim
142,1015,"1,156",1118935781400,23.883,499.104,6452143.106,1873238.393,15,6.5,2,38.43,3.08,3,101,208,0,3,2,1,100,184,76.56,1.99,lankershim
142,1016,"1,156",1118935781500,23.765,502.963,6452144.676,1873241.963,15,6.5,2,38.79,-4.34,3,101,208,0,3,2,1,100,184,77.06,1.99,lankershim
142,1017,"1,156",1118935781600,23.729,506.876,6452146.369,1873245.503,15,6.5,2,39.08,-4.29,3,101,208,0,3,2,1,100,184,77.5,1.98,lankershim
142,1018,"1,156",1118935781700,23.751,510.8,6452148.114,1873249.019,15,6.5,2,39.25,1.89,3,101,208,0,3,2,1,100,184,77.93,1.99,lankershim
142,1019,"1,156",1118935781800,23.783,514.724,6452149.824,1873252.531,15,6.5,2,39.42,2.18,3,101,208,0,3,2,1,100,184,78.36,1.99,lankershim
142,1020,"1,156",1118935781900,23.805,518.66,6452151.551,1873256.074,15,6.5,2,39.76,4.58,3,101,208,0,3,2,1,100,184,78.79,1.98,lankershim
142,1021,"1,156",1118935782000,23.815,522.632,6452153.303,1873259.67,15,6.5,2,40.46,8.73,3,101,208,0,3,2,1,100,184,79.17,1.96,lankershim
142,1022,"1,156",1118935782100,23.818,526.718,6452155.05,1873263.274,15,6.5,2,41.58,11.2,3,101,208,0,3,2,1,100,184,79.44,1.91,lankershim
142,1023,"1,156",1118935782200,23.822,530.958,6452156.868,1873267.082,15,6.5,2,43.06,11.21,3,101,208,0,3,2,1,100,184,79.56,1.85,lankershim
142,1024,"1,156",1118935782300,23.833,535.342,6452158.791,1873271.028,15,6.5,2,44.67,11.2,3,101,208,0,3,2,1,100,184,79.51,1.78,lankershim
142,1025,"1,156",1118935782400,23.847,539.865,6452160.806,1873275.136,15,6.5,2,45.98,10.94,3,101,208,0,3,2,1,100,184,79.3,1.72,lankershim
142,1026,"1,156",1118935782500,23.849,544.558,6452162.851,1873279.402,15,6.5,2,46.78,4.9,3,101,208,0,3,2,1,100,184,79.12,1.69,lankershim
142,1027,"1,156",1118935782600,23.836,549.306,6452164.888,1873283.653,15,6.5,2,46.96,-1.5,3,101,208,0,3,2,1,100,184,79.1,1.68,lankershim
142,1028,"1,156",1118935782700,23.827,554.036,6452166.932,1873287.925,15,6.5,2,46.5,-7.5,3,101,208,0,3,2,1,100,184,79.38,1.71,lankershim
142,1029,"1,156",1118935782800,23.83,558.664,6452168.965,1873292.137,15,6.5,2,45.5,-11.15,3,101,208,0,3,2,1,100,184,80.04,1.76,lankershim
142,1030,"1,156",1118935782900,23.845,563.14,6452170.939,1873296.163,15,6.5,2,44.13,-11.15,3,101,208,0,3,2,1,100,184,81.15,1.84,lankershim
142,1031,"1,156",1118935783000,23.871,567.491,6452172.834,1873300.071,15,6.5,2,42.77,-11.16,3,101,208,0,3,2,1,100,184,82.27,1.92,lankershim
142,1032,"1,156",1118935783100,23.906,571.687,6452174.67,1873303.791,15,6.5,2,41.8,-7.06,3,101,208,0,3,2,1,100,184,83.28,1.99,lankershim
142,1033,"1,156",1118935783200,23.952,575.796,6452176.494,1873307.453,15,6.5,2,41.32,-1.96,3,101,208,0,3,2,1,100,184,84.16,2.04,lankershim
142,1034,"1,156",1118935783300,24.004,579.899,6452178.33,1873311.147,15,6.5,2,41.2,0.35,3,101,208,0,3,2,1,100,184,84.68,2.06,lankershim
142,1035,"1,156",1118935783400,24.054,584.02,6452180.165,1873314.841,15,6.5,2,41.23,0.3,3,101,208,0,3,2,1,100,184,85.54,2.07,lankershim
142,1036,"1,156",1118935783500,24.103,588.147,6452182.001,1873318.535,15,6.5,2,41.25,0,3,101,208,0,3,2,1,100,184,86.61,2.1,lankershim
142,1037,"1,156",1118935783600,24.153,592.272,6452183.837,1873322.229,15,6.5,2,41.25,0,3,101,208,0,3,2,1,100,184,87.92,2.13,lankershim
142,1038,"1,156",1118935783700,24.203,596.397,6452185.673,1873325.923,15,6.5,2,41.25,0,3,101,208,0,3,2,1,100,184,89.55,2.17,lankershim
142,1039,"1,156",1118935783800,24.252,600.521,6452187.509,1873329.617,15,6.5,2,41.25,0,3,101,208,0,3,2,1,100,184,90.93,2.2,lankershim
142,1040,"1,156",1118935783900,24.302,604.646,6452189.345,1873333.311,15,6.5,2,41.24,0,3,101,208,0,3,2,1,100,184,92.18,2.24,lankershim
142,1041,"1,156",1118935784000,24.351,608.77,6452191.181,1873337.004,15,6.5,2,41.24,0,3,101,208,0,3,2,1,100,184,93.27,2.26,lankershim
142,1042,"1,156",1118935784100,24.401,612.895,6452193.016,1873340.698,15,6.5,2,41.24,0,3,101,208,0,3,2,1,100,184,94.35,2.29,lankershim
142,1043,"1,156",1118935784200,24.45,617.019,6452194.852,1873344.392,15,6.5,2,41.24,0,3,101,208,0,3,2,1,100,184,95.44,2.31,lankershim
142,1044,"1,156",1118935784300,24.5,621.143,6452196.688,1873348.085,15,6.5,2,41.24,0,3,101,208,0,3,2,1,100,184,96.55,2.34,lankershim
142,1045,"1,156",1118935784400,24.55,625.273,6452198.524,1873351.779,15,6.5,2,41.2,-0.73,3,101,208,0,3,2,1,100,184,97.66,2.37,lankershim
142,1046,"1,156",1118935784500,24.599,629.379,6452200.359,1873355.473,15,6.5,2,41.22,0.64,3,101,208,0,3,2,1,100,184,98.77,2.4,lankershim
142,1047,"1,156",1118935784600,24.64,633.46,6452202.195,1873359.166,15,6.5,2,41.72,7.64,3,101,208,0,3,2,1,100,184,99.9,2.39,lankershim
